#pragma once

#include <Arduino.h>

// Kaynak: C:/Users/Admin/Desktop/connected.jpg
// Gorsel oldugu gibi orani korunarak 240x320 icine sigdirildi ve ortalandi.
// Panel BGR modunda oldugu icin R/B kanallari takas edildi.

static const uint16_t BOOT_IMAGE_WIDTH = 240;
static const uint16_t BOOT_IMAGE_HEIGHT = 320;
static const uint16_t BOOT_IMAGE_X = 0;
static const uint16_t BOOT_IMAGE_Y = 0;

// Eleman: 76800, flash: 153600 bayt
static const uint16_t PROGMEM BOOT_IMAGE[] = {
  0x0000, 0x0000, 0x0000, 0x0000, 0x0000, 0x0000, 0x0000, 0x0000, 0x0000, 0x0000, 0x0000, 0x0000,
  0x0000, 0x0000, 0x0000, 0x0000, 0x0000, 0x0000, 0x0000, 0x0000, 0x0000, 0x0000, 0x0000, 0x0000,
  0x0000, 0x0000, 0x0000, 0x0000, 0x0000, 0x0000, 0x0000, 0x0000, 0x0000, 0x0000, 0x0000, 0x0000,
  0x0000, 0x0000, 0x0000, 0x0000, 0x0000, 0x0000, 0x0000, 0x0000, 0x0000, 0x0000, 0x0000, 0x0000,
  0x0000, 0x0000, 0x0000, 0x0000, 0x0000, 0x0000, 0x0000, 0x0000, 0x0000, 0x0000, 0x0000, 0x0000,
  0x0000, 0x0000, 0x0000, 0x0000, 0x0000, 0x0000, 0x0000, 0x0000, 0x0000, 0x0000, 0x0000, 0x0000,
  0x0000, 0x0000, 0x0000, 0x0000, 0x0000, 0x0000, 0x0000, 0x0000, 0x0000, 0x0000, 0x0000, 0x0000,
  0x0000, 0x0000, 0x0000, 0x0000, 0x0000, 0x0000, 0x0000, 0x0000, 0x0000, 0x0000, 0x0000, 0x0000,
  0x0000, 0x0000, 0x0000, 0x0000, 0x0000, 0x0000, 0x0000, 0x0000, 0x0000, 0x0000, 0x0000, 0x0000,
  0x0000, 0x0000, 0x0000, 0x0000, 0x0000, 0x0000, 0x0000, 0x0000, 0x0000, 0x0000, 0x0000, 0x0000,
  0x0000, 0x0000, 0x0000, 0x0000, 0x0000, 0x0000, 0x0000, 0x0000, 0x0000, 0x0000, 0x0000, 0x0000,
  0x0000, 0x0000, 0x0000, 0x0000, 0x0000, 0x0000, 0x0000, 0x0000, 0x0000, 0x0000, 0x0000, 0x0000,
  0x0000, 0x0000, 0x0000, 0x0000, 0x0000, 0x0000, 0x0000, 0x0000, 0x0000, 0x0000, 0x0000, 0x0000,
  0x0000, 0x0000, 0x0000, 0x0000, 0x0000, 0x0000, 0x0000, 0x0000, 0x0000, 0x0000, 0x0000, 0x0000,
  0x0000, 0x0000, 0x0000, 0x0000, 0x0000, 0x0000, 0x0000, 0x0000, 0x0000, 0x0000, 0x0000, 0x0000,
  0x0000, 0x0000, 0x0000, 0x0000, 0x0000, 0x0000, 0x0000, 0x0000, 0x0000, 0x0000, 0x0000, 0x0000,
  0x0000, 0x0000, 0x0000, 0x0000, 0x0000, 0x0000, 0x0000, 0x0000, 0x0000, 0x0000, 0x0000, 0x0000,
  0x0000, 0x0000, 0x0000, 0x0000, 0x0000, 0x0000, 0x0000, 0x0000, 0x0000, 0x0000, 0x0000, 0x0000,
  0x0000, 0x0000, 0x0000, 0x0000, 0x0000, 0x0000, 0x0000, 0x0000, 0x0000, 0x0000, 0x0000, 0x0000,
  0x0000, 0x0000, 0x0000, 0x0000, 0x0000, 0x0000, 0x0000, 0x0000, 0x0000, 0x0000, 0x0000, 0x0000,
  0x0000, 0x0000, 0x0000, 0x0000, 0x0000, 0x0000, 0x0000, 0x0000, 0x0000, 0x0000, 0x0000, 0x0000,
  0x0000, 0x0000, 0x0000, 0x0000, 0x0000, 0x0000, 0x0000, 0x0000, 0x0000, 0x0000, 0x0000, 0x0000,
  0x0000, 0x0000, 0x0000, 0x0000, 0x0000, 0x0000, 0x0000, 0x0000, 0x0000, 0x0000, 0x0000, 0x0000,
  0x0000, 0x0000, 0x0000, 0x0000, 0x0000, 0x0000, 0x0000, 0x0000, 0x0000, 0x0000, 0x0000, 0x0000,
  0x0000, 0x0000, 0x0000, 0x0000, 0x0000, 0x0000, 0x0000, 0x0000, 0x0000, 0x0000, 0x0000, 0x0000,
  0x0000, 0x0000, 0x0000, 0x0000, 0x0000, 0x0000, 0x0000, 0x0000, 0x0000, 0x0000, 0x0000, 0x0000,
  0x0000, 0x0000, 0x0000, 0x0000, 0x0000, 0x0000, 0x0000, 0x0000, 0x0000, 0x0000, 0x0000, 0x0000,
  0x0000, 0x0000, 0x0000, 0x0000, 0x0000, 0x0000, 0x0000, 0x0000, 0x0000, 0x0000, 0x0000, 0x0000,
  0x0000, 0x0000, 0x0000, 0x0000, 0x0000, 0x0000, 0x0000, 0x0000, 0x0000, 0x0000, 0x0000, 0x0000,
  0x0000, 0x0000, 0x0000, 0x0000, 0x0000, 0x0000, 0x0000, 0x0000, 0x0000, 0x0000, 0x0000, 0x0000,
  0x0000, 0x0000, 0x0000, 0x0000, 0x0000, 0x0000, 0x0000, 0x0000, 0x0000, 0x0000, 0x0000, 0x0000,
  0x0000, 0x0000, 0x0000, 0x0000, 0x0000, 0x0000, 0x0000, 0x0000, 0x0000, 0x0000, 0x0000, 0x0000,
  0x0000, 0x0000, 0x0000, 0x0000, 0x0000, 0x0000, 0x0000, 0x0000, 0x0000, 0x0000, 0x0000, 0x0000,
  0x0000, 0x0000, 0x0000, 0x0000, 0x0000, 0x0000, 0x0000, 0x0000, 0x0000, 0x0000, 0x0000, 0x0000,
  0x0000, 0x0000, 0x0000, 0x0000, 0x0000, 0x0000, 0x0000, 0x0000, 0x0000, 0x0000, 0x0000, 0x0000,
  0x0000, 0x0000, 0x0000, 0x0000, 0x0000, 0x0000, 0x0000, 0x0000, 0x0000, 0x0000, 0x0000, 0x0000,
  0x0000, 0x0000, 0x0000, 0x0000, 0x0000, 0x0000, 0x0000, 0x0000, 0x0000, 0x0000, 0x0000, 0x0000,
  0x0000, 0x0000, 0x0000, 0x0000, 0x0000, 0x0000, 0x0000, 0x0000, 0x0000, 0x0000, 0x0000, 0x0000,
  0x0000, 0x0000, 0x0000, 0x0000, 0x0000, 0x0000, 0x0000, 0x0000, 0x0000, 0x0000, 0x0000, 0x0000,
  0x0000, 0x0000, 0x0000, 0x0000, 0x0000, 0x0000, 0x0000, 0x0000, 0x0000, 0x0000, 0x0000, 0x0000,
  0x0000, 0x0000, 0x0000, 0x0000, 0x0000, 0x0000, 0x0000, 0x0000, 0x0000, 0x0000, 0x0000, 0x0000,
  0x0000, 0x0000, 0x0000, 0x0000, 0x0000, 0x0000, 0x0000, 0x0000, 0x0000, 0x0000, 0x0000, 0x0000,
  0x0000, 0x0000, 0x0000, 0x0000, 0x0000, 0x0000, 0x0000, 0x0000, 0x0000, 0x0000, 0x0000, 0x0000,
  0x0000, 0x0000, 0x0000, 0x0000, 0x0000, 0x0000, 0x0000, 0x0000, 0x0000, 0x0000, 0x0000, 0x0000,
  0x0000, 0x0000, 0x0000, 0x0000, 0x0000, 0x0000, 0x0000, 0x0000, 0x0000, 0x0000, 0x0000, 0x0000,
  0x0000, 0x0000, 0x0000, 0x0000, 0x0000, 0x0000, 0x0000, 0x0000, 0x0000, 0x0000, 0x0000, 0x0000,
  0x0000, 0x0000, 0x0000, 0x0000, 0x0000, 0x0000, 0x0000, 0x0000, 0x0000, 0x0000, 0x0000, 0x0000,
  0x0000, 0x0000, 0x0000, 0x0000, 0x0000, 0x0000, 0x0000, 0x0000, 0x0000, 0x0000, 0x0000, 0x0000,
  0x0000, 0x0000, 0x0000, 0x0000, 0x0000, 0x0000, 0x0000, 0x0000, 0x0000, 0x0000, 0x0000, 0x0000,
  0x0000, 0x0000, 0x0000, 0x0000, 0x0000, 0x0000, 0x0000, 0x0000, 0x0000, 0x0000, 0x0000, 0x0000,
  0x0000, 0x0000, 0x0000, 0x0000, 0x0000, 0x0000, 0x0000, 0x0000, 0x0000, 0x0000, 0x0000, 0x0000,
  0x0000, 0x0000, 0x0000, 0x0000, 0x0000, 0x0000, 0x0000, 0x0000, 0x0000, 0x0000, 0x0000, 0x0000,
  0x0000, 0x0000, 0x0000, 0x0000, 0x0000, 0x0000, 0x0000, 0x0000, 0x0000, 0x0000, 0x0000, 0x0000,
  0x0000, 0x0000, 0x0000, 0x0000, 0x0000, 0x0000, 0x0000, 0x0000, 0x0000, 0x0000, 0x0000, 0x0000,
  0x0000, 0x0000, 0x0000, 0x0000, 0x0000, 0x0000, 0x0000, 0x0000, 0x0000, 0x0000, 0x0000, 0x0000,
  0x0000, 0x0000, 0x0000, 0x0000, 0x0000, 0x0000, 0x0000, 0x0000, 0x0000, 0x0000, 0x0000, 0x0000,
  0x0000, 0x0000, 0x0000, 0x0000, 0x0000, 0x0000, 0x0000, 0x0000, 0x0000, 0x0000, 0x0000, 0x0000,
  0x0000, 0x0000, 0x0000, 0x0000, 0x0000, 0x0000, 0x0000, 0x0000, 0x0000, 0x0000, 0x0000, 0x0000,
  0x0000, 0x0000, 0x0000, 0x0000, 0x0000, 0x0000, 0x0000, 0x0000, 0x0000, 0x0000, 0x0000, 0x0000,
  0x0000, 0x0000, 0x0000, 0x0000, 0x0000, 0x0000, 0x0000, 0x0000, 0x0000, 0x0000, 0x0000, 0x0000,
  0x0000, 0x0000, 0x0000, 0x0000, 0x0000, 0x0000, 0x0000, 0x0000, 0x0000, 0x0000, 0x0000, 0x0000,
  0x0000, 0x0000, 0x0000, 0x0000, 0x0000, 0x0000, 0x0000, 0x0000, 0x0000, 0x0000, 0x0000, 0x0000,
  0x0000, 0x0000, 0x0000, 0x0000, 0x0000, 0x0000, 0x0000, 0x0000, 0x0000, 0x0000, 0x0000, 0x0000,
  0x0000, 0x0000, 0x0000, 0x0000, 0x0000, 0x0000, 0x0000, 0x0000, 0x0000, 0x0000, 0x0000, 0x0000,
  0x0000, 0x0000, 0x0000, 0x0000, 0x0000, 0x0000, 0x0000, 0x0000, 0x0000, 0x0000, 0x0000, 0x0000,
  0x0000, 0x0000, 0x0000, 0x0000, 0x0000, 0x0000, 0x0000, 0x0000, 0x0000, 0x0000, 0x0000, 0x0000,
  0x0000, 0x0000, 0x0000, 0x0000, 0x0000, 0x0000, 0x0000, 0x0000, 0x0000, 0x0000, 0x0000, 0x0000,
  0x0000, 0x0000, 0x0000, 0x0000, 0x0000, 0x0000, 0x0000, 0x0000, 0x0000, 0x0000, 0x0000, 0x0000,
  0x0000, 0x0000, 0x0000, 0x0000, 0x0000, 0x0000, 0x0000, 0x0000, 0x0000, 0x0000, 0x0000, 0x0000,
  0x0000, 0x0000, 0x0000, 0x0000, 0x0000, 0x0000, 0x0000, 0x0000, 0x0000, 0x0000, 0x0000, 0x0000,
  0x0000, 0x0000, 0x0000, 0x0000, 0x0000, 0x0000, 0x0000, 0x0000, 0x0000, 0x0000, 0x0000, 0x0000,
  0x0000, 0x0000, 0x0000, 0x0000, 0x0000, 0x0000, 0x0000, 0x0000, 0x0000, 0x0000, 0x0000, 0x0000,
  0x0000, 0x0000, 0x0000, 0x0000, 0x0000, 0x0000, 0x0000, 0x0000, 0x0000, 0x0000, 0x0000, 0x0000,
  0x0000, 0x0000, 0x0000, 0x0000, 0x0000, 0x0000, 0x0000, 0x0000, 0x0000, 0x0000, 0x0000, 0x0000,
  0x0000, 0x0000, 0x0000, 0x0000, 0x0000, 0x0000, 0x0000, 0x0000, 0x0000, 0x0000, 0x0000, 0x0000,
  0x0000, 0x0000, 0x0000, 0x0000, 0x0000, 0x0000, 0x0000, 0x0000, 0x0000, 0x0000, 0x0000, 0x0000,
  0x0000, 0x0000, 0x0000, 0x0000, 0x0000, 0x0000, 0x0000, 0x0000, 0x0000, 0x0000, 0x0000, 0x0000,
  0x0000, 0x0000, 0x0000, 0x0000, 0x0000, 0x0000, 0x0000, 0x0000, 0x0000, 0x0000, 0x0000, 0x0000,
  0x0000, 0x0000, 0x0000, 0x0000, 0x0000, 0x0000, 0x0000, 0x0000, 0x0000, 0x0000, 0x0000, 0x0000,
  0x0000, 0x0000, 0x0000, 0x0000, 0x0000, 0x0000, 0x0000, 0x0000, 0x0000, 0x0000, 0x0000, 0x0000,
  0x0000, 0x0000, 0x0000, 0x0000, 0x0000, 0x0000, 0x0000, 0x0000, 0x0000, 0x0000, 0x0000, 0x0000,
  0x0000, 0x0000, 0x0000, 0x0000, 0x0000, 0x0000, 0x0000, 0x0000, 0x0000, 0x0000, 0x0000, 0x0000,
  0x0000, 0x0000, 0x0000, 0x0000, 0x0000, 0x0000, 0x0000, 0x0000, 0x0000, 0x0000, 0x0000, 0x0000,
  0x0000, 0x0000, 0x0000, 0x0000, 0x0000, 0x0000, 0x0000, 0x0000, 0x0000, 0x0000, 0x0000, 0x0000,
  0x0000, 0x0000, 0x0000, 0x0000, 0x0000, 0x0000, 0x0000, 0x0000, 0x0000, 0x0000, 0x0000, 0x0000,
  0x0000, 0x0000, 0x0000, 0x0000, 0x0000, 0x0000, 0x0000, 0x0000, 0x0000, 0x0000, 0x0000, 0x0000,
  0x0000, 0x0000, 0x0000, 0x0000, 0x0000, 0x0000, 0x0000, 0x0000, 0x0000, 0x0000, 0x0000, 0x0000,
  0x0000, 0x0000, 0x0000, 0x0000, 0x0000, 0x0000, 0x0000, 0x0000, 0x0000, 0x0000, 0x0000, 0x0000,
  0x0000, 0x0000, 0x0000, 0x0000, 0x0000, 0x0000, 0x0000, 0x0000, 0x0000, 0x0000, 0x0000, 0x0000,
  0x0000, 0x0000, 0x0000, 0x0000, 0x0000, 0x0000, 0x0000, 0x0000, 0x0000, 0x0000, 0x0000, 0x0000,
  0x0000, 0x0000, 0x0000, 0x0000, 0x0000, 0x0000, 0x0000, 0x0000, 0x0000, 0x0000, 0x0000, 0x0000,
  0x0000, 0x0000, 0x0000, 0x0000, 0x0000, 0x0000, 0x0000, 0x0000, 0x0000, 0x0000, 0x0000, 0x0000,
  0x0000, 0x0000, 0x0000, 0x0000, 0x0000, 0x0000, 0x0000, 0x0000, 0x0000, 0x0000, 0x0000, 0x0000,
  0x0000, 0x0000, 0x0000, 0x0000, 0x0000, 0x0000, 0x0000, 0x0000, 0x0000, 0x0000, 0x0000, 0x0000,
  0x0000, 0x0000, 0x0000, 0x0000, 0x0000, 0x0000, 0x0000, 0x0000, 0x0000, 0x0000, 0x0000, 0x0000,
  0x0000, 0x0000, 0x0000, 0x0000, 0x0000, 0x0000, 0x0000, 0x0000, 0x0000, 0x0000, 0x0000, 0x0000,
  0x0000, 0x0000, 0x0000, 0x0000, 0x0000, 0x0000, 0x0000, 0x0000, 0x0000, 0x0000, 0x0000, 0x0000,
  0x0000, 0x0000, 0x0000, 0x0000, 0x0000, 0x0000, 0x0000, 0x0000, 0x0000, 0x0000, 0x0000, 0x0000,
  0x0000, 0x0000, 0x0000, 0x0000, 0x0000, 0x0000, 0x0000, 0x0000, 0x0000, 0x0000, 0x0000, 0x0000,
  0x0000, 0x0000, 0x0000, 0x0000, 0x0000, 0x0000, 0x0000, 0x0000, 0x0000, 0x0000, 0x0000, 0x0000,
  0x0000, 0x0000, 0x0000, 0x0000, 0x0000, 0x0000, 0x0000, 0x0000, 0x0000, 0x0000, 0x0000, 0x0000,
  0x0000, 0x0000, 0x0000, 0x0000, 0x0000, 0x0000, 0x0000, 0x0000, 0x0000, 0x0000, 0x0000, 0x0000,
  0x0000, 0x0000, 0x0000, 0x0000, 0x0000, 0x0000, 0x0000, 0x0000, 0x0000, 0x0000, 0x0000, 0x0000,
  0x0000, 0x0000, 0x0000, 0x0000, 0x0000, 0x0000, 0x0000, 0x0000, 0x0000, 0x0000, 0x0000, 0x0000,
  0x0000, 0x0000, 0x0000, 0x0000, 0x0000, 0x0000, 0x0000, 0x0000, 0x0000, 0x0000, 0x0000, 0x0000,
  0x0000, 0x0000, 0x0000, 0x0000, 0x0000, 0x0000, 0x0000, 0x0000, 0x0000, 0x0000, 0x0000, 0x0000,
  0x0000, 0x0000, 0x0000, 0x0000, 0x0000, 0x0000, 0x0000, 0x0000, 0x0000, 0x0000, 0x0000, 0x0000,
  0x0000, 0x0000, 0x0000, 0x0000, 0x0000, 0x0000, 0x0000, 0x0000, 0x0000, 0x0000, 0x0000, 0x0000,
  0x0000, 0x0000, 0x0000, 0x0000, 0x0000, 0x0000, 0x0000, 0x0000, 0x0000, 0x0000, 0x0000, 0x0000,
  0x0000, 0x0000, 0x0000, 0x0000, 0x0000, 0x0000, 0x0000, 0x0000, 0x0000, 0x0000, 0x0000, 0x0000,
  0x0000, 0x0000, 0x0000, 0x0000, 0x0000, 0x0000, 0x0000, 0x0000, 0x0000, 0x0000, 0x0000, 0x0000,
  0x0000, 0x0000, 0x0000, 0x0000, 0x0000, 0x0000, 0x0000, 0x0000, 0x0000, 0x0000, 0x0000, 0x0000,
  0x0000, 0x0000, 0x0000, 0x0000, 0x0000, 0x0000, 0x0000, 0x0000, 0x0000, 0x0000, 0x0000, 0x0000,
  0x0000, 0x0000, 0x0000, 0x0000, 0x0000, 0x0000, 0x0000, 0x0000, 0x0000, 0x0000, 0x0000, 0x0000,
  0x0000, 0x0000, 0x0000, 0x0000, 0x0000, 0x0000, 0x0000, 0x0000, 0x0000, 0x0000, 0x0000, 0x0000,
  0x0000, 0x0000, 0x0000, 0x0000, 0x0000, 0x0000, 0x0000, 0x0000, 0x0000, 0x0000, 0x0000, 0x0000,
  0x0000, 0x0000, 0x0000, 0x0000, 0x0000, 0x0000, 0x0000, 0x0000, 0x0000, 0x0000, 0x0000, 0x0000,
  0x0000, 0x0000, 0x0000, 0x0000, 0x0000, 0x0000, 0x0000, 0x0000, 0x0000, 0x0000, 0x0000, 0x0000,
  0x0000, 0x0000, 0x0000, 0x0000, 0x0000, 0x0000, 0x0000, 0x0000, 0x0000, 0x0000, 0x0000, 0x0000,
  0x0000, 0x0000, 0x0000, 0x0000, 0x0000, 0x0000, 0x0000, 0x0000, 0x0000, 0x0000, 0x0000, 0x0000,
  0x0000, 0x0000, 0x0000, 0x0000, 0x0000, 0x0000, 0x0000, 0x0000, 0x0000, 0x0000, 0x0000, 0x0000,
  0x0000, 0x0000, 0x0000, 0x0000, 0x0000, 0x0000, 0x0000, 0x0000, 0x0000, 0x0000, 0x0000, 0x0000,
  0x0000, 0x0000, 0x0000, 0x0000, 0x0000, 0x0000, 0x0000, 0x0000, 0x0000, 0x0000, 0x0000, 0x0000,
  0x0000, 0x0000, 0x0000, 0x0000, 0x0000, 0x0000, 0x0000, 0x0000, 0x0000, 0x0000, 0x0000, 0x0000,
  0x0000, 0x0000, 0x0000, 0x0000, 0x0000, 0x0000, 0x0000, 0x0000, 0x0000, 0x0000, 0x0000, 0x0000,
  0x0000, 0x0000, 0x0000, 0x0000, 0x0000, 0x0000, 0x0000, 0x0000, 0x0000, 0x0000, 0x0000, 0x0000,
  0x0000, 0x0000, 0x0000, 0x0000, 0x0000, 0x0000, 0x0000, 0x0000, 0x0000, 0x0000, 0x0000, 0x0000,
  0x0000, 0x0000, 0x0000, 0x0000, 0x0000, 0x0000, 0x0000, 0x0000, 0x0000, 0x0000, 0x0000, 0x0000,
  0x0000, 0x0000, 0x0000, 0x0000, 0x0000, 0x0000, 0x0000, 0x0000, 0x0000, 0x0000, 0x0000, 0x0000,
  0x0000, 0x0000, 0x0000, 0x0000, 0x0000, 0x0000, 0x0000, 0x0000, 0x0000, 0x0000, 0x0000, 0x0000,
  0x0000, 0x0000, 0x0000, 0x0000, 0x0000, 0x0000, 0x0000, 0x0000, 0x0000, 0x0000, 0x0000, 0x0000,
  0x0000, 0x0000, 0x0000, 0x0000, 0x0000, 0x0000, 0x0000, 0x0000, 0x0000, 0x0000, 0x0000, 0x0000,
  0x0000, 0x0000, 0x0000, 0x0000, 0x0000, 0x0000, 0x0000, 0x0000, 0x0000, 0x0000, 0x0000, 0x0000,
  0x0000, 0x0000, 0x0000, 0x0000, 0x0000, 0x0000, 0x0000, 0x0000, 0x0000, 0x0000, 0x0000, 0x0000,
  0x0000, 0x0000, 0x0000, 0x0000, 0x0000, 0x0000, 0x0000, 0x0000, 0x0000, 0x0000, 0x0000, 0x0000,
  0x0000, 0x0000, 0x0000, 0x0000, 0x0000, 0x0000, 0x0000, 0x0000, 0x0000, 0x0000, 0x0000, 0x0000,
  0x0000, 0x0000, 0x0000, 0x0000, 0x0000, 0x0000, 0x0000, 0x0000, 0x0000, 0x0000, 0x0000, 0x0000,
  0x0000, 0x0000, 0x0000, 0x0000, 0x0000, 0x0000, 0x0000, 0x0000, 0x0000, 0x0000, 0x0000, 0x0000,
  0x0000, 0x0000, 0x0000, 0x0000, 0x0000, 0x0000, 0x0000, 0x0000, 0x0000, 0x0000, 0x0000, 0x0000,
  0x0000, 0x0000, 0x0000, 0x0000, 0x0000, 0x0000, 0x0000, 0x0000, 0x0000, 0x0000, 0x0000, 0x0000,
  0x0000, 0x0000, 0x0000, 0x0000, 0x0000, 0x0000, 0x0000, 0x0000, 0x0000, 0x0000, 0x0000, 0x0000,
  0x0000, 0x0000, 0x0000, 0x0000, 0x0000, 0x0000, 0x0000, 0x0000, 0x0000, 0x0000, 0x0000, 0x0000,
  0x0000, 0x0000, 0x0000, 0x0000, 0x0000, 0x0000, 0x0000, 0x0000, 0x0000, 0x0000, 0x0000, 0x0000,
  0x0000, 0x0000, 0x0000, 0x0000, 0x0000, 0x0000, 0x0000, 0x0000, 0x0000, 0x0000, 0x0000, 0x0000,
  0x0000, 0x0000, 0x0000, 0x0000, 0x0000, 0x0000, 0x0000, 0x0000, 0x0000, 0x0000, 0x0000, 0x0000,
  0x0000, 0x0000, 0x0000, 0x0000, 0x0000, 0x0000, 0x0000, 0x0000, 0x0000, 0x0000, 0x0000, 0x0000,
  0x0000, 0x0000, 0x0000, 0x0000, 0x0000, 0x0000, 0x0000, 0x0000, 0x0000, 0x0000, 0x0000, 0x0000,
  0x0000, 0x0000, 0x0000, 0x0000, 0x0000, 0x0000, 0x0000, 0x0000, 0x0000, 0x0000, 0x0000, 0x0000,
  0x0000, 0x0000, 0x0000, 0x0000, 0x0000, 0x0000, 0x0000, 0x0000, 0x0000, 0x0000, 0x0000, 0x0000,
  0x0000, 0x0000, 0x0000, 0x0000, 0x0000, 0x0000, 0x0000, 0x0000, 0x0000, 0x0000, 0x0000, 0x0000,
  0x0000, 0x0000, 0x0000, 0x0000, 0x0000, 0x0000, 0x0000, 0x0000, 0x0000, 0x0000, 0x0000, 0x0000,
  0x0000, 0x0000, 0x0000, 0x0000, 0x0000, 0x0000, 0x0000, 0x0000, 0x0000, 0x0000, 0x0000, 0x0000,
  0x0000, 0x0000, 0x0000, 0x0000, 0x0000, 0x0000, 0x0000, 0x0000, 0x0000, 0x0000, 0x0000, 0x0000,
  0x0000, 0x0000, 0x0000, 0x0000, 0x0000, 0x0000, 0x0000, 0x0000, 0x0000, 0x0000, 0x0000, 0x0000,
  0x0000, 0x0000, 0x0000, 0x0000, 0x0000, 0x0000, 0x0000, 0x0000, 0x0000, 0x0000, 0x0000, 0x0000,
  0x0000, 0x0000, 0x0000, 0x0000, 0x0000, 0x0000, 0x0000, 0x0000, 0x0000, 0x0000, 0x0000, 0x0000,
  0x0000, 0x0000, 0x0000, 0x0000, 0x0000, 0x0000, 0x0000, 0x0000, 0x0000, 0x0000, 0x0000, 0x0000,
  0x0000, 0x0000, 0x0000, 0x0000, 0x0000, 0x0000, 0x0000, 0x0000, 0x0000, 0x0000, 0x0000, 0x0000,
  0x0000, 0x0000, 0x0000, 0x0000, 0x0000, 0x0000, 0x0000, 0x0000, 0x0000, 0x0000, 0x0000, 0x0000,
  0x0000, 0x0000, 0x0000, 0x0000, 0x0000, 0x0000, 0x0000, 0x0000, 0x0000, 0x0000, 0x0000, 0x0000,
  0x0000, 0x0000, 0x0000, 0x0000, 0x0000, 0x0000, 0x0000, 0x0000, 0x0000, 0x0000, 0x0000, 0x0000,
  0x0000, 0x0000, 0x0000, 0x0000, 0x0000, 0x0000, 0x0000, 0x0000, 0x0000, 0x0000, 0x0000, 0x0000,
  0x0000, 0x0000, 0x0000, 0x0000, 0x0000, 0x0000, 0x0000, 0x0000, 0x0000, 0x0000, 0x0000, 0x0000,
  0x0000, 0x0000, 0x0000, 0x0000, 0x0000, 0x0000, 0x0000, 0x0000, 0x0000, 0x0000, 0x0000, 0x0000,
  0x0000, 0x0000, 0x0000, 0x0000, 0x0000, 0x0000, 0x0000, 0x0000, 0x0000, 0x0000, 0x0000, 0x0000,
  0x0000, 0x0000, 0x0000, 0x0000, 0x0000, 0x0000, 0x0000, 0x0000, 0x0000, 0x0000, 0x0000, 0x0000,
  0x0000, 0x0000, 0x0000, 0x0000, 0x0000, 0x0000, 0x0000, 0x0000, 0x0000, 0x0000, 0x0000, 0x0000,
  0x0000, 0x0000, 0x0000, 0x0000, 0x0000, 0x0000, 0x0000, 0x0000, 0x0000, 0x0000, 0x0000, 0x0000,
  0x0000, 0x0000, 0x0000, 0x0000, 0x0000, 0x0000, 0x0000, 0x0000, 0x0000, 0x0000, 0x0000, 0x0000,
  0x0000, 0x0000, 0x0000, 0x0000, 0x0000, 0x0000, 0x0000, 0x0000, 0x0000, 0x0000, 0x0000, 0x0000,
  0x0000, 0x0000, 0x0000, 0x0000, 0x0000, 0x0000, 0x0000, 0x0000, 0x0000, 0x0000, 0x0000, 0x0000,
  0x0000, 0x0000, 0x0000, 0x0000, 0x0000, 0x0000, 0x0000, 0x0000, 0x0000, 0x0000, 0x0000, 0x0000,
  0x0000, 0x0000, 0x0000, 0x0000, 0x0000, 0x0000, 0x0000, 0x0000, 0x0000, 0x0000, 0x0000, 0x0000,
  0x0000, 0x0000, 0x0000, 0x0000, 0x0000, 0x0000, 0x0000, 0x0000, 0x0000, 0x0000, 0x0000, 0x0000,
  0x0000, 0x0000, 0x0000, 0x0000, 0x0000, 0x0000, 0x0000, 0x0000, 0x0000, 0x0000, 0x0000, 0x0000,
  0x0000, 0x0000, 0x0000, 0x0000, 0x0000, 0x0000, 0x0000, 0x0000, 0x0000, 0x0000, 0x0000, 0x0000,
  0x0000, 0x0000, 0x0000, 0x0000, 0x0000, 0x0000, 0x0000, 0x0000, 0x0000, 0x0000, 0x0000, 0x0000,
  0x0000, 0x0000, 0x0000, 0x0000, 0x0000, 0x0000, 0x0000, 0x0000, 0x0000, 0x0000, 0x0000, 0x0000,
  0x0000, 0x0000, 0x0000, 0x0000, 0x0000, 0x0000, 0x0000, 0x0000, 0x0000, 0x0000, 0x0000, 0x0000,
  0x0000, 0x0000, 0x0000, 0x0000, 0x0000, 0x0000, 0x0000, 0x0000, 0x0000, 0x0000, 0x0000, 0x0000,
  0x0000, 0x0000, 0x0000, 0x0000, 0x0000, 0x0000, 0x0000, 0x0000, 0x0000, 0x0000, 0x0000, 0x0000,
  0x0000, 0x0000, 0x0000, 0x0000, 0x0000, 0x0000, 0x0000, 0x0000, 0x0000, 0x0000, 0x0000, 0x0000,
  0x0000, 0x0000, 0x0000, 0x0000, 0x0000, 0x0000, 0x0000, 0x0000, 0x0000, 0x0000, 0x0000, 0x0000,
  0x0000, 0x0000, 0x0000, 0x0000, 0x0000, 0x0000, 0x0000, 0x0000, 0x0000, 0x0000, 0x0000, 0x0000,
  0x0000, 0x0000, 0x0000, 0x0000, 0x0000, 0x0000, 0x0000, 0x0000, 0x0000, 0x0000, 0x0000, 0x0000,
  0x0000, 0x0000, 0x0000, 0x0000, 0x0000, 0x0000, 0x0000, 0x0000, 0x0000, 0x0000, 0x0000, 0x0000,
  0x0000, 0x0000, 0x0000, 0x0000, 0x0000, 0x0000, 0x0000, 0x0000, 0x0000, 0x0000, 0x0000, 0x0000,
  0x0000, 0x0000, 0x0000, 0x0000, 0x0000, 0x0000, 0x0000, 0x0000, 0x0000, 0x0000, 0x0000, 0x0000,
  0x0000, 0x0000, 0x0000, 0x0000, 0x0000, 0x0000, 0x0000, 0x0000, 0x0000, 0x0000, 0x0000, 0x0000,
  0x0000, 0x0000, 0x0000, 0x0000, 0x0000, 0x0000, 0x0000, 0x0000, 0x0000, 0x0000, 0x0000, 0x0000,
  0x0000, 0x0000, 0x0000, 0x0000, 0x0000, 0x0000, 0x0000, 0x0000, 0x0000, 0x0000, 0x0000, 0x0000,
  0x0000, 0x0000, 0x0000, 0x0000, 0x0000, 0x0000, 0x0000, 0x0000, 0x0000, 0x0000, 0x0000, 0x0000,
  0x0000, 0x0000, 0x0000, 0x0000, 0x0000, 0x0000, 0x0000, 0x0000, 0x0000, 0x0000, 0x0000, 0x0000,
  0x0000, 0x0000, 0x0000, 0x0000, 0x0000, 0x0000, 0x0000, 0x0000, 0x0000, 0x0000, 0x0000, 0x0000,
  0x0000, 0x0000, 0x0000, 0x0000, 0x0000, 0x0000, 0x0000, 0x0000, 0x0000, 0x0000, 0x0000, 0x0000,
  0x0000, 0x0000, 0x0000, 0x0000, 0x0000, 0x0000, 0x0000, 0x0000, 0x0000, 0x0000, 0x0000, 0x0000,
  0x0000, 0x0000, 0x0000, 0x0000, 0x0000, 0x0000, 0x0000, 0x0000, 0x0000, 0x0000, 0x0000, 0x0000,
  0x0000, 0x0000, 0x0000, 0x0000, 0x0000, 0x0000, 0x0000, 0x0000, 0x0000, 0x0000, 0x0000, 0x0000,
  0x0000, 0x0000, 0x0000, 0x0000, 0x0000, 0x0000, 0x0000, 0x0000, 0x0000, 0x0000, 0x0000, 0x0000,
  0x0000, 0x0000, 0x0000, 0x0000, 0x0000, 0x0000, 0x0000, 0x0000, 0x0000, 0x0000, 0x0000, 0x0000,
  0x0000, 0x0000, 0x0000, 0x0000, 0x0000, 0x0000, 0x0000, 0x0000, 0x0000, 0x0000, 0x0000, 0x0000,
  0x0000, 0x0000, 0x0000, 0x0000, 0x0000, 0x0000, 0x0000, 0x0000, 0x0000, 0x0000, 0x0000, 0x0000,
  0x0000, 0x0000, 0x0000, 0x0000, 0x0000, 0x0000, 0x0000, 0x0000, 0x0000, 0x0000, 0x0000, 0x0000,
  0x0000, 0x0000, 0x0000, 0x0000, 0x0000, 0x0000, 0x0000, 0x0000, 0x0000, 0x0000, 0x0000, 0x0000,
  0x0000, 0x0000, 0x0000, 0x0000, 0x0000, 0x0000, 0x0000, 0x0000, 0x0000, 0x0000, 0x0000, 0x0000,
  0x0000, 0x0000, 0x0000, 0x0000, 0x0000, 0x0000, 0x0000, 0x0000, 0x0000, 0x0000, 0x0000, 0x0000,
  0x0000, 0x0000, 0x0000, 0x0000, 0x0000, 0x0000, 0x0000, 0x0000, 0x0000, 0x0000, 0x0000, 0x0000,
  0x0000, 0x0000, 0x0000, 0x0000, 0x0000, 0x0000, 0x0000, 0x0000, 0x0000, 0x0000, 0x0000, 0x0000,
  0x0000, 0x0000, 0x0000, 0x0000, 0x0000, 0x0000, 0x0000, 0x0000, 0x0000, 0x0000, 0x0000, 0x0000,
  0x0000, 0x0000, 0x0000, 0x0000, 0x0000, 0x0000, 0x0000, 0x0000, 0x0000, 0x0000, 0x0000, 0x0000,
  0x0000, 0x0000, 0x0000, 0x0000, 0x0000, 0x0000, 0x0000, 0x0000, 0x0000, 0x0000, 0x0000, 0x0000,
  0x0000, 0x0000, 0x0000, 0x0000, 0x0000, 0x0000, 0x0000, 0x0000, 0x0000, 0x0000, 0x0000, 0x0000,
  0x0000, 0x0000, 0x0000, 0x0000, 0x0000, 0x0000, 0x0000, 0x0000, 0x0000, 0x0000, 0x0000, 0x0000,
  0x0000, 0x0000, 0x0000, 0x0000, 0x0000, 0x0000, 0x0000, 0x0000, 0x0000, 0x0000, 0x0000, 0x0000,
  0x0000, 0x0000, 0x0000, 0x0000, 0x0000, 0x0000, 0x0000, 0x0000, 0x0000, 0x0000, 0x0000, 0x0000,
  0x0000, 0x0000, 0x0000, 0x0000, 0x0000, 0x0000, 0x0000, 0x0000, 0x0000, 0x0000, 0x0000, 0x0000,
  0x0000, 0x0000, 0x0000, 0x0000, 0x0000, 0x0000, 0x0000, 0x0000, 0x0000, 0x0000, 0x0000, 0x0000,
  0x0000, 0x0000, 0x0000, 0x0000, 0x0000, 0x0000, 0x0000, 0x0000, 0x0000, 0x0000, 0x0000, 0x0000,
  0x0000, 0x0000, 0x0000, 0x0000, 0x0000, 0x0000, 0x0000, 0x0000, 0x0000, 0x0000, 0x0000, 0x0000,
  0x0000, 0x0000, 0x0000, 0x0000, 0x0000, 0x0000, 0x0000, 0x0000, 0x0000, 0x0000, 0x0000, 0x0000,
  0x0000, 0x0000, 0x0000, 0x0000, 0x0000, 0x0000, 0x0000, 0x0000, 0x0000, 0x0000, 0x0000, 0x0000,
  0x0000, 0x0000, 0x0000, 0x0000, 0x0000, 0x0000, 0x0000, 0x0000, 0x0000, 0x0000, 0x0000, 0x0000,
  0x0000, 0x0000, 0x0000, 0x0000, 0x0000, 0x0000, 0x0000, 0x0000, 0x0000, 0x0000, 0x0000, 0x0000,
  0x0000, 0x0000, 0x0000, 0x0000, 0x0000, 0x0000, 0x0000, 0x0000, 0x0000, 0x0000, 0x0000, 0x0000,
  0x0000, 0x0000, 0x0000, 0x0000, 0x0000, 0x0000, 0x0000, 0x0000, 0x0000, 0x0000, 0x0000, 0x0000,
  0x0000, 0x0000, 0x0000, 0x0000, 0x0000, 0x0000, 0x0000, 0x0000, 0x0000, 0x0000, 0x0000, 0x0000,
  0x0000, 0x0000, 0x0000, 0x0000, 0x0000, 0x0000, 0x0000, 0x0000, 0x0000, 0x0000, 0x0000, 0x0000,
  0x0000, 0x0000, 0x0000, 0x0000, 0x0000, 0x0000, 0x0000, 0x0000, 0x0000, 0x0000, 0x0000, 0x0000,
  0x0000, 0x0000, 0x0000, 0x0000, 0x0000, 0x0000, 0x0000, 0x0000, 0x0000, 0x0000, 0x0000, 0x0000,
  0x0000, 0x0000, 0x0000, 0x0000, 0x0000, 0x0000, 0x0000, 0x0000, 0x0000, 0x0000, 0x0000, 0x0000,
  0x0000, 0x0000, 0x0000, 0x0000, 0x0000, 0x0000, 0x0000, 0x0000, 0x0000, 0x0000, 0x0000, 0x0000,
  0x0000, 0x0000, 0x0000, 0x0000, 0x0000, 0x0000, 0x0000, 0x0000, 0x0000, 0x0000, 0x0000, 0x0000,
  0x0000, 0x0000, 0x0000, 0x0000, 0x0000, 0x0000, 0x0000, 0x0000, 0x0000, 0x0000, 0x0000, 0x0000,
  0x0000, 0x0000, 0x0000, 0x0000, 0x0000, 0x0000, 0x0000, 0x0000, 0x0000, 0x0000, 0x0000, 0x0000,
  0x0000, 0x0000, 0x0000, 0x0000, 0x0000, 0x0000, 0x0000, 0x0000, 0x0000, 0x0000, 0x0000, 0x0000,
  0x0000, 0x0000, 0x0000, 0x0000, 0x0000, 0x0000, 0x0000, 0x0000, 0x0000, 0x0000, 0x0000, 0x0000,
  0x0000, 0x0000, 0x0000, 0x0000, 0x0000, 0x0000, 0x0000, 0x0000, 0x0000, 0x0000, 0x0000, 0x0000,
  0x0000, 0x0000, 0x0000, 0x0000, 0x0000, 0x0000, 0x0000, 0x0000, 0x0000, 0x0000, 0x0000, 0x0000,
  0x0000, 0x0000, 0x0000, 0x0000, 0x0000, 0x0000, 0x0000, 0x0000, 0x0000, 0x0000, 0x0000, 0x0000,
  0x0000, 0x0000, 0x0000, 0x0000, 0x0000, 0x0000, 0x0000, 0x0000, 0x0000, 0x0000, 0x0000, 0x0000,
  0x0000, 0x0000, 0x0000, 0x0000, 0x0000, 0x0000, 0x0000, 0x0000, 0x0000, 0x0000, 0x0000, 0x0000,
  0x0000, 0x0000, 0x0000, 0x0000, 0x0000, 0x0000, 0x0000, 0x0000, 0x0000, 0x0000, 0x0000, 0x0000,
  0x0000, 0x0000, 0x0000, 0x0000, 0x0000, 0x0000, 0x0000, 0x0000, 0x0000, 0x0000, 0x0000, 0x0000,
  0x0000, 0x0000, 0x0000, 0x0000, 0x0000, 0x0000, 0x0000, 0x0000, 0x0000, 0x0000, 0x0000, 0x0000,
  0x0000, 0x0000, 0x0000, 0x0000, 0x0000, 0x0000, 0x0000, 0x0000, 0x0000, 0x0000, 0x0000, 0x0000,
  0x0000, 0x0000, 0x0000, 0x0000, 0x0000, 0x0000, 0x0000, 0x0000, 0x0000, 0x0000, 0x0000, 0x0000,
  0x0000, 0x0000, 0x0000, 0x0000, 0x0000, 0x0000, 0x0000, 0x0000, 0x0000, 0x0000, 0x0000, 0x0000,
  0x0000, 0x0000, 0x0000, 0x0000, 0x0000, 0x0000, 0x0000, 0x0000, 0x0000, 0x0000, 0x0000, 0x0000,
  0x0000, 0x0000, 0x0000, 0x0000, 0x0000, 0x0000, 0x0000, 0x0000, 0x0000, 0x0000, 0x0000, 0x0000,
  0x0000, 0x0000, 0x0000, 0x0000, 0x0000, 0x0000, 0x0000, 0x0000, 0x0000, 0x0000, 0x0000, 0x0000,
  0x0000, 0x0000, 0x0000, 0x0000, 0x0000, 0x0000, 0x0000, 0x0000, 0x0000, 0x0000, 0x0000, 0x0000,
  0x0000, 0x0000, 0x0000, 0x0000, 0x0000, 0x0000, 0x0000, 0x0000, 0x0000, 0x0000, 0x0000, 0x0000,
  0x0000, 0x0000, 0x0000, 0x0000, 0x0000, 0x0000, 0x0000, 0x0000, 0x0000, 0x0000, 0x0000, 0x0000,
  0x0000, 0x0000, 0x0000, 0x0000, 0x0000, 0x0000, 0x0000, 0x0000, 0x0000, 0x0000, 0x0000, 0x0000,
  0x0000, 0x0000, 0x0000, 0x0000, 0x0000, 0x0000, 0x0000, 0x0000, 0x0000, 0x0000, 0x0000, 0x0000,
  0x0000, 0x0000, 0x0000, 0x0000, 0x0000, 0x0000, 0x0000, 0x0000, 0x0000, 0x0000, 0x0000, 0x0000,
  0x0000, 0x0000, 0x0000, 0x0000, 0x0000, 0x0000, 0x0000, 0x0000, 0x0000, 0x0000, 0x0000, 0x0000,
  0x0000, 0x0000, 0x0000, 0x0000, 0x0000, 0x0000, 0x0000, 0x0000, 0x0000, 0x0000, 0x0000, 0x0000,
  0x0000, 0x0000, 0x0000, 0x0000, 0x0000, 0x0000, 0x0000, 0x0000, 0x0000, 0x0000, 0x0000, 0x0000,
  0x0000, 0x0000, 0x0000, 0x0000, 0x0000, 0x0000, 0x0000, 0x0000, 0x0000, 0x0000, 0x0000, 0x0000,
  0x0000, 0x0000, 0x0000, 0x0000, 0x0000, 0x0000, 0x0000, 0x0000, 0x0000, 0x0000, 0x0000, 0x0000,
  0x0000, 0x0000, 0x0000, 0x0000, 0x0000, 0x0000, 0x0000, 0x0000, 0x0000, 0x0000, 0x0000, 0x0000,
  0x0000, 0x0000, 0x0000, 0x0000, 0x0000, 0x0000, 0x0000, 0x0000, 0x0000, 0x0000, 0x0000, 0x0000,
  0x0000, 0x0000, 0x0000, 0x0000, 0x0000, 0x0000, 0x0000, 0x0000, 0x0000, 0x0000, 0x0000, 0x0000,
  0x0000, 0x0000, 0x0000, 0x0000, 0x0000, 0x0000, 0x0000, 0x0000, 0x0000, 0x0000, 0x0000, 0x0000,
  0x0000, 0x0000, 0x0000, 0x0000, 0x0000, 0x0000, 0x0000, 0x0000, 0x0000, 0x0000, 0x0000, 0x0000,
  0x0000, 0x0000, 0x0000, 0x0000, 0x0000, 0x0000, 0x0000, 0x0000, 0x0000, 0x0000, 0x0000, 0x0000,
  0x0000, 0x0000, 0x0000, 0x0000, 0x0000, 0x0000, 0x0000, 0x0000, 0x0000, 0x0000, 0x0000, 0x0000,
  0x0000, 0x0000, 0x0000, 0x0000, 0x0000, 0x0000, 0x0000, 0x0000, 0x0000, 0x0000, 0x0000, 0x0000,
  0x0000, 0x0000, 0x0000, 0x0000, 0x0000, 0x0000, 0x0000, 0x0000, 0x0000, 0x0000, 0x0000, 0x0000,
  0x0000, 0x0000, 0x0000, 0x0000, 0x0000, 0x0000, 0x0000, 0x0000, 0x0000, 0x0000, 0x0000, 0x0000,
  0x0000, 0x0000, 0x0000, 0x0000, 0x0000, 0x0000, 0x0000, 0x0000, 0x0000, 0x0000, 0x0000, 0x0000,
  0x0000, 0x0000, 0x0000, 0x0000, 0x0000, 0x0000, 0x0000, 0x0000, 0x0000, 0x0000, 0x0000, 0x0000,
  0x0000, 0x0000, 0x0000, 0x0000, 0x0000, 0x0000, 0x0000, 0x0000, 0x0000, 0x0000, 0x0000, 0x0000,
  0x0000, 0x0000, 0x0000, 0x0000, 0x0000, 0x0000, 0x0000, 0x0000, 0x0000, 0x0000, 0x0000, 0x0000,
  0x0000, 0x0000, 0x0000, 0x0000, 0x0000, 0x0000, 0x0000, 0x0000, 0x0000, 0x0000, 0x0000, 0x0000,
  0x0000, 0x0000, 0x0000, 0x0000, 0x0000, 0x0000, 0x0000, 0x0000, 0x0000, 0x0000, 0x0000, 0x0000,
  0x0000, 0x0000, 0x0000, 0x0000, 0x0000, 0x0000, 0x0000, 0x0000, 0x0000, 0x0000, 0x0000, 0x0000,
  0x0000, 0x0000, 0x0000, 0x0000, 0x0000, 0x0000, 0x0000, 0x0000, 0x0000, 0x0000, 0x0000, 0x0000,
  0x0000, 0x0000, 0x0000, 0x0000, 0x0000, 0x0000, 0x0000, 0x0000, 0x0000, 0x0000, 0x0000, 0x0000,
  0x0000, 0x0000, 0x0000, 0x0000, 0x0000, 0x0000, 0x0000, 0x0000, 0x0000, 0x0000, 0x0000, 0x0000,
  0x0000, 0x0000, 0x0000, 0x0000, 0x0000, 0x0000, 0x0000, 0x0000, 0x0000, 0x0000, 0x0000, 0x0000,
  0x0000, 0x0000, 0x0000, 0x0000, 0x0000, 0x0000, 0x0000, 0x0000, 0x0000, 0x0000, 0x0000, 0x0000,
  0x0000, 0x0000, 0x0000, 0x0000, 0x0000, 0x0000, 0x0000, 0x0000, 0x0000, 0x0000, 0x0000, 0x0000,
  0x0000, 0x0000, 0x0000, 0x0000, 0x0000, 0x0000, 0x0000, 0x0000, 0x0000, 0x0000, 0x0000, 0x0000,
  0x0000, 0x0000, 0x0000, 0x0000, 0x0000, 0x0000, 0x0000, 0x0000, 0x0000, 0x0000, 0x0000, 0x0000,
  0x0000, 0x0000, 0x0000, 0x0000, 0x0000, 0x0000, 0x0000, 0x0000, 0x0000, 0x0000, 0x0000, 0x0000,
  0x0000, 0x0000, 0x0000, 0x0000, 0x0000, 0x0000, 0x0000, 0x0000, 0x0000, 0x0000, 0x0000, 0x0000,
  0x0000, 0x0000, 0x0000, 0x0000, 0x0000, 0x0000, 0x0000, 0x0000, 0x0000, 0x0000, 0x0000, 0x0000,
  0x0000, 0x0000, 0x0000, 0x0000, 0x0000, 0x0000, 0x0000, 0x0000, 0x0000, 0x0000, 0x0000, 0x0000,
  0x0000, 0x0000, 0x0000, 0x0000, 0x0000, 0x0000, 0x0000, 0x0000, 0x0000, 0x0000, 0x0000, 0x0000,
  0x0000, 0x0000, 0x0000, 0x0000, 0x0000, 0x0000, 0x0000, 0x0000, 0x0000, 0x0000, 0x0000, 0x0000,
  0x0000, 0x0000, 0x0000, 0x0000, 0x0000, 0x0000, 0x0000, 0x0000, 0x0000, 0x0000, 0x0000, 0x0000,
  0x0000, 0x0000, 0x0000, 0x0000, 0x0000, 0x0000, 0x0000, 0x0000, 0x0000, 0x0000, 0x0000, 0x0000,
  0x0000, 0x0000, 0x0000, 0x0000, 0x0000, 0x0000, 0x0000, 0x0000, 0x0000, 0x0000, 0x0000, 0x0000,
  0x0000, 0x0000, 0x0000, 0x0000, 0x0000, 0x0000, 0x0000, 0x0000, 0x0000, 0x0000, 0x0000, 0x0000,
  0x0000, 0x0000, 0x0000, 0x0000, 0x0000, 0x0000, 0x0000, 0x0000, 0x0000, 0x0000, 0x0000, 0x0000,
  0x0000, 0x0000, 0x0000, 0x0000, 0x0000, 0x0000, 0x0000, 0x0000, 0x0000, 0x0000, 0x0000, 0x0000,
  0x0000, 0x0000, 0x0000, 0x0000, 0x0000, 0x0000, 0x0000, 0x0000, 0x0000, 0x0000, 0x0000, 0x0000,
  0x0000, 0x0000, 0x0000, 0x0000, 0x0000, 0x0000, 0x0000, 0x0000, 0x0000, 0x0000, 0x0000, 0x0000,
  0x0000, 0x0000, 0x0000, 0x0000, 0x0000, 0x0000, 0x0000, 0x0000, 0x0000, 0x0000, 0x0000, 0x0000,
  0x0000, 0x0000, 0x0000, 0x0000, 0x0000, 0x0000, 0x0000, 0x0000, 0x0000, 0x0000, 0x0000, 0x0000,
  0x0000, 0x0000, 0x0000, 0x0000, 0x0000, 0x0000, 0x0000, 0x0000, 0x0000, 0x0000, 0x0000, 0x0000,
  0x0000, 0x0000, 0x0000, 0x0000, 0x0000, 0x0000, 0x0000, 0x0000, 0x0000, 0x0000, 0x0000, 0x0000,
  0x0000, 0x0000, 0x0000, 0x0000, 0x0000, 0x0000, 0x0000, 0x0000, 0x0000, 0x0000, 0x0000, 0x0000,
  0x0000, 0x0000, 0x0000, 0x0000, 0x0000, 0x0000, 0x0000, 0x0000, 0x0000, 0x0000, 0x0000, 0x0000,
  0x0000, 0x0000, 0x0000, 0x0000, 0x0000, 0x0000, 0x0000, 0x0000, 0x0000, 0x0000, 0x0000, 0x0000,
  0x0000, 0x0000, 0x0000, 0x0000, 0x0000, 0x0000, 0x0000, 0x0000, 0x0000, 0x0000, 0x0000, 0x0000,
  0x0000, 0x0000, 0x0000, 0x0000, 0x0000, 0x0000, 0x0000, 0x0000, 0x0000, 0x0000, 0x0000, 0x0000,
  0x0000, 0x0000, 0x0000, 0x0000, 0x0000, 0x0000, 0x0000, 0x0000, 0x0000, 0x0000, 0x0000, 0x0000,
  0x0000, 0x0000, 0x0000, 0x0000, 0x0000, 0x0000, 0x0000, 0x0000, 0x0000, 0x0000, 0x0000, 0x0000,
  0x0000, 0x0000, 0x0000, 0x0000, 0x0000, 0x0000, 0x0000, 0x0000, 0x0000, 0x0000, 0x0000, 0x0000,
  0x0000, 0x0000, 0x0000, 0x0000, 0x0000, 0x0000, 0x0000, 0x0000, 0x0000, 0x0000, 0x0000, 0x0000,
  0x0000, 0x0000, 0x0000, 0x0000, 0x0000, 0x0000, 0x0000, 0x0000, 0x0000, 0x0000, 0x0000, 0x0000,
  0x0000, 0x0000, 0x0000, 0x0000, 0x0000, 0x0000, 0x0000, 0x0000, 0x0000, 0x0000, 0x0000, 0x0000,
  0x0000, 0x0000, 0x0000, 0x0000, 0x0000, 0x0000, 0x0000, 0x0000, 0x0000, 0x0000, 0x0000, 0x0000,
  0x0000, 0x0000, 0x0000, 0x0000, 0x0000, 0x0000, 0x0000, 0x0000, 0x0000, 0x0000, 0x0000, 0x0000,
  0x0000, 0x0000, 0x0000, 0x0000, 0x0000, 0x0000, 0x0000, 0x0000, 0x0000, 0x0000, 0x0000, 0x0000,
  0x0000, 0x0000, 0x0000, 0x0000, 0x0000, 0x0000, 0x0000, 0x0000, 0x0000, 0x0000, 0x0000, 0x0000,
  0x0000, 0x0000, 0x0000, 0x0000, 0x0000, 0x0000, 0x0000, 0x0000, 0x0000, 0x0000, 0x0000, 0x0000,
  0x0000, 0x0000, 0x0000, 0x0000, 0x0000, 0x0000, 0x0000, 0x0000, 0x0000, 0x0000, 0x0000, 0x0000,
  0x0000, 0x0000, 0x0000, 0x0000, 0x0000, 0x0000, 0x0000, 0x0000, 0x0000, 0x0000, 0x0000, 0x0000,
  0x0000, 0x0000, 0x0000, 0x0000, 0x0000, 0x0000, 0x0000, 0x0000, 0x0000, 0x0000, 0x0000, 0x0000,
  0x0000, 0x0000, 0x0000, 0x0000, 0x0000, 0x0000, 0x0000, 0x0000, 0x0000, 0x0000, 0x0000, 0x0000,
  0x0000, 0x0000, 0x0000, 0x0000, 0x0000, 0x0000, 0x0000, 0x0000, 0x0000, 0x0000, 0x0000, 0x0000,
  0x0000, 0x0000, 0x0000, 0x0000, 0x0000, 0x0000, 0x0000, 0x0000, 0x0000, 0x0000, 0x0000, 0x0000,
  0x0000, 0x0000, 0x0000, 0x0000, 0x0000, 0x0000, 0x0000, 0x0000, 0x0000, 0x0000, 0x0000, 0x0000,
  0x0000, 0x0000, 0x0000, 0x0000, 0x0000, 0x0000, 0x0000, 0x0000, 0x0000, 0x0000, 0x0000, 0x0000,
  0x0000, 0x0000, 0x0000, 0x0000, 0x0000, 0x0000, 0x0000, 0x0000, 0x0000, 0x0000, 0x0000, 0x0000,
  0x0000, 0x0000, 0x0000, 0x0000, 0x0000, 0x0000, 0x0000, 0x0000, 0x0000, 0x0000, 0x0000, 0x0000,
  0x0000, 0x0000, 0x0000, 0x0000, 0x0000, 0x0000, 0x0000, 0x0000, 0x0000, 0x0000, 0x0000, 0x0000,
  0x0000, 0x0000, 0x0000, 0x0000, 0x0000, 0x0000, 0x0000, 0x0000, 0x0000, 0x0000, 0x0000, 0x0000,
  0x0000, 0x0000, 0x0000, 0x0000, 0x0000, 0x0000, 0x0000, 0x0000, 0x0000, 0x0000, 0x0000, 0x0000,
  0x0000, 0x0000, 0x0000, 0x0000, 0x0000, 0x0000, 0x0000, 0x0000, 0x0000, 0x0000, 0x0000, 0x0000,
  0x0000, 0x0000, 0x0000, 0x0000, 0x0000, 0x0000, 0x0000, 0x0000, 0x0000, 0x0000, 0x0000, 0x0000,
  0x0000, 0x0000, 0x0000, 0x0000, 0x0000, 0x0000, 0x0000, 0x0000, 0x0000, 0x0000, 0x0000, 0x0000,
  0x0000, 0x0000, 0x0000, 0x0000, 0x0000, 0x0000, 0x0000, 0x0000, 0x0000, 0x0000, 0x0000, 0x0000,
  0x0000, 0x0000, 0x0000, 0x0000, 0x0000, 0x0000, 0x0000, 0x0000, 0x0000, 0x0000, 0x0000, 0x0000,
  0x0000, 0x0000, 0x0000, 0x0000, 0x0000, 0x0000, 0x0000, 0x0000, 0x0000, 0x0000, 0x0000, 0x0000,
  0x0000, 0x0000, 0x0000, 0x0000, 0x0000, 0x0000, 0x0000, 0x0000, 0x0000, 0x0000, 0x0000, 0x0000,
  0x0000, 0x0000, 0x0000, 0x0000, 0x0000, 0x0000, 0x0000, 0x0000, 0x0000, 0x0000, 0x0000, 0x0000,
  0x0000, 0x0000, 0x0000, 0x0000, 0x0000, 0x0000, 0x0000, 0x0000, 0x0000, 0x0000, 0x0000, 0x0000,
  0x0000, 0x0000, 0x0000, 0x0000, 0x0000, 0x0000, 0x0000, 0x0000, 0x0000, 0x0000, 0x0000, 0x0000,
  0x0000, 0x0000, 0x0000, 0x0000, 0x0000, 0x0000, 0x0000, 0x0000, 0x0000, 0x0000, 0x0000, 0x0000,
  0x0000, 0x0000, 0x0000, 0x0000, 0x0000, 0x0000, 0x0000, 0x0000, 0x0000, 0x0000, 0x0000, 0x0000,
  0x0000, 0x0000, 0x0000, 0x0000, 0x0000, 0x0000, 0x0000, 0x0000, 0x0000, 0x0000, 0x0000, 0x0000,
  0x0000, 0x0000, 0x0000, 0x0000, 0x0000, 0x0000, 0x0000, 0x0000, 0x0000, 0x0000, 0x0000, 0x0000,
  0x0000, 0x0000, 0x0000, 0x0000, 0x0000, 0x0000, 0x0000, 0x0000, 0x0000, 0x0000, 0x0000, 0x0000,
  0x0000, 0x0000, 0x0000, 0x0000, 0x0000, 0x0000, 0x0000, 0x0000, 0x0000, 0x0000, 0x0000, 0x0000,
  0x0000, 0x0000, 0x0000, 0x0000, 0x0000, 0x0000, 0x0000, 0x0000, 0x0000, 0x0000, 0x0000, 0x0000,
  0x0000, 0x0000, 0x0000, 0x0000, 0x0000, 0x0000, 0x0000, 0x0000, 0x0000, 0x0000, 0x0000, 0x0000,
  0x0000, 0x0000, 0x0000, 0x0000, 0x0000, 0x0000, 0x0000, 0x0000, 0x0000, 0x0000, 0x0000, 0x0000,
  0x0000, 0x0000, 0x0000, 0x0000, 0x0000, 0x0000, 0x0000, 0x0000, 0x0000, 0x0000, 0x0000, 0x0000,
  0x0000, 0x0000, 0x0000, 0x0000, 0x0000, 0x0000, 0x0000, 0x0000, 0x0000, 0x0000, 0x0000, 0x0000,
  0x0000, 0x0000, 0x0000, 0x0000, 0x0000, 0x0000, 0x0000, 0x0000, 0x0000, 0x0000, 0x0000, 0x0000,
  0x0000, 0x0000, 0x0000, 0x0000, 0x0000, 0x0000, 0x0000, 0x0000, 0x0000, 0x0000, 0x0000, 0x0000,
  0x0000, 0x0000, 0x0000, 0x0000, 0x0000, 0x0000, 0x0000, 0x0000, 0x0000, 0x0000, 0x0000, 0x0000,
  0x0000, 0x0000, 0x0000, 0x0000, 0x0000, 0x0000, 0x0000, 0x0000, 0x0000, 0x0000, 0x0000, 0x0000,
  0x0000, 0x0000, 0x0000, 0x0000, 0x0000, 0x0000, 0x0000, 0x0000, 0x0000, 0x0000, 0x0000, 0x0000,
  0x0000, 0x0000, 0x0000, 0x0000, 0x0000, 0x0000, 0x0000, 0x0000, 0x0000, 0x0000, 0x0000, 0x0000,
  0x0000, 0x0000, 0x0000, 0x0000, 0x0000, 0x0000, 0x0000, 0x0000, 0x0000, 0x0000, 0x0000, 0x0000,
  0x0000, 0x0000, 0x0000, 0x0000, 0x0000, 0x0000, 0x0000, 0x0000, 0x0000, 0x0000, 0x0000, 0x0000,
  0x0000, 0x0000, 0x0000, 0x0000, 0x0000, 0x0000, 0x0000, 0x0000, 0x0000, 0x0000, 0x0000, 0x0000,
  0x0000, 0x0000, 0x0000, 0x0000, 0x0000, 0x0000, 0x0000, 0x0000, 0x0000, 0x0000, 0x0000, 0x0000,
  0x0000, 0x0000, 0x0000, 0x0000, 0x0000, 0x0000, 0x0000, 0x0000, 0x0000, 0x0000, 0x0000, 0x0000,
  0x0000, 0x0000, 0x0000, 0x0000, 0x0000, 0x0000, 0x0000, 0x0000, 0x0000, 0x0000, 0x0000, 0x0000,
  0x0000, 0x0000, 0x0000, 0x0000, 0x0000, 0x0000, 0x0000, 0x0000, 0x0000, 0x0000, 0x0000, 0x0000,
  0x0000, 0x0000, 0x0000, 0x0000, 0x0000, 0x0000, 0x0000, 0x0000, 0x0000, 0x0000, 0x0000, 0x0000,
  0x0000, 0x0000, 0x0000, 0x0000, 0x0000, 0x0000, 0x0000, 0x0000, 0x0000, 0x0000, 0x0000, 0x0000,
  0x0000, 0x0000, 0x0000, 0x0000, 0x0000, 0x0000, 0x0000, 0x0000, 0x0000, 0x0000, 0x0000, 0x0000,
  0x0000, 0x0000, 0x0000, 0x0000, 0x0000, 0x0000, 0x0000, 0x0000, 0x0000, 0x0000, 0x0000, 0x0000,
  0x0000, 0x0000, 0x0000, 0x0000, 0x0000, 0x0000, 0x0000, 0x0000, 0x0000, 0x0000, 0x0000, 0x0000,
  0x0000, 0x0000, 0x0000, 0x0000, 0x0000, 0x0000, 0x0000, 0x0000, 0x0000, 0x0000, 0x0000, 0x0000,
  0x0000, 0x0000, 0x0000, 0x0000, 0x0000, 0x0000, 0x0000, 0x0000, 0x0000, 0x0000, 0x0000, 0x0000,
  0x0000, 0x0000, 0x0000, 0x0000, 0x0000, 0x0000, 0x0000, 0x0000, 0x0000, 0x0000, 0x0000, 0x0000,
  0x0000, 0x0000, 0x0000, 0x0000, 0x0000, 0x0000, 0x0000, 0x0000, 0x0000, 0x0000, 0x0000, 0x0000,
  0x0000, 0x0000, 0x0000, 0x0000, 0x0000, 0x0000, 0x0000, 0x0000, 0x0000, 0x0000, 0x0000, 0x0000,
  0x0000, 0x0000, 0x0000, 0x0000, 0x0000, 0x0000, 0x0000, 0x0000, 0x0000, 0x0000, 0x0000, 0x0000,
  0x0000, 0x0000, 0x0000, 0x0000, 0x0000, 0x0000, 0x0000, 0x0000, 0x0000, 0x0000, 0x0000, 0x0000,
  0x0000, 0x0000, 0x0000, 0x0000, 0x0000, 0x0000, 0x0000, 0x0000, 0x0000, 0x0000, 0x0000, 0x0000,
  0x0000, 0x0000, 0x0000, 0x0000, 0x0000, 0x0000, 0x0000, 0x0000, 0x0000, 0x0000, 0x0000, 0x0000,
  0x0000, 0x0000, 0x0000, 0x0000, 0x0000, 0x0000, 0x0000, 0x0000, 0x0000, 0x0000, 0x0000, 0x0000,
  0x0000, 0x0000, 0x0000, 0x0000, 0x0000, 0x0000, 0x0000, 0x0000, 0x0000, 0x0000, 0x0000, 0x0000,
  0x0000, 0x0000, 0x0000, 0x0000, 0x0000, 0x0000, 0x0000, 0x0000, 0x0000, 0x0000, 0x0000, 0x0000,
  0x0000, 0x0000, 0x0000, 0x0000, 0x0000, 0x0000, 0x0000, 0x0000, 0x0000, 0x0000, 0x0000, 0x0000,
  0x0000, 0x0000, 0x0000, 0x0000, 0x0000, 0x0000, 0x0000, 0x0000, 0x0000, 0x0000, 0x0000, 0x0000,
  0x0000, 0x0000, 0x0000, 0x0000, 0x0000, 0x0000, 0x0000, 0x0000, 0x0000, 0x0000, 0x0000, 0x0000,
  0x0000, 0x0000, 0x0000, 0x0000, 0x0000, 0x0000, 0x0000, 0x0000, 0x0000, 0x0000, 0x0000, 0x0000,
  0x0000, 0x0000, 0x0000, 0x0000, 0x0000, 0x0000, 0x0000, 0x0000, 0x0000, 0x0000, 0x0000, 0x0000,
  0x0000, 0x0000, 0x0000, 0x0000, 0x0000, 0x0000, 0x0000, 0x0000, 0x0000, 0x0000, 0x0000, 0x0000,
  0x0000, 0x0000, 0x0000, 0x0000, 0x0000, 0x0000, 0x0000, 0x0000, 0x0000, 0x0000, 0x0000, 0x0000,
  0x0000, 0x0000, 0x0000, 0x0000, 0x0000, 0x0000, 0x0000, 0x0000, 0x0000, 0x0000, 0x0000, 0x0000,
  0x0000, 0x0000, 0x0000, 0x0000, 0x0000, 0x0000, 0x0000, 0x0000, 0x0000, 0x0000, 0x0000, 0x0000,
  0x0000, 0x0000, 0x0000, 0x0000, 0x0000, 0x0000, 0x0000, 0x0000, 0x0000, 0x0000, 0x0000, 0x0000,
  0x0000, 0x0000, 0x0000, 0x0000, 0x0000, 0x0000, 0x0000, 0x0000, 0x0000, 0x0000, 0x0000, 0x0000,
  0x0000, 0x0000, 0x0000, 0x0000, 0x0000, 0x0000, 0x0000, 0x0000, 0x0000, 0x0000, 0x0000, 0x0000,
  0x0000, 0x0000, 0x0000, 0x0000, 0x0000, 0x0000, 0x0000, 0x0000, 0x0000, 0x0000, 0x0000, 0x0000,
  0x0000, 0x0000, 0x0000, 0x0000, 0x0000, 0x0000, 0x0000, 0x0000, 0x0000, 0x0000, 0x0000, 0x0000,
  0x0000, 0x0000, 0x0000, 0x0000, 0x0000, 0x0000, 0x0000, 0x0000, 0x0000, 0x0000, 0x0000, 0x0000,
  0x0000, 0x0000, 0x0000, 0x0000, 0x0000, 0x0000, 0x0000, 0x0000, 0x0000, 0x0000, 0x0000, 0x0000,
  0x0000, 0x0000, 0x0000, 0x0000, 0x0000, 0x0000, 0x0000, 0x0000, 0x0000, 0x0000, 0x0000, 0x0000,
  0x0000, 0x0000, 0x0000, 0x0000, 0x0000, 0x0000, 0x0000, 0x0000, 0x0000, 0x0000, 0x0000, 0x0000,
  0x0000, 0x0000, 0x0000, 0x0000, 0x0000, 0x0000, 0x0000, 0x0000, 0x0000, 0x0000, 0x0000, 0x0000,
  0x0000, 0x0000, 0x0000, 0x0000, 0x0000, 0x0000, 0x0000, 0x0000, 0x0000, 0x0000, 0x0000, 0x0000,
  0x0000, 0x0000, 0x0000, 0x0000, 0x0000, 0x0000, 0x0000, 0x0000, 0x0000, 0x0000, 0x0000, 0x0000,
  0x0000, 0x0000, 0x0000, 0x0000, 0x0000, 0x0000, 0x0000, 0x0000, 0x0000, 0x0000, 0x0000, 0x0000,
  0x0000, 0x0000, 0x0000, 0x0000, 0x0000, 0x0000, 0x0000, 0x0000, 0x0000, 0x0000, 0x0000, 0x0000,
  0x0000, 0x0000, 0x0000, 0x0000, 0x0000, 0x0000, 0x0000, 0x0000, 0x0000, 0x0000, 0x0000, 0x0000,
  0x0000, 0x0000, 0x0000, 0x0000, 0x0000, 0x0000, 0x0000, 0x0000, 0x0000, 0x0000, 0x0000, 0x0000,
  0x0000, 0x0000, 0x0000, 0x0000, 0x0000, 0x0000, 0x0000, 0x0000, 0x0000, 0x0000, 0x0000, 0x0000,
  0x0000, 0x0000, 0x0000, 0x0000, 0x0000, 0x0000, 0x0000, 0x0000, 0x0000, 0x0000, 0x0000, 0x0000,
  0x0000, 0x0000, 0x0000, 0x0000, 0x0000, 0x0000, 0x0000, 0x0000, 0x0000, 0x0000, 0x0000, 0x0000,
  0x0000, 0x0000, 0x0000, 0x0000, 0x0000, 0x0000, 0x0000, 0x0000, 0x0000, 0x0000, 0x0000, 0x0000,
  0x0000, 0x0000, 0x0000, 0x0000, 0x0000, 0x0000, 0x0000, 0x0000, 0x0000, 0x0000, 0x0000, 0x0000,
  0x0000, 0x0000, 0x0000, 0x0000, 0x0000, 0x0000, 0x0000, 0x0000, 0x0000, 0x0000, 0x0000, 0x0000,
  0x0000, 0x0000, 0x0000, 0x0000, 0x0000, 0x0000, 0x0000, 0x0000, 0x0000, 0x0000, 0x0000, 0x0000,
  0x0000, 0x0000, 0x0000, 0x0000, 0x0000, 0x0000, 0x0000, 0x0000, 0x0000, 0x0000, 0x0000, 0x0000,
  0x0000, 0x0000, 0x0000, 0x0000, 0x0000, 0x0000, 0x0000, 0x0000, 0x0000, 0x0000, 0x0000, 0x0000,
  0x0000, 0x0000, 0x0000, 0x0000, 0x0000, 0x0000, 0x0000, 0x0000, 0x0000, 0x0000, 0x0000, 0x0000,
  0x0000, 0x0000, 0x0000, 0x0000, 0x0000, 0x0000, 0x0000, 0x0000, 0x0000, 0x0000, 0x0000, 0x0000,
  0x0000, 0x0000, 0x0000, 0x0000, 0x0000, 0x0000, 0x0000, 0x0000, 0x0000, 0x0000, 0x0000, 0x0000,
  0x0000, 0x0000, 0x0000, 0x0000, 0x0000, 0x0000, 0x0000, 0x0000, 0x0000, 0x0000, 0x0000, 0x0000,
  0x0000, 0x0000, 0x0000, 0x0000, 0x0000, 0x0000, 0x0000, 0x0000, 0x0000, 0x0000, 0x0000, 0x0000,
  0x0000, 0x0000, 0x0000, 0x0000, 0x0000, 0x0000, 0x0000, 0x0000, 0x0000, 0x0000, 0x0000, 0x0000,
  0x0000, 0x0000, 0x0000, 0x0000, 0x0000, 0x0000, 0x0000, 0x0000, 0x0000, 0x0000, 0x0000, 0x0000,
  0x0000, 0x0000, 0x0000, 0x0000, 0x0000, 0x0000, 0x0000, 0x0000, 0x0000, 0x0000, 0x0000, 0x0000,
  0x0000, 0x0000, 0x0000, 0x0000, 0x0000, 0x0000, 0x0000, 0x0000, 0x0000, 0x0000, 0x0000, 0x0000,
  0x0000, 0x0000, 0x0000, 0x0000, 0x0000, 0x0000, 0x0000, 0x0000, 0x0000, 0x0000, 0x0000, 0x0000,
  0x0000, 0x0000, 0x0000, 0x0000, 0x0000, 0x0000, 0x0000, 0x0000, 0x0000, 0x0000, 0x0000, 0x0000,
  0x0000, 0x0000, 0x0000, 0x0000, 0x0000, 0x0000, 0x0000, 0x0000, 0x0000, 0x0000, 0x0000, 0x0000,
  0x0000, 0x0000, 0x0000, 0x0000, 0x0000, 0x0000, 0x0000, 0x0000, 0x0000, 0x0000, 0x0000, 0x0000,
  0x0000, 0x0000, 0x0000, 0x0000, 0x0000, 0x0000, 0x0000, 0x0000, 0x0000, 0x0000, 0x0000, 0x0000,
  0x0000, 0x0000, 0x0000, 0x0000, 0x0000, 0x0000, 0x0000, 0x0000, 0x0000, 0x0000, 0x0000, 0x0000,
  0x0000, 0x0000, 0x0000, 0x0000, 0x0000, 0x0000, 0x0000, 0x0000, 0x0000, 0x0000, 0x0000, 0x0000,
  0x0000, 0x0000, 0x0000, 0x0000, 0x0000, 0x0000, 0x0000, 0x0000, 0x0000, 0x0000, 0x0000, 0x0000,
  0x0000, 0x0000, 0x0000, 0x0000, 0x0000, 0x0000, 0x0000, 0x0000, 0x0000, 0x0000, 0x0000, 0x0000,
  0x0000, 0x0000, 0x0000, 0x0000, 0x0000, 0x0000, 0x0000, 0x0000, 0x0000, 0x0000, 0x0000, 0x0000,
  0x0000, 0x0000, 0x0000, 0x0000, 0x0000, 0x0000, 0x0000, 0x0000, 0x0000, 0x0000, 0x0000, 0x0000,
  0x0000, 0x0000, 0x0000, 0x0000, 0x0000, 0x0000, 0x0000, 0x0000, 0x0000, 0x0000, 0x0000, 0x0000,
  0x0000, 0x0000, 0x0000, 0x0000, 0x0000, 0x0000, 0x0000, 0x0000, 0x0000, 0x0000, 0x0000, 0x0000,
  0x0000, 0x0000, 0x0000, 0x0000, 0x0000, 0x0000, 0x0000, 0x0000, 0x0000, 0x0000, 0x0000, 0x0000,
  0x0000, 0x0000, 0x0000, 0x0000, 0x0000, 0x0000, 0x0000, 0x0000, 0x0000, 0x0000, 0x0000, 0x0000,
  0x0000, 0x0000, 0x0000, 0x0000, 0x0000, 0x0000, 0x0000, 0x0000, 0x0000, 0x0000, 0x0000, 0x0000,
  0x0000, 0x0000, 0x0000, 0x0000, 0x0000, 0x0000, 0x0000, 0x0000, 0x0000, 0x0000, 0x0000, 0x0000,
  0x0000, 0x0000, 0x0000, 0x0000, 0x0000, 0x0000, 0x0000, 0x0000, 0x0000, 0x0000, 0x0000, 0x0000,
  0x0000, 0x0000, 0x0000, 0x0000, 0x0000, 0x0000, 0x0000, 0x0000, 0x0000, 0x0000, 0x0000, 0x0000,
  0x0000, 0x0000, 0x0000, 0x0000, 0x0000, 0x0000, 0x0000, 0x0000, 0x0000, 0x0000, 0x0000, 0x0000,
  0x0000, 0x0000, 0x0000, 0x0000, 0x0000, 0x0000, 0x0000, 0x0000, 0x0000, 0x0000, 0x0000, 0x0000,
  0x0000, 0x0000, 0x0000, 0x0000, 0x0000, 0x0000, 0x0000, 0x0000, 0x0000, 0x0000, 0x0000, 0x0000,
  0x0000, 0x0000, 0x0000, 0x0000, 0x0000, 0x0000, 0x0000, 0x0000, 0x0000, 0x0000, 0x0000, 0x0000,
  0x0000, 0x0000, 0x0000, 0x0000, 0x0000, 0x0000, 0x0000, 0x0000, 0x0000, 0x0000, 0x0000, 0x0000,
  0x0000, 0x0000, 0x0000, 0x0000, 0x0000, 0x0000, 0x0000, 0x0000, 0x0000, 0x0000, 0x0000, 0x0000,
  0x0000, 0x0000, 0x0000, 0x0000, 0x0000, 0x0000, 0x0000, 0x0000, 0x0000, 0x0000, 0x0000, 0x0000,
  0x0000, 0x0000, 0x0000, 0x0000, 0x0000, 0x0000, 0x0000, 0x0000, 0x0000, 0x0000, 0x0000, 0x0000,
  0x0000, 0x0000, 0x0000, 0x0000, 0x0000, 0x0000, 0x0000, 0x0000, 0x0000, 0x0000, 0x0000, 0x0000,
  0x0000, 0x0000, 0x0000, 0x0000, 0x0000, 0x0000, 0x0000, 0x0000, 0x0000, 0x0000, 0x0000, 0x0000,
  0x0000, 0x0000, 0x0000, 0x0000, 0x0000, 0x0000, 0x0000, 0x0000, 0x0000, 0x0000, 0x0000, 0x0000,
  0x0000, 0x0000, 0x0000, 0x0000, 0x0000, 0x0000, 0x0000, 0x0000, 0x0000, 0x0000, 0x0000, 0x0000,
  0x0000, 0x0000, 0x0000, 0x0000, 0x0000, 0x0000, 0x0000, 0x0000, 0x0000, 0x0000, 0x0000, 0x0000,
  0x0000, 0x0000, 0x0000, 0x0000, 0x0000, 0x0000, 0x0000, 0x0000, 0x0000, 0x0000, 0x0000, 0x0000,
  0x0000, 0x0000, 0x0000, 0x0000, 0x0000, 0x0000, 0x0000, 0x0000, 0x0000, 0x0000, 0x0000, 0x0000,
  0x0000, 0x0000, 0x0000, 0x0000, 0x0000, 0x0000, 0x0000, 0x0000, 0x0000, 0x0000, 0x0000, 0x0000,
  0x0000, 0x0000, 0x0000, 0x0000, 0x0000, 0x0000, 0x0000, 0x0000, 0x0000, 0x0000, 0x0000, 0x0000,
  0x0000, 0x0000, 0x0000, 0x0000, 0x0000, 0x0000, 0x0000, 0x0000, 0x0000, 0x0000, 0x0000, 0x0000,
  0x0000, 0x0000, 0x0000, 0x0000, 0x0000, 0x0000, 0x0000, 0x0000, 0x0000, 0x0000, 0x0000, 0x0000,
  0x0000, 0x0000, 0x0000, 0x0000, 0x0000, 0x0000, 0x0000, 0x0000, 0x0000, 0x0000, 0x0000, 0x0000,
  0x0000, 0x0000, 0x0000, 0x0000, 0x0000, 0x0000, 0x0000, 0x0000, 0x0000, 0x0000, 0x0000, 0x0000,
  0x0000, 0x0000, 0x0000, 0x0000, 0x0000, 0x0000, 0x0000, 0x0000, 0x0000, 0x0000, 0x0000, 0x0000,
  0x0000, 0x0000, 0x0000, 0x0000, 0x0000, 0x0000, 0x0000, 0x0000, 0x0000, 0x0000, 0x0000, 0x0000,
  0x0000, 0x0000, 0x0000, 0x0000, 0x0000, 0x0000, 0x0000, 0x0000, 0x0000, 0x0000, 0x0000, 0x0000,
  0x0000, 0x0000, 0x0000, 0x0000, 0x0000, 0x0000, 0x0000, 0x0000, 0x0000, 0x0000, 0x0000, 0x0000,
  0x0000, 0x0000, 0x0000, 0x0000, 0x0000, 0x0000, 0x0000, 0x0000, 0x0000, 0x0000, 0x0000, 0x0000,
  0x0000, 0x0000, 0x0000, 0x0000, 0x0000, 0x0000, 0x0000, 0x0000, 0x0000, 0x0000, 0x0000, 0x0000,
  0x0000, 0x0000, 0x0000, 0x0000, 0x0000, 0x0000, 0x0000, 0x0000, 0x0000, 0x0000, 0x0000, 0x0000,
  0x0000, 0x0000, 0x0000, 0x0000, 0x0000, 0x0000, 0x0000, 0x0000, 0x0000, 0x0000, 0x0000, 0x0000,
  0x0000, 0x0000, 0x0000, 0x0000, 0x0000, 0x0000, 0x0000, 0x0000, 0x0000, 0x0000, 0x0000, 0x0000,
  0x0000, 0x0000, 0x0000, 0x0000, 0x0000, 0x0000, 0x0000, 0x0000, 0x0000, 0x0000, 0x0000, 0x0000,
  0x0000, 0x0000, 0x0000, 0x0000, 0x0000, 0x0000, 0x0000, 0x0000, 0x0000, 0x0000, 0x0000, 0x0000,
  0x0000, 0x0000, 0x0000, 0x0000, 0x0000, 0x0000, 0x0000, 0x0000, 0x0000, 0x0000, 0x0000, 0x0000,
  0x0000, 0x0000, 0x0000, 0x0000, 0x0000, 0x0000, 0x0000, 0x0000, 0x0000, 0x0000, 0x0000, 0x0000,
  0x0841, 0x0841, 0x0841, 0x0841, 0x0841, 0x0841, 0x0841, 0x0841, 0x0841, 0x0841, 0x0841, 0x0841,
  0x0841, 0x0841, 0x0841, 0x0841, 0x0841, 0x0841, 0x0841, 0x0841, 0x0841, 0x0841, 0x0841, 0x0841,
  0x0841, 0x0841, 0x0841, 0x0841, 0x0841, 0x0841, 0x0841, 0x0841, 0x0841, 0x0841, 0x0841, 0x0841,
  0x0841, 0x0841, 0x0841, 0x0841, 0x0841, 0x0841, 0x0841, 0x0841, 0x0841, 0x0841, 0x0841, 0x0841,
  0x0841, 0x0841, 0x0841, 0x0841, 0x0841, 0x0841, 0x0841, 0x0841, 0x0841, 0x0841, 0x0841, 0x0841,
  0x0841, 0x0841, 0x0841, 0x0841, 0x0841, 0x0841, 0x0841, 0x0841, 0x0841, 0x0841, 0x0841, 0x0841,
  0x0841, 0x0841, 0x0841, 0x0841, 0x0841, 0x0841, 0x0841, 0x0841, 0x0841, 0x0841, 0x0841, 0x0841,
  0x0841, 0x0841, 0x0841, 0x0841, 0x0841, 0x0841, 0x0841, 0x0841, 0x0841, 0x0841, 0x0841, 0x0841,
  0x0841, 0x0841, 0x0841, 0x0841, 0x0841, 0x0841, 0x0841, 0x0841, 0x0841, 0x0841, 0x0841, 0x0841,
  0x0841, 0x0841, 0x0841, 0x0841, 0x0841, 0x0841, 0x0841, 0x0841, 0x0841, 0x0841, 0x0841, 0x0841,
  0x0841, 0x0841, 0x0841, 0x0841, 0x0841, 0x0841, 0x0841, 0x0841, 0x0841, 0x0841, 0x0841, 0x0841,
  0x0841, 0x0841, 0x0841, 0x0841, 0x0841, 0x0841, 0x0841, 0x0841, 0x0841, 0x0841, 0x0841, 0x0841,
  0x0841, 0x0841, 0x0841, 0x0841, 0x0841, 0x0841, 0x0841, 0x0841, 0x0841, 0x0841, 0x0841, 0x0841,
  0x0841, 0x0841, 0x0841, 0x0841, 0x0841, 0x0841, 0x0841, 0x0841, 0x0841, 0x0841, 0x0841, 0x0841,
  0x0841, 0x0841, 0x0841, 0x0841, 0x0841, 0x0841, 0x0841, 0x0841, 0x0841, 0x0841, 0x0841, 0x0841,
  0x0841, 0x0841, 0x0841, 0x0841, 0x0841, 0x0841, 0x0841, 0x0841, 0x0841, 0x0841, 0x0841, 0x0841,
  0x0841, 0x0841, 0x0841, 0x0841, 0x0841, 0x0841, 0x0841, 0x0841, 0x0841, 0x0841, 0x0841, 0x0841,
  0x0841, 0x0841, 0x0841, 0x0841, 0x0841, 0x0841, 0x0841, 0x0841, 0x0841, 0x0841, 0x0841, 0x0841,
  0x0841, 0x0841, 0x0841, 0x0841, 0x0841, 0x0841, 0x0841, 0x0841, 0x0841, 0x0841, 0x0841, 0x0841,
  0x0841, 0x0841, 0x0841, 0x0841, 0x0841, 0x0841, 0x0841, 0x0841, 0x0841, 0x0841, 0x0841, 0x0841,
  0x0000, 0x0000, 0x0000, 0x0000, 0x0000, 0x0000, 0x0000, 0x0000, 0x0000, 0x0000, 0x0000, 0x0000,
  0x0000, 0x0000, 0x0000, 0x0000, 0x0000, 0x0000, 0x0000, 0x0000, 0x0000, 0x0000, 0x0000, 0x0000,
  0x0000, 0x0000, 0x0000, 0x0000, 0x0000, 0x0000, 0x0000, 0x0000, 0x0000, 0x0000, 0x0000, 0x0000,
  0x0000, 0x0000, 0x0000, 0x0000, 0x0000, 0x0000, 0x0000, 0x0000, 0x0000, 0x0000, 0x0000, 0x0000,
  0x0000, 0x0000, 0x0000, 0x0000, 0x0000, 0x0000, 0x0000, 0x0000, 0x0000, 0x0000, 0x0000, 0x0000,
  0x0000, 0x0000, 0x0000, 0x0000, 0x0000, 0x0000, 0x0000, 0x0000, 0x0000, 0x0000, 0x0000, 0x0000,
  0x0000, 0x0000, 0x0000, 0x0000, 0x0000, 0x0000, 0x0000, 0x0000, 0x0000, 0x0000, 0x0000, 0x0000,
  0x0000, 0x0000, 0x0000, 0x0000, 0x0000, 0x0000, 0x0000, 0x0000, 0x0000, 0x0000, 0x0000, 0x0000,
  0x0000, 0x0000, 0x0000, 0x0000, 0x0000, 0x0000, 0x0000, 0x0000, 0x0000, 0x0000, 0x0000, 0x0000,
  0x0000, 0x0000, 0x0000, 0x0000, 0x0000, 0x0000, 0x0000, 0x0000, 0x0000, 0x0000, 0x0000, 0x0000,
  0x0000, 0x0000, 0x0000, 0x0000, 0x0000, 0x0000, 0x0000, 0x0000, 0x0000, 0x0000, 0x0000, 0x0000,
  0x0000, 0x0000, 0x0000, 0x0000, 0x0000, 0x0000, 0x0000, 0x0000, 0x0000, 0x0000, 0x0000, 0x0000,
  0x0000, 0x0000, 0x0000, 0x0000, 0x0000, 0x0000, 0x0000, 0x0000, 0x0000, 0x0000, 0x0000, 0x0000,
  0x0000, 0x0000, 0x0000, 0x0000, 0x0000, 0x0000, 0x0000, 0x0000, 0x0000, 0x0000, 0x0000, 0x0000,
  0x0000, 0x0000, 0x0000, 0x0000, 0x0000, 0x0000, 0x0000, 0x0000, 0x0000, 0x0000, 0x0000, 0x0000,
  0x0000, 0x0000, 0x0000, 0x0000, 0x0000, 0x0000, 0x0000, 0x0000, 0x0000, 0x0000, 0x0000, 0x0000,
  0x0000, 0x0000, 0x0000, 0x0000, 0x0000, 0x0000, 0x0000, 0x0000, 0x0000, 0x0000, 0x0000, 0x0000,
  0x0000, 0x0000, 0x0000, 0x0000, 0x0000, 0x0000, 0x0000, 0x0000, 0x0000, 0x0000, 0x0000, 0x0000,
  0x0000, 0x0000, 0x0000, 0x0000, 0x0000, 0x0000, 0x0000, 0x0000, 0x0000, 0x0000, 0x0000, 0x0000,
  0x0000, 0x0000, 0x0000, 0x0000, 0x0000, 0x0000, 0x0000, 0x0000, 0x0000, 0x0000, 0x0000, 0x0000,
  0x1082, 0x1082, 0x1082, 0x1082, 0x1082, 0x1082, 0x1082, 0x1082, 0x1082, 0x1082, 0x1082, 0x1082,
  0x1082, 0x1082, 0x1082, 0x1082, 0x1082, 0x1082, 0x1082, 0x1082, 0x1082, 0x1082, 0x1082, 0x1082,
  0x1082, 0x1082, 0x1082, 0x1082, 0x1082, 0x1082, 0x1082, 0x1082, 0x1082, 0x1082, 0x1082, 0x1082,
  0x1082, 0x1082, 0x1082, 0x1082, 0x1082, 0x1082, 0x1082, 0x1082, 0x1082, 0x1082, 0x1082, 0x1082,
  0x1082, 0x1082, 0x1082, 0x1082, 0x1082, 0x1082, 0x1082, 0x1082, 0x1082, 0x1082, 0x1082, 0x1082,
  0x1082, 0x1082, 0x1082, 0x1082, 0x1082, 0x1082, 0x1082, 0x1082, 0x1082, 0x1082, 0x1082, 0x1082,
  0x1082, 0x1082, 0x1082, 0x1082, 0x1082, 0x1082, 0x1082, 0x1082, 0x1082, 0x1082, 0x1082, 0x1082,
  0x1082, 0x1082, 0x1082, 0x1082, 0x1082, 0x1082, 0x1082, 0x1082, 0x1082, 0x1082, 0x1082, 0x1082,
  0x1082, 0x1082, 0x1082, 0x1082, 0x1082, 0x1082, 0x1082, 0x1082, 0x1082, 0x1082, 0x1082, 0x1082,
  0x1082, 0x1082, 0x1082, 0x1082, 0x1082, 0x1082, 0x1082, 0x1082, 0x1082, 0x1082, 0x1082, 0x1082,
  0x1082, 0x1082, 0x1082, 0x1082, 0x1082, 0x1082, 0x1082, 0x1082, 0x1082, 0x1082, 0x1082, 0x1082,
  0x1082, 0x1082, 0x1082, 0x1082, 0x1082, 0x1082, 0x1082, 0x1082, 0x1082, 0x1082, 0x1082, 0x1082,
  0x1082, 0x1082, 0x1082, 0x1082, 0x1082, 0x1082, 0x1082, 0x1082, 0x1082, 0x1082, 0x1082, 0x1082,
  0x1082, 0x1082, 0x1082, 0x1082, 0x1082, 0x1082, 0x1082, 0x1082, 0x1082, 0x1082, 0x1082, 0x1082,
  0x1082, 0x1082, 0x1082, 0x1082, 0x1082, 0x1082, 0x1082, 0x1082, 0x1082, 0x1082, 0x1082, 0x1082,
  0x1082, 0x1082, 0x1082, 0x1082, 0x1082, 0x1082, 0x1082, 0x1082, 0x1082, 0x1082, 0x1082, 0x1082,
  0x1082, 0x1082, 0x1082, 0x1082, 0x1082, 0x1082, 0x1082, 0x1082, 0x1082, 0x1082, 0x1082, 0x1082,
  0x1082, 0x1082, 0x1082, 0x1082, 0x1082, 0x1082, 0x1082, 0x1082, 0x1082, 0x1082, 0x1082, 0x1082,
  0x1082, 0x1082, 0x1082, 0x1082, 0x1082, 0x1082, 0x1082, 0x1082, 0x1082, 0x1082, 0x1082, 0x1082,
  0x1082, 0x1082, 0x1082, 0x1082, 0x1082, 0x1082, 0x1082, 0x1082, 0x1082, 0x1082, 0x1082, 0x1082,
  0x0020, 0x0020, 0x0020, 0x0020, 0x0020, 0x0020, 0x0020, 0x0020, 0x0020, 0x0020, 0x0020, 0x0020,
  0x0020, 0x0020, 0x0020, 0x0020, 0x0020, 0x0020, 0x0020, 0x0020, 0x0020, 0x0020, 0x0020, 0x0020,
  0x0020, 0x0020, 0x0020, 0x0020, 0x0020, 0x0020, 0x0020, 0x0020, 0x0020, 0x0020, 0x0020, 0x0020,
  0x0020, 0x0020, 0x0020, 0x0020, 0x0020, 0x0020, 0x0020, 0x0020, 0x0020, 0x0020, 0x0020, 0x0020,
  0x0020, 0x0020, 0x0020, 0x0020, 0x0020, 0x0020, 0x0020, 0x0020, 0x0020, 0x0020, 0x0020, 0x0020,
  0x0020, 0x0020, 0x0020, 0x0020, 0x0020, 0x0020, 0x0020, 0x0020, 0x0020, 0x0020, 0x0020, 0x0020,
  0x0020, 0x0020, 0x0020, 0x0020, 0x0020, 0x0020, 0x0020, 0x0020, 0x0020, 0x0020, 0x0020, 0x0020,
  0x0020, 0x0020, 0x0020, 0x0020, 0x0020, 0x0020, 0x0020, 0x0020, 0x0020, 0x0020, 0x0020, 0x0020,
  0x0020, 0x0020, 0x0020, 0x0020, 0x0020, 0x0020, 0x0020, 0x0020, 0x0020, 0x0020, 0x0020, 0x0020,
  0x0020, 0x0020, 0x0020, 0x0020, 0x0020, 0x0020, 0x0020, 0x0020, 0x0020, 0x0020, 0x0020, 0x0020,
  0x0020, 0x0020, 0x0020, 0x0020, 0x0020, 0x0020, 0x0020, 0x0020, 0x0020, 0x0020, 0x0020, 0x0020,
  0x0020, 0x0020, 0x0020, 0x0020, 0x0020, 0x0020, 0x0020, 0x0020, 0x0020, 0x0020, 0x0020, 0x0020,
  0x0020, 0x0020, 0x0020, 0x0020, 0x0020, 0x0020, 0x0020, 0x0020, 0x0020, 0x0020, 0x0020, 0x0020,
  0x0020, 0x0020, 0x0020, 0x0020, 0x0020, 0x0020, 0x0020, 0x0020, 0x0020, 0x0020, 0x0020, 0x0020,
  0x0020, 0x0020, 0x0020, 0x0020, 0x0020, 0x0020, 0x0020, 0x0020, 0x0020, 0x0020, 0x0020, 0x0020,
  0x0020, 0x0020, 0x0020, 0x0020, 0x0020, 0x0020, 0x0020, 0x0020, 0x0020, 0x0020, 0x0020, 0x0020,
  0x0020, 0x0020, 0x0020, 0x0020, 0x0020, 0x0020, 0x0020, 0x0020, 0x0020, 0x0020, 0x0020, 0x0020,
  0x0020, 0x0020, 0x0020, 0x0020, 0x0020, 0x0020, 0x0020, 0x0020, 0x0020, 0x0020, 0x0020, 0x0020,
  0x0020, 0x0020, 0x0020, 0x0020, 0x0020, 0x0020, 0x0020, 0x0020, 0x0020, 0x0020, 0x0020, 0x0020,
  0x0020, 0x0020, 0x0020, 0x0020, 0x0020, 0x0020, 0x0020, 0x0020, 0x0020, 0x0020, 0x0020, 0x0020,
  0x0020, 0x0020, 0x0020, 0x0020, 0x0020, 0x0020, 0x0020, 0x0020, 0x0020, 0x0020, 0x0020, 0x0020,
  0x0020, 0x0020, 0x0020, 0x0020, 0x0020, 0x0020, 0x0020, 0x0020, 0x0020, 0x0020, 0x0020, 0x0020,
  0x0020, 0x0020, 0x0020, 0x0020, 0x0020, 0x0020, 0x0020, 0x0020, 0x0020, 0x0020, 0x0020, 0x0020,
  0x0020, 0x0020, 0x0020, 0x0020, 0x0020, 0x0020, 0x0020, 0x0020, 0x0020, 0x0020, 0x0020, 0x0020,
  0x0020, 0x0020, 0x0020, 0x0020, 0x0020, 0x0020, 0x0020, 0x0020, 0x0020, 0x0020, 0x0020, 0x0020,
  0x0020, 0x0020, 0x0020, 0x0020, 0x0020, 0x0020, 0x0020, 0x0020, 0x0020, 0x0020, 0x0020, 0x0020,
  0x0020, 0x0020, 0x0020, 0x0020, 0x0020, 0x0020, 0x0020, 0x0020, 0x0020, 0x0020, 0x0020, 0x0020,
  0x0020, 0x0020, 0x0020, 0x0020, 0x0020, 0x0020, 0x0020, 0x0020, 0x0020, 0x0020, 0x0020, 0x0020,
  0x0020, 0x0020, 0x0020, 0x0020, 0x0020, 0x0020, 0x0020, 0x0020, 0x0020, 0x0020, 0x0020, 0x0020,
  0x0020, 0x0020, 0x0020, 0x0020, 0x0020, 0x0020, 0x0020, 0x0020, 0x0020, 0x0020, 0x0020, 0x0020,
  0x0020, 0x0020, 0x0020, 0x0020, 0x0020, 0x0020, 0x0020, 0x0020, 0x0020, 0x0020, 0x0020, 0x0020,
  0x0020, 0x0020, 0x0020, 0x0020, 0x0020, 0x0020, 0x0020, 0x0020, 0x0020, 0x0020, 0x0020, 0x0020,
  0x0020, 0x0020, 0x0020, 0x0020, 0x0020, 0x0020, 0x0020, 0x0020, 0x0020, 0x0020, 0x0020, 0x0020,
  0x0020, 0x0020, 0x0020, 0x0020, 0x0020, 0x0020, 0x0020, 0x0020, 0x0020, 0x0020, 0x0020, 0x0020,
  0x0020, 0x0020, 0x0020, 0x0020, 0x0020, 0x0020, 0x0020, 0x0020, 0x0020, 0x0020, 0x0020, 0x0020,
  0x0020, 0x0020, 0x0020, 0x0020, 0x0020, 0x0020, 0x0020, 0x0020, 0x0020, 0x0020, 0x0020, 0x0020,
  0x0020, 0x0020, 0x0020, 0x0020, 0x0020, 0x0020, 0x0020, 0x0020, 0x0020, 0x0020, 0x0020, 0x0020,
  0x0020, 0x0020, 0x0020, 0x0020, 0x0020, 0x0020, 0x0020, 0x0020, 0x0020, 0x0020, 0x0020, 0x0020,
  0x0020, 0x0020, 0x0020, 0x0020, 0x0020, 0x0020, 0x0020, 0x0020, 0x0020, 0x0020, 0x0020, 0x0020,
  0x0020, 0x0020, 0x0020, 0x0020, 0x0020, 0x0020, 0x0020, 0x0020, 0x0020, 0x0020, 0x0020, 0x0020,
  0x1082, 0x1082, 0x1082, 0x1082, 0x1082, 0x1082, 0x1082, 0x1082, 0x1082, 0x1082, 0x1082, 0x1082,
  0x1082, 0x1082, 0x1082, 0x1082, 0x1082, 0x1082, 0x1082, 0x1082, 0x1082, 0x1082, 0x1082, 0x1082,
  0x1082, 0x1082, 0x1082, 0x1082, 0x1082, 0x1082, 0x1082, 0x1082, 0x1082, 0x1082, 0x1082, 0x1082,
  0x1082, 0x1082, 0x1082, 0x1082, 0x1082, 0x1082, 0x1082, 0x1082, 0x1082, 0x1082, 0x1082, 0x1082,
  0x1082, 0x1082, 0x1082, 0x1082, 0x1082, 0x1082, 0x1082, 0x1082, 0x1082, 0x1082, 0x1082, 0x1082,
  0x1082, 0x1082, 0x1082, 0x1082, 0x1082, 0x1082, 0x1082, 0x1082, 0x1082, 0x1082, 0x1082, 0x1082,
  0x1082, 0x1082, 0x1082, 0x1082, 0x1082, 0x1082, 0x1082, 0x1082, 0x1082, 0x1082, 0x1082, 0x1082,
  0x1082, 0x1082, 0x1082, 0x1082, 0x1082, 0x1082, 0x1082, 0x1082, 0x1082, 0x1082, 0x1082, 0x1082,
  0x1082, 0x1082, 0x1082, 0x1082, 0x1082, 0x1082, 0x1082, 0x1082, 0x1082, 0x1082, 0x1082, 0x1082,
  0x1082, 0x1082, 0x1082, 0x1082, 0x1082, 0x1082, 0x1082, 0x1082, 0x1082, 0x1082, 0x1082, 0x1082,
  0x1082, 0x1082, 0x1082, 0x1082, 0x1082, 0x1082, 0x1082, 0x1082, 0x1082, 0x1082, 0x1082, 0x1082,
  0x1082, 0x1082, 0x1082, 0x1082, 0x1082, 0x1082, 0x1082, 0x1082, 0x1082, 0x1082, 0x1082, 0x1082,
  0x1082, 0x1082, 0x1082, 0x1082, 0x1082, 0x1082, 0x1082, 0x1082, 0x1082, 0x1082, 0x1082, 0x1082,
  0x1082, 0x1082, 0x1082, 0x1082, 0x1082, 0x1082, 0x1082, 0x1082, 0x1082, 0x1082, 0x1082, 0x1082,
  0x1082, 0x1082, 0x1082, 0x1082, 0x1082, 0x1082, 0x1082, 0x1082, 0x1082, 0x1082, 0x1082, 0x1082,
  0x1082, 0x1082, 0x1082, 0x1082, 0x1082, 0x1082, 0x1082, 0x1082, 0x1082, 0x1082, 0x1082, 0x1082,
  0x1082, 0x1082, 0x1082, 0x1082, 0x1082, 0x1082, 0x1082, 0x1082, 0x1082, 0x1082, 0x1082, 0x1082,
  0x1082, 0x1082, 0x1082, 0x1082, 0x1082, 0x1082, 0x1082, 0x1082, 0x1082, 0x1082, 0x1082, 0x1082,
  0x1082, 0x1082, 0x1082, 0x1082, 0x1082, 0x1082, 0x1082, 0x1082, 0x1082, 0x1082, 0x1082, 0x1082,
  0x1082, 0x1082, 0x1082, 0x1082, 0x1082, 0x1082, 0x1082, 0x1082, 0x1082, 0x1082, 0x1082, 0x1082,
  0x0000, 0x0000, 0x0000, 0x0000, 0x0000, 0x0000, 0x0000, 0x0000, 0x0000, 0x0000, 0x0000, 0x0000,
  0x0000, 0x0000, 0x0000, 0x0000, 0x0000, 0x0000, 0x0000, 0x0000, 0x0000, 0x0000, 0x0000, 0x0000,
  0x0000, 0x0000, 0x0000, 0x0000, 0x0000, 0x0000, 0x0000, 0x0000, 0x0000, 0x0000, 0x0000, 0x0000,
  0x0000, 0x0000, 0x0000, 0x0000, 0x0000, 0x0000, 0x0000, 0x0000, 0x0000, 0x0000, 0x0000, 0x0000,
  0x0000, 0x0000, 0x0000, 0x0000, 0x0000, 0x0000, 0x0000, 0x0000, 0x0000, 0x0000, 0x0000, 0x0000,
  0x0000, 0x0000, 0x0000, 0x0000, 0x0000, 0x0000, 0x0000, 0x0000, 0x0000, 0x0000, 0x0000, 0x0000,
  0x0000, 0x0000, 0x0000, 0x0000, 0x0000, 0x0000, 0x0000, 0x0000, 0x0000, 0x0000, 0x0000, 0x0000,
  0x0000, 0x0000, 0x0000, 0x0000, 0x0000, 0x0000, 0x0000, 0x0000, 0x0000, 0x0000, 0x0000, 0x0000,
  0x0000, 0x0000, 0x0000, 0x0000, 0x0000, 0x0000, 0x0000, 0x0000, 0x0000, 0x0000, 0x0000, 0x0000,
  0x0000, 0x0000, 0x0000, 0x0000, 0x0000, 0x0000, 0x0000, 0x0000, 0x0000, 0x0000, 0x0000, 0x0000,
  0x0000, 0x0000, 0x0000, 0x0000, 0x0000, 0x0000, 0x0000, 0x0000, 0x0000, 0x0000, 0x0000, 0x0000,
  0x0000, 0x0000, 0x0000, 0x0000, 0x0000, 0x0000, 0x0000, 0x0000, 0x0000, 0x0000, 0x0000, 0x0000,
  0x0000, 0x0000, 0x0000, 0x0000, 0x0000, 0x0000, 0x0000, 0x0000, 0x0000, 0x0000, 0x0000, 0x0000,
  0x0000, 0x0000, 0x0000, 0x0000, 0x0000, 0x0000, 0x0000, 0x0000, 0x0000, 0x0000, 0x0000, 0x0000,
  0x0000, 0x0000, 0x0000, 0x0000, 0x0000, 0x0000, 0x0000, 0x0000, 0x0000, 0x0000, 0x0000, 0x0000,
  0x0000, 0x0000, 0x0000, 0x0000, 0x0000, 0x0000, 0x0000, 0x0000, 0x0000, 0x0000, 0x0000, 0x0000,
  0x0000, 0x0000, 0x0000, 0x0000, 0x0000, 0x0000, 0x0000, 0x0000, 0x0000, 0x0000, 0x0000, 0x0000,
  0x0000, 0x0000, 0x0000, 0x0000, 0x0000, 0x0000, 0x0000, 0x0000, 0x0000, 0x0000, 0x0000, 0x0000,
  0x0000, 0x0000, 0x0000, 0x0000, 0x0000, 0x0000, 0x0000, 0x0000, 0x0000, 0x0000, 0x0000, 0x0000,
  0x0000, 0x0000, 0x0000, 0x0000, 0x0000, 0x0000, 0x0000, 0x0000, 0x0000, 0x0000, 0x0000, 0x0000,
  0x0861, 0x0861, 0x0861, 0x0861, 0x0861, 0x0861, 0x0861, 0x0861, 0x0861, 0x0861, 0x0861, 0x0861,
  0x0861, 0x0861, 0x0861, 0x0861, 0x0861, 0x0861, 0x0861, 0x0861, 0x0861, 0x0861, 0x0861, 0x0861,
  0x0861, 0x0861, 0x0861, 0x0861, 0x0861, 0x0861, 0x0861, 0x0861, 0x0861, 0x0861, 0x0861, 0x0861,
  0x0861, 0x0861, 0x0861, 0x0861, 0x0861, 0x0861, 0x0861, 0x0861, 0x0861, 0x0861, 0x0861, 0x0861,
  0x0861, 0x0861, 0x0861, 0x0861, 0x0861, 0x0861, 0x0861, 0x0861, 0x0861, 0x0861, 0x0861, 0x0861,
  0x0861, 0x0861, 0x0861, 0x0861, 0x0861, 0x0861, 0x0861, 0x0861, 0x0861, 0x0861, 0x0861, 0x0861,
  0x0861, 0x0861, 0x0861, 0x0861, 0x0861, 0x0861, 0x0861, 0x0861, 0x0861, 0x0861, 0x0861, 0x0861,
  0x0861, 0x0861, 0x0861, 0x0861, 0x0861, 0x0861, 0x0861, 0x0861, 0x0861, 0x0861, 0x0861, 0x0861,
  0x0861, 0x0861, 0x0861, 0x0861, 0x0861, 0x0861, 0x0861, 0x0861, 0x0861, 0x0861, 0x0861, 0x0861,
  0x0861, 0x0861, 0x0861, 0x0861, 0x0861, 0x0861, 0x0861, 0x0861, 0x0861, 0x0861, 0x0861, 0x0861,
  0x0861, 0x0861, 0x0861, 0x0861, 0x0861, 0x0861, 0x0861, 0x0861, 0x0861, 0x0861, 0x0861, 0x0861,
  0x0861, 0x0861, 0x0861, 0x0861, 0x0861, 0x0861, 0x0861, 0x0861, 0x0861, 0x0861, 0x0861, 0x0861,
  0x0861, 0x0861, 0x0861, 0x0861, 0x0861, 0x0861, 0x0861, 0x0861, 0x0861, 0x0861, 0x0861, 0x0861,
  0x0861, 0x0861, 0x0861, 0x0861, 0x0861, 0x0861, 0x0861, 0x0861, 0x0861, 0x0861, 0x0861, 0x0861,
  0x0861, 0x0861, 0x0861, 0x0861, 0x0861, 0x0861, 0x0861, 0x0861, 0x0861, 0x0861, 0x0861, 0x0861,
  0x0861, 0x0861, 0x0861, 0x0861, 0x0861, 0x0861, 0x0861, 0x0861, 0x0861, 0x0861, 0x0861, 0x0861,
  0x0861, 0x0861, 0x0861, 0x0861, 0x0861, 0x0861, 0x0861, 0x0861, 0x0861, 0x0861, 0x0861, 0x0861,
  0x0861, 0x0861, 0x0861, 0x0861, 0x0861, 0x0861, 0x0861, 0x0861, 0x0861, 0x0861, 0x0861, 0x0861,
  0x0861, 0x0861, 0x0861, 0x0861, 0x0861, 0x0861, 0x0861, 0x0861, 0x0861, 0x0861, 0x0861, 0x0861,
  0x0861, 0x0861, 0x0861, 0x0861, 0x0861, 0x0861, 0x0861, 0x0861, 0x0861, 0x0861, 0x0861, 0x0861,
  0x0841, 0x0841, 0x0841, 0x0841, 0x0841, 0x0841, 0x0841, 0x0841, 0x0841, 0x0841, 0x0841, 0x0841,
  0x0841, 0x0841, 0x0841, 0x0841, 0x0841, 0x0841, 0x0841, 0x0841, 0x0841, 0x0841, 0x0841, 0x0841,
  0x0841, 0x0841, 0x0841, 0x0841, 0x0841, 0x0841, 0x0841, 0x0841, 0x0841, 0x0841, 0x0841, 0x0841,
  0x0841, 0x0841, 0x0841, 0x0841, 0x0841, 0x0841, 0x0841, 0x0841, 0x0841, 0x0841, 0x0841, 0x0841,
  0x0841, 0x0841, 0x0841, 0x0841, 0x0841, 0x0841, 0x0841, 0x0841, 0x0841, 0x0841, 0x0841, 0x0841,
  0x0841, 0x0841, 0x0841, 0x0841, 0x0841, 0x0841, 0x0841, 0x0841, 0x0841, 0x0841, 0x0841, 0x0841,
  0x0841, 0x0841, 0x0841, 0x0841, 0x0841, 0x0841, 0x0841, 0x0841, 0x0841, 0x0841, 0x0841, 0x0841,
  0x0841, 0x0841, 0x0841, 0x0841, 0x0841, 0x0841, 0x0841, 0x0841, 0x0841, 0x0841, 0x0841, 0x0841,
  0x0841, 0x0841, 0x0841, 0x0841, 0x0841, 0x0841, 0x0841, 0x0841, 0x0841, 0x0841, 0x0841, 0x0841,
  0x0841, 0x0841, 0x0841, 0x0841, 0x0841, 0x0841, 0x0841, 0x0841, 0x0841, 0x0841, 0x0841, 0x0841,
  0x0841, 0x0841, 0x0841, 0x0841, 0x0841, 0x0841, 0x0841, 0x0841, 0x0841, 0x0841, 0x0841, 0x0841,
  0x0841, 0x0841, 0x0841, 0x0841, 0x0841, 0x0841, 0x0841, 0x0841, 0x0841, 0x0841, 0x0841, 0x0841,
  0x0841, 0x0841, 0x0841, 0x0841, 0x0841, 0x0841, 0x0841, 0x0841, 0x0841, 0x0841, 0x0841, 0x0841,
  0x0841, 0x0841, 0x0841, 0x0841, 0x0841, 0x0841, 0x0841, 0x0841, 0x0841, 0x0841, 0x0841, 0x0841,
  0x0841, 0x0841, 0x0841, 0x0841, 0x0841, 0x0841, 0x0841, 0x0841, 0x0841, 0x0841, 0x0841, 0x0841,
  0x0841, 0x0841, 0x0841, 0x0841, 0x0841, 0x0841, 0x0841, 0x0841, 0x0841, 0x0841, 0x0841, 0x0841,
  0x0841, 0x0841, 0x0841, 0x0841, 0x0841, 0x0841, 0x0841, 0x0841, 0x0841, 0x0841, 0x0841, 0x0841,
  0x0841, 0x0841, 0x0841, 0x0841, 0x0841, 0x0841, 0x0841, 0x0841, 0x0841, 0x0841, 0x0841, 0x0841,
  0x0841, 0x0841, 0x0841, 0x0841, 0x0841, 0x0841, 0x0841, 0x0841, 0x0841, 0x0841, 0x0841, 0x0841,
  0x0841, 0x0841, 0x0841, 0x0841, 0x0841, 0x0841, 0x0841, 0x0841, 0x0841, 0x0841, 0x0841, 0x0841,
  0x0000, 0x0000, 0x0000, 0x0000, 0x0000, 0x0000, 0x0000, 0x0000, 0x0000, 0x0000, 0x0000, 0x0000,
  0x0000, 0x0000, 0x0000, 0x0000, 0x0000, 0x0000, 0x0000, 0x0000, 0x0000, 0x0000, 0x0000, 0x0000,
  0x0000, 0x0000, 0x0000, 0x0000, 0x0000, 0x0000, 0x0000, 0x0000, 0x0000, 0x0000, 0x0000, 0x0000,
  0x0000, 0x0000, 0x0000, 0x0000, 0x0000, 0x0000, 0x0000, 0x0000, 0x0000, 0x0000, 0x0000, 0x0000,
  0x0000, 0x0000, 0x0000, 0x0000, 0x0000, 0x0000, 0x0000, 0x0000, 0x0000, 0x0000, 0x0000, 0x0000,
  0x0000, 0x0000, 0x0000, 0x0000, 0x0000, 0x0000, 0x0000, 0x0000, 0x0000, 0x0000, 0x0000, 0x0000,
  0x0000, 0x0000, 0x0000, 0x0000, 0x0000, 0x0000, 0x0000, 0x0000, 0x0000, 0x0000, 0x0000, 0x0000,
  0x0000, 0x0000, 0x0000, 0x0000, 0x0000, 0x0000, 0x0000, 0x0000, 0x0000, 0x0000, 0x0000, 0x0000,
  0x0000, 0x0000, 0x0000, 0x0000, 0x0000, 0x0000, 0x0000, 0x0000, 0x0000, 0x0000, 0x0000, 0x0000,
  0x0000, 0x0000, 0x0000, 0x0000, 0x0000, 0x0000, 0x0000, 0x0000, 0x0000, 0x0000, 0x0000, 0x0000,
  0x0000, 0x0000, 0x0000, 0x0000, 0x0000, 0x0000, 0x0000, 0x0000, 0x0000, 0x0000, 0x0000, 0x0000,
  0x0000, 0x0000, 0x0000, 0x0000, 0x0000, 0x0000, 0x0000, 0x0000, 0x0000, 0x0000, 0x0000, 0x0000,
  0x0000, 0x0000, 0x0000, 0x0000, 0x0000, 0x0000, 0x0000, 0x0000, 0x0000, 0x0000, 0x0000, 0x0000,
  0x0000, 0x0000, 0x0000, 0x0000, 0x0000, 0x0000, 0x0000, 0x0000, 0x0000, 0x0000, 0x0000, 0x0000,
  0x0000, 0x0000, 0x0000, 0x0000, 0x0000, 0x0000, 0x0000, 0x0000, 0x0000, 0x0000, 0x0000, 0x0000,
  0x0000, 0x0000, 0x0000, 0x0000, 0x0000, 0x0000, 0x0000, 0x0000, 0x0000, 0x0000, 0x0000, 0x0000,
  0x0000, 0x0000, 0x0000, 0x0000, 0x0000, 0x0000, 0x0000, 0x0000, 0x0000, 0x0000, 0x0000, 0x0000,
  0x0000, 0x0000, 0x0000, 0x0000, 0x0000, 0x0000, 0x0000, 0x0000, 0x0000, 0x0000, 0x0000, 0x0000,
  0x0000, 0x0000, 0x0000, 0x0000, 0x0000, 0x0000, 0x0000, 0x0000, 0x0000, 0x0000, 0x0000, 0x0000,
  0x0000, 0x0000, 0x0000, 0x0000, 0x0000, 0x0000, 0x0000, 0x0000, 0x0000, 0x0000, 0x0000, 0x0000,
  0x1082, 0x1082, 0x1082, 0x1082, 0x1082, 0x1082, 0x1082, 0x1082, 0x1082, 0x1082, 0x1082, 0x1082,
  0x1082, 0x1082, 0x1082, 0x1082, 0x1082, 0x1082, 0x1082, 0x1082, 0x1082, 0x1082, 0x1082, 0x1082,
  0x1082, 0x1082, 0x1082, 0x1082, 0x1082, 0x1082, 0x1082, 0x1082, 0x1082, 0x1082, 0x1082, 0x1082,
  0x1082, 0x1082, 0x1082, 0x1082, 0x1082, 0x1082, 0x1082, 0x1082, 0x1082, 0x1082, 0x1082, 0x1082,
  0x1082, 0x1082, 0x1082, 0x1082, 0x1082, 0x1082, 0x1082, 0x1082, 0x1082, 0x1082, 0x1082, 0x1082,
  0x1082, 0x1082, 0x1082, 0x1082, 0x1082, 0x1082, 0x1082, 0x1082, 0x1082, 0x1082, 0x1082, 0x1082,
  0x1082, 0x1082, 0x1082, 0x1082, 0x1082, 0x1082, 0x1082, 0x1082, 0x1082, 0x1082, 0x1082, 0x1082,
  0x1082, 0x1082, 0x1082, 0x1082, 0x1082, 0x1082, 0x1082, 0x1082, 0x1082, 0x1082, 0x1082, 0x1082,
  0x1082, 0x1082, 0x1082, 0x1082, 0x1082, 0x1082, 0x1082, 0x1082, 0x1082, 0x1082, 0x1082, 0x1082,
  0x1082, 0x1082, 0x1082, 0x1082, 0x1082, 0x1082, 0x1082, 0x1082, 0x1082, 0x1082, 0x1082, 0x1082,
  0x1082, 0x1082, 0x1082, 0x1082, 0x1082, 0x1082, 0x1082, 0x1082, 0x1082, 0x1082, 0x1082, 0x1082,
  0x1082, 0x1082, 0x1082, 0x1082, 0x1082, 0x1082, 0x1082, 0x1082, 0x1082, 0x1082, 0x1082, 0x1082,
  0x1082, 0x1082, 0x1082, 0x1082, 0x1082, 0x1082, 0x1082, 0x1082, 0x1082, 0x1082, 0x1082, 0x1082,
  0x1082, 0x1082, 0x1082, 0x1082, 0x1082, 0x1082, 0x1082, 0x1082, 0x1082, 0x1082, 0x1082, 0x1082,
  0x1082, 0x1082, 0x1082, 0x1082, 0x1082, 0x1082, 0x1082, 0x1082, 0x1082, 0x1082, 0x1082, 0x1082,
  0x1082, 0x1082, 0x1082, 0x1082, 0x1082, 0x1082, 0x1082, 0x1082, 0x1082, 0x1082, 0x1082, 0x1082,
  0x1082, 0x1082, 0x1082, 0x1082, 0x1082, 0x1082, 0x1082, 0x1082, 0x1082, 0x1082, 0x1082, 0x1082,
  0x1082, 0x1082, 0x1082, 0x1082, 0x1082, 0x1082, 0x1082, 0x1082, 0x1082, 0x1082, 0x1082, 0x1082,
  0x1082, 0x1082, 0x1082, 0x1082, 0x1082, 0x1082, 0x1082, 0x1082, 0x1082, 0x1082, 0x1082, 0x1082,
  0x1082, 0x1082, 0x1082, 0x1082, 0x1082, 0x1082, 0x1082, 0x1082, 0x1082, 0x1082, 0x1082, 0x1082,
  0x0000, 0x0000, 0x0000, 0x0000, 0x0000, 0x0000, 0x0000, 0x0000, 0x0000, 0x0000, 0x0000, 0x0000,
  0x0000, 0x0000, 0x0000, 0x0000, 0x0000, 0x0000, 0x0000, 0x0000, 0x0000, 0x0000, 0x0000, 0x0000,
  0x0000, 0x0000, 0x0000, 0x0000, 0x0000, 0x0000, 0x0000, 0x0000, 0x0000, 0x0000, 0x0000, 0x0000,
  0x0000, 0x0000, 0x0000, 0x0000, 0x0000, 0x0000, 0x0000, 0x0000, 0x0000, 0x0000, 0x0000, 0x0000,
  0x0000, 0x0000, 0x0000, 0x0000, 0x0000, 0x0000, 0x0000, 0x0000, 0x0000, 0x0000, 0x0000, 0x0000,
  0x0000, 0x0000, 0x0000, 0x0000, 0x0000, 0x0000, 0x0000, 0x0000, 0x0000, 0x0000, 0x0000, 0x0000,
  0x0000, 0x0000, 0x0000, 0x0000, 0x0000, 0x0000, 0x0000, 0x0000, 0x0000, 0x0000, 0x0000, 0x0000,
  0x0000, 0x0000, 0x0000, 0x0000, 0x0000, 0x0000, 0x0000, 0x0000, 0x0000, 0x0000, 0x0000, 0x0000,
  0x0000, 0x0000, 0x0000, 0x0000, 0x0000, 0x0000, 0x0000, 0x0000, 0x0000, 0x0000, 0x0000, 0x0000,
  0x0000, 0x0000, 0x0000, 0x0000, 0x0000, 0x0000, 0x0000, 0x0000, 0x0000, 0x0000, 0x0000, 0x0000,
  0x0000, 0x0000, 0x0000, 0x0000, 0x0000, 0x0000, 0x0000, 0x0000, 0x0000, 0x0000, 0x0000, 0x0000,
  0x0000, 0x0000, 0x0000, 0x0000, 0x0000, 0x0000, 0x0000, 0x0000, 0x0000, 0x0000, 0x0000, 0x0000,
  0x0000, 0x0000, 0x0000, 0x0000, 0x0000, 0x0000, 0x0000, 0x0000, 0x0000, 0x0000, 0x0000, 0x0000,
  0x0000, 0x0000, 0x0000, 0x0000, 0x0000, 0x0000, 0x0000, 0x0000, 0x0000, 0x0000, 0x0000, 0x0000,
  0x0000, 0x0000, 0x0000, 0x0000, 0x0000, 0x0000, 0x0000, 0x0000, 0x0000, 0x0000, 0x0000, 0x0000,
  0x0000, 0x0000, 0x0000, 0x0000, 0x0000, 0x0000, 0x0000, 0x0000, 0x0000, 0x0000, 0x0000, 0x0000,
  0x0000, 0x0000, 0x0000, 0x0000, 0x0000, 0x0000, 0x0000, 0x0000, 0x0000, 0x0000, 0x0000, 0x0000,
  0x0000, 0x0000, 0x0000, 0x0000, 0x0000, 0x0000, 0x0000, 0x0000, 0x0000, 0x0000, 0x0000, 0x0000,
  0x0000, 0x0000, 0x0000, 0x0000, 0x0000, 0x0000, 0x0000, 0x0000, 0x0000, 0x0000, 0x0000, 0x0000,
  0x0000, 0x0000, 0x0000, 0x0000, 0x0000, 0x0000, 0x0000, 0x0000, 0x0000, 0x0000, 0x0000, 0x0000,
  0x0841, 0x0841, 0x0841, 0x0841, 0x0841, 0x0841, 0x0841, 0x0841, 0x0841, 0x0841, 0x0841, 0x0841,
  0x0841, 0x0841, 0x0841, 0x0841, 0x0841, 0x0841, 0x0841, 0x0841, 0x0841, 0x0841, 0x0841, 0x0841,
  0x0841, 0x0841, 0x0841, 0x0841, 0x0841, 0x0841, 0x0841, 0x0841, 0x0841, 0x0841, 0x0841, 0x0841,
  0x0841, 0x0841, 0x0841, 0x0841, 0x0841, 0x0841, 0x0841, 0x0841, 0x0841, 0x0841, 0x0841, 0x0841,
  0x0841, 0x0841, 0x0841, 0x0841, 0x0841, 0x0841, 0x0841, 0x0841, 0x0841, 0x0841, 0x0841, 0x0841,
  0x0841, 0x0841, 0x0841, 0x0841, 0x0841, 0x0841, 0x0841, 0x0841, 0x0841, 0x0841, 0x0841, 0x0841,
  0x0841, 0x0841, 0x0841, 0x0841, 0x0841, 0x0841, 0x0841, 0x0841, 0x0841, 0x0841, 0x0841, 0x0841,
  0x0841, 0x0841, 0x0841, 0x0841, 0x0841, 0x0841, 0x0841, 0x0841, 0x0841, 0x0841, 0x0841, 0x0841,
  0x0841, 0x0841, 0x0841, 0x0841, 0x0841, 0x0841, 0x0841, 0x0841, 0x0841, 0x0841, 0x0841, 0x0841,
  0x0841, 0x0841, 0x0841, 0x0841, 0x0841, 0x0841, 0x0841, 0x0841, 0x0841, 0x0841, 0x0841, 0x0841,
  0x0841, 0x0841, 0x0841, 0x0841, 0x0841, 0x0841, 0x0841, 0x0841, 0x0841, 0x0841, 0x0841, 0x0841,
  0x0841, 0x0841, 0x0841, 0x0841, 0x0841, 0x0841, 0x0841, 0x0841, 0x0841, 0x0841, 0x0841, 0x0841,
  0x0841, 0x0841, 0x0841, 0x0841, 0x0841, 0x0841, 0x0841, 0x0841, 0x0841, 0x0841, 0x0841, 0x0841,
  0x0841, 0x0841, 0x0841, 0x0841, 0x0841, 0x0841, 0x0841, 0x0841, 0x0841, 0x0841, 0x0841, 0x0841,
  0x0841, 0x0841, 0x0841, 0x0841, 0x0841, 0x0841, 0x0841, 0x0841, 0x0841, 0x0841, 0x0841, 0x0841,
  0x0841, 0x0841, 0x0841, 0x0841, 0x0841, 0x0841, 0x0841, 0x0841, 0x0841, 0x0841, 0x0841, 0x0841,
  0x0841, 0x0841, 0x0841, 0x0841, 0x0841, 0x0841, 0x0841, 0x0841, 0x0841, 0x0841, 0x0841, 0x0841,
  0x0841, 0x0841, 0x0841, 0x0841, 0x0841, 0x0841, 0x0841, 0x0841, 0x0841, 0x0841, 0x0841, 0x0841,
  0x0841, 0x0841, 0x0841, 0x0841, 0x0841, 0x0841, 0x0841, 0x0841, 0x0841, 0x0841, 0x0841, 0x0841,
  0x0841, 0x0841, 0x0841, 0x0841, 0x0841, 0x0841, 0x0841, 0x0841, 0x0841, 0x0841, 0x0841, 0x0841,
  0x0861, 0x0861, 0x0861, 0x0861, 0x0861, 0x0861, 0x0861, 0x0861, 0x0861, 0x0861, 0x0861, 0x0861,
  0x0861, 0x0861, 0x0861, 0x0861, 0x0861, 0x0861, 0x0861, 0x0861, 0x0861, 0x0861, 0x0861, 0x0861,
  0x0861, 0x0861, 0x0861, 0x0861, 0x0861, 0x0861, 0x0861, 0x0861, 0x0861, 0x0861, 0x0861, 0x0861,
  0x0861, 0x0861, 0x0861, 0x0861, 0x0861, 0x0861, 0x0861, 0x0861, 0x0861, 0x0861, 0x0861, 0x0861,
  0x0861, 0x0861, 0x0861, 0x0861, 0x0861, 0x0861, 0x0861, 0x0861, 0x0861, 0x0861, 0x0861, 0x0861,
  0x0861, 0x0861, 0x0861, 0x0861, 0x0861, 0x0861, 0x0861, 0x0861, 0x0861, 0x0861, 0x0861, 0x0861,
  0x0861, 0x0861, 0x0861, 0x0861, 0x0861, 0x0861, 0x0861, 0x0861, 0x0861, 0x0861, 0x0861, 0x0861,
  0x0861, 0x0861, 0x0861, 0x0861, 0x0861, 0x0861, 0x0861, 0x0861, 0x0861, 0x0861, 0x0861, 0x0861,
  0x0861, 0x0861, 0x0861, 0x0861, 0x0861, 0x0861, 0x0861, 0x0861, 0x0861, 0x0861, 0x0861, 0x0861,
  0x0861, 0x0861, 0x0861, 0x0861, 0x0861, 0x0861, 0x0861, 0x0861, 0x0861, 0x0861, 0x0861, 0x0861,
  0x0861, 0x0861, 0x0861, 0x0861, 0x0861, 0x0861, 0x0861, 0x0861, 0x0861, 0x0861, 0x0861, 0x0861,
  0x0861, 0x0861, 0x0861, 0x0861, 0x0861, 0x0861, 0x0861, 0x0861, 0x0861, 0x0861, 0x0861, 0x0861,
  0x0861, 0x0861, 0x0861, 0x0861, 0x0861, 0x0861, 0x0861, 0x0861, 0x0861, 0x0861, 0x0861, 0x0861,
  0x0861, 0x0861, 0x0861, 0x0861, 0x0861, 0x0861, 0x0861, 0x0861, 0x0861, 0x0861, 0x0861, 0x0861,
  0x0861, 0x0861, 0x0861, 0x0861, 0x0861, 0x0861, 0x0861, 0x0861, 0x0861, 0x0861, 0x0861, 0x0861,
  0x0861, 0x0861, 0x0861, 0x0861, 0x0861, 0x0861, 0x0861, 0x0861, 0x0861, 0x0861, 0x0861, 0x0861,
  0x0861, 0x0861, 0x0861, 0x0861, 0x0861, 0x0861, 0x0861, 0x0861, 0x0861, 0x0861, 0x0861, 0x0861,
  0x0861, 0x0861, 0x0861, 0x0861, 0x0861, 0x0861, 0x0861, 0x0861, 0x0861, 0x0861, 0x0861, 0x0861,
  0x0861, 0x0861, 0x0861, 0x0861, 0x0861, 0x0861, 0x0861, 0x0861, 0x0861, 0x0861, 0x0861, 0x0861,
  0x0861, 0x0861, 0x0861, 0x0861, 0x0861, 0x0861, 0x0861, 0x0861, 0x0861, 0x0861, 0x0861, 0x0861,
  0x0000, 0x0000, 0x0000, 0x0000, 0x0000, 0x0000, 0x0000, 0x0000, 0x0000, 0x0000, 0x0000, 0x0000,
  0x0000, 0x0000, 0x0000, 0x0000, 0x0000, 0x0000, 0x0000, 0x0000, 0x0000, 0x0000, 0x0000, 0x0000,
  0x0000, 0x0000, 0x0000, 0x0000, 0x0000, 0x0000, 0x0000, 0x0000, 0x0000, 0x0000, 0x0000, 0x0000,
  0x0000, 0x0000, 0x0000, 0x0000, 0x0000, 0x0000, 0x0000, 0x0000, 0x0000, 0x0000, 0x0000, 0x0000,
  0x0000, 0x0000, 0x0000, 0x0000, 0x0000, 0x0000, 0x0000, 0x0000, 0x0000, 0x0000, 0x0000, 0x0000,
  0x0000, 0x0000, 0x0000, 0x0000, 0x0000, 0x0000, 0x0000, 0x0000, 0x0000, 0x0000, 0x0000, 0x0000,
  0x0000, 0x0000, 0x0000, 0x0000, 0x0000, 0x0000, 0x0000, 0x0000, 0x0000, 0x0000, 0x0000, 0x0000,
  0x0000, 0x0000, 0x0000, 0x0000, 0x0000, 0x0000, 0x0000, 0x0000, 0x0000, 0x0000, 0x0000, 0x0000,
  0x0000, 0x0000, 0x0000, 0x0000, 0x0000, 0x0000, 0x0000, 0x0000, 0x0000, 0x0000, 0x0000, 0x0000,
  0x0000, 0x0000, 0x0000, 0x0000, 0x0000, 0x0000, 0x0000, 0x0000, 0x0000, 0x0000, 0x0000, 0x0000,
  0x0000, 0x0000, 0x0000, 0x0000, 0x0000, 0x0000, 0x0000, 0x0000, 0x0000, 0x0000, 0x0000, 0x0000,
  0x0000, 0x0000, 0x0000, 0x0000, 0x0000, 0x0000, 0x0000, 0x0000, 0x0000, 0x0000, 0x0000, 0x0000,
  0x0000, 0x0000, 0x0000, 0x0000, 0x0000, 0x0000, 0x0000, 0x0000, 0x0000, 0x0000, 0x0000, 0x0000,
  0x0000, 0x0000, 0x0000, 0x0000, 0x0000, 0x0000, 0x0000, 0x0000, 0x0000, 0x0000, 0x0000, 0x0000,
  0x0000, 0x0000, 0x0000, 0x0000, 0x0000, 0x0000, 0x0000, 0x0000, 0x0000, 0x0000, 0x0000, 0x0000,
  0x0000, 0x0000, 0x0000, 0x0000, 0x0000, 0x0000, 0x0000, 0x0000, 0x0000, 0x0000, 0x0000, 0x0000,
  0x0000, 0x0000, 0x0000, 0x0000, 0x0000, 0x0000, 0x0000, 0x0000, 0x0000, 0x0000, 0x0000, 0x0000,
  0x0000, 0x0000, 0x0000, 0x0000, 0x0000, 0x0000, 0x0000, 0x0000, 0x0000, 0x0000, 0x0000, 0x0000,
  0x0000, 0x0000, 0x0000, 0x0000, 0x0000, 0x0000, 0x0000, 0x0000, 0x0000, 0x0000, 0x0000, 0x0000,
  0x0000, 0x0000, 0x0000, 0x0000, 0x0000, 0x0000, 0x0000, 0x0000, 0x0000, 0x0000, 0x0000, 0x0000,
  0x1082, 0x1082, 0x1082, 0x1082, 0x1082, 0x1082, 0x1082, 0x1082, 0x1082, 0x1082, 0x1082, 0x1082,
  0x1082, 0x1082, 0x1082, 0x1082, 0x1082, 0x1082, 0x1082, 0x1082, 0x1082, 0x1082, 0x1082, 0x1082,
  0x1082, 0x1082, 0x1082, 0x1082, 0x1082, 0x1082, 0x1082, 0x1082, 0x1082, 0x1082, 0x1082, 0x1082,
  0x1082, 0x1082, 0x1082, 0x1082, 0x1082, 0x1082, 0x1082, 0x1082, 0x1082, 0x1082, 0x1082, 0x1082,
  0x1082, 0x1082, 0x1082, 0x1082, 0x1082, 0x1082, 0x1082, 0x1082, 0x1082, 0x1082, 0x1082, 0x1082,
  0x1082, 0x1082, 0x1082, 0x1082, 0x1082, 0x1082, 0x1082, 0x1082, 0x1082, 0x1082, 0x1082, 0x1082,
  0x1082, 0x1082, 0x1082, 0x1082, 0x1082, 0x1082, 0x1082, 0x1082, 0x1082, 0x1082, 0x1082, 0x1082,
  0x1082, 0x1082, 0x1082, 0x1082, 0x1082, 0x1082, 0x1082, 0x1082, 0x1082, 0x1082, 0x1082, 0x1082,
  0x1082, 0x1082, 0x1082, 0x1082, 0x1082, 0x1082, 0x1082, 0x1082, 0x1082, 0x1082, 0x1082, 0x1082,
  0x1082, 0x1082, 0x1082, 0x1082, 0x1082, 0x1082, 0x1082, 0x1082, 0x1082, 0x1082, 0x1082, 0x1082,
  0x1082, 0x1082, 0x1082, 0x1082, 0x1082, 0x1082, 0x1082, 0x1082, 0x1082, 0x1082, 0x1082, 0x1082,
  0x1082, 0x1082, 0x1082, 0x1082, 0x1082, 0x1082, 0x1082, 0x1082, 0x1082, 0x1082, 0x1082, 0x1082,
  0x1082, 0x1082, 0x1082, 0x1082, 0x1082, 0x1082, 0x1082, 0x1082, 0x1082, 0x1082, 0x1082, 0x1082,
  0x1082, 0x1082, 0x1082, 0x1082, 0x1082, 0x1082, 0x1082, 0x1082, 0x1082, 0x1082, 0x1082, 0x1082,
  0x1082, 0x1082, 0x1082, 0x1082, 0x1082, 0x1082, 0x1082, 0x1082, 0x1082, 0x1082, 0x1082, 0x1082,
  0x1082, 0x1082, 0x1082, 0x1082, 0x1082, 0x1082, 0x1082, 0x1082, 0x1082, 0x1082, 0x1082, 0x1082,
  0x1082, 0x1082, 0x1082, 0x1082, 0x1082, 0x1082, 0x1082, 0x1082, 0x1082, 0x1082, 0x1082, 0x1082,
  0x1082, 0x1082, 0x1082, 0x1082, 0x1082, 0x1082, 0x1082, 0x1082, 0x1082, 0x1082, 0x1082, 0x1082,
  0x1082, 0x1082, 0x1082, 0x1082, 0x1082, 0x1082, 0x1082, 0x1082, 0x1082, 0x1082, 0x1082, 0x1082,
  0x1082, 0x1082, 0x1082, 0x1082, 0x1082, 0x1082, 0x1082, 0x1082, 0x1082, 0x1082, 0x1082, 0x1082,
  0x0020, 0x0020, 0x0020, 0x0020, 0x0020, 0x0020, 0x0020, 0x0020, 0x0020, 0x0020, 0x0020, 0x0020,
  0x0020, 0x0020, 0x0020, 0x0020, 0x0020, 0x0020, 0x0020, 0x0020, 0x0020, 0x0020, 0x0020, 0x0020,
  0x0020, 0x0020, 0x0020, 0x0020, 0x0020, 0x0020, 0x0020, 0x0020, 0x0020, 0x0020, 0x0020, 0x0020,
  0x0020, 0x0020, 0x0020, 0x0020, 0x0020, 0x0020, 0x0020, 0x0020, 0x0020, 0x0020, 0x0020, 0x0020,
  0x0020, 0x0020, 0x0020, 0x0020, 0x0020, 0x0020, 0x0020, 0x0020, 0x0020, 0x0020, 0x0020, 0x0020,
  0x0020, 0x0020, 0x0020, 0x0020, 0x0020, 0x0020, 0x0020, 0x0020, 0x0020, 0x0020, 0x0020, 0x0020,
  0x0020, 0x0020, 0x0020, 0x0020, 0x0020, 0x0020, 0x0020, 0x0020, 0x0020, 0x0020, 0x0020, 0x0020,
  0x0020, 0x0020, 0x0020, 0x0020, 0x0020, 0x0020, 0x0020, 0x0020, 0x0020, 0x0020, 0x0020, 0x0020,
  0x0020, 0x0020, 0x0020, 0x0020, 0x0020, 0x0020, 0x0020, 0x0020, 0x0020, 0x0020, 0x0020, 0x0020,
  0x0020, 0x0020, 0x0020, 0x0020, 0x0020, 0x0020, 0x0020, 0x0020, 0x0020, 0x0040, 0x0040, 0x0040,
  0x0840, 0x0840, 0x0840, 0x0840, 0x0840, 0x0840, 0x0040, 0x0040, 0x0040, 0x0040, 0x0040, 0x0020,
  0x0020, 0x0020, 0x0020, 0x0020, 0x0020, 0x0020, 0x0020, 0x0020, 0x0020, 0x0020, 0x0020, 0x0020,
  0x0020, 0x0020, 0x0020, 0x0020, 0x0020, 0x0020, 0x0020, 0x0020, 0x0020, 0x0020, 0x0020, 0x0020,
  0x0020, 0x0020, 0x0020, 0x0020, 0x0020, 0x0020, 0x0020, 0x0020, 0x0020, 0x0020, 0x0020, 0x0020,
  0x0020, 0x0020, 0x0020, 0x0020, 0x0020, 0x0020, 0x0020, 0x0020, 0x0020, 0x0020, 0x0020, 0x0020,
  0x0020, 0x0020, 0x0020, 0x0020, 0x0020, 0x0020, 0x0020, 0x0020, 0x0020, 0x0020, 0x0020, 0x0020,
  0x0020, 0x0020, 0x0020, 0x0020, 0x0020, 0x0020, 0x0020, 0x0020, 0x0020, 0x0020, 0x0020, 0x0020,
  0x0020, 0x0020, 0x0020, 0x0020, 0x0020, 0x0020, 0x0020, 0x0020, 0x0020, 0x0020, 0x0020, 0x0020,
  0x0020, 0x0020, 0x0020, 0x0020, 0x0020, 0x0020, 0x0020, 0x0020, 0x0020, 0x0020, 0x0020, 0x0020,
  0x0020, 0x0020, 0x0020, 0x0020, 0x0020, 0x0020, 0x0020, 0x0020, 0x0020, 0x0020, 0x0020, 0x0020,
  0x0020, 0x0020, 0x0020, 0x0020, 0x0020, 0x0020, 0x0020, 0x0020, 0x0020, 0x0020, 0x0020, 0x0020,
  0x0020, 0x0020, 0x0020, 0x0020, 0x0020, 0x0020, 0x0020, 0x0020, 0x0020, 0x0020, 0x0020, 0x0020,
  0x0020, 0x0020, 0x0020, 0x0020, 0x0020, 0x0020, 0x0020, 0x0020, 0x0020, 0x0020, 0x0020, 0x0020,
  0x0020, 0x0020, 0x0020, 0x0020, 0x0020, 0x0020, 0x0020, 0x0020, 0x0020, 0x0020, 0x0020, 0x0020,
  0x0020, 0x0020, 0x0020, 0x0020, 0x0020, 0x0020, 0x0020, 0x0020, 0x0020, 0x0020, 0x0020, 0x0020,
  0x0020, 0x0020, 0x0020, 0x0020, 0x0020, 0x0020, 0x0020, 0x0020, 0x0020, 0x0020, 0x0020, 0x0020,
  0x0020, 0x0020, 0x0020, 0x0020, 0x0020, 0x0020, 0x0020, 0x0020, 0x0020, 0x0020, 0x0020, 0x0020,
  0x0020, 0x0020, 0x0020, 0x0020, 0x0020, 0x0020, 0x0020, 0x0020, 0x0020, 0x0020, 0x0020, 0x0020,
  0x0020, 0x0020, 0x0020, 0x0020, 0x0020, 0x0020, 0x0020, 0x0020, 0x0020, 0x0020, 0x0020, 0x0020,
  0x0020, 0x0020, 0x0020, 0x0020, 0x0020, 0x0020, 0x0020, 0x0020, 0x0020, 0x0020, 0x0020, 0x0000,
  0x0020, 0x0020, 0x0020, 0x0020, 0x0020, 0x0020, 0x0021, 0x0021, 0x0020, 0x0020, 0x0020, 0x0020,
  0x0020, 0x0020, 0x0020, 0x0020, 0x0020, 0x0020, 0x0020, 0x0020, 0x0020, 0x0020, 0x0020, 0x0020,
  0x0020, 0x0020, 0x0020, 0x0020, 0x0020, 0x0020, 0x0020, 0x0020, 0x0020, 0x0020, 0x0020, 0x0020,
  0x0020, 0x0020, 0x0020, 0x0020, 0x0020, 0x0020, 0x0020, 0x0020, 0x0020, 0x0020, 0x0020, 0x0020,
  0x0020, 0x0020, 0x0020, 0x0020, 0x0020, 0x0020, 0x0020, 0x0020, 0x0020, 0x0020, 0x0020, 0x0020,
  0x0020, 0x0020, 0x0020, 0x0020, 0x0020, 0x0020, 0x0020, 0x0020, 0x0020, 0x0020, 0x0020, 0x0020,
  0x0020, 0x0020, 0x0020, 0x0020, 0x0020, 0x0020, 0x0020, 0x0020, 0x0020, 0x0020, 0x0020, 0x0020,
  0x0020, 0x0020, 0x0020, 0x0020, 0x0020, 0x0020, 0x0020, 0x0020, 0x0020, 0x0020, 0x0020, 0x0020,
  0x0020, 0x0020, 0x0020, 0x0020, 0x0020, 0x0020, 0x0020, 0x0020, 0x0020, 0x0020, 0x0020, 0x0020,
  0x0020, 0x0020, 0x0020, 0x0020, 0x0020, 0x0020, 0x0020, 0x0020, 0x0020, 0x0020, 0x0020, 0x0020,
  0x1082, 0x1082, 0x1082, 0x1082, 0x1082, 0x1082, 0x1082, 0x1082, 0x1082, 0x1082, 0x1082, 0x1082,
  0x1082, 0x1082, 0x1082, 0x1082, 0x1082, 0x1082, 0x1082, 0x1082, 0x1082, 0x1082, 0x1082, 0x1082,
  0x1082, 0x1082, 0x1082, 0x1082, 0x1082, 0x1082, 0x1082, 0x1082, 0x1082, 0x1082, 0x1082, 0x1082,
  0x1082, 0x1082, 0x1082, 0x1082, 0x1082, 0x1082, 0x1082, 0x1082, 0x1082, 0x1082, 0x1082, 0x1082,
  0x1082, 0x1082, 0x1082, 0x1082, 0x1082, 0x1082, 0x1082, 0x1082, 0x1082, 0x1082, 0x1082, 0x1082,
  0x1082, 0x1082, 0x1082, 0x1082, 0x1082, 0x1082, 0x1082, 0x1082, 0x1082, 0x1082, 0x1082, 0x1082,
  0x1082, 0x1082, 0x1082, 0x1082, 0x1082, 0x1082, 0x1082, 0x1082, 0x1082, 0x1082, 0x1082, 0x1082,
  0x1082, 0x1082, 0x1082, 0x1082, 0x1082, 0x1082, 0x1082, 0x1082, 0x1082, 0x1082, 0x1082, 0x1082,
  0x1082, 0x1082, 0x1082, 0x1082, 0x1082, 0x1082, 0x1082, 0x1082, 0x1082, 0x1082, 0x1082, 0x1082,
  0x1082, 0x1082, 0x1082, 0x1082, 0x1082, 0x1082, 0x1082, 0x1082, 0x1082, 0x1082, 0x1082, 0x1082,
  0x1082, 0x1082, 0x1082, 0x1082, 0x1082, 0x1082, 0x1082, 0x1082, 0x1082, 0x1062, 0x1082, 0x1082,
  0x1082, 0x1082, 0x1082, 0x1082, 0x1082, 0x1082, 0x1082, 0x1082, 0x1082, 0x1082, 0x1082, 0x1082,
  0x1082, 0x1082, 0x1082, 0x1082, 0x1082, 0x1082, 0x1082, 0x1082, 0x1082, 0x1082, 0x1082, 0x1082,
  0x1082, 0x1082, 0x1082, 0x1082, 0x1082, 0x1082, 0x1082, 0x1082, 0x1082, 0x1082, 0x1082, 0x1082,
  0x1082, 0x1082, 0x1082, 0x1082, 0x1082, 0x1082, 0x1082, 0x1082, 0x1082, 0x1082, 0x1082, 0x1082,
  0x1082, 0x1082, 0x1082, 0x1082, 0x1082, 0x1082, 0x1082, 0x1082, 0x1082, 0x1082, 0x1082, 0x1082,
  0x1082, 0x1082, 0x1082, 0x1082, 0x1082, 0x1082, 0x1082, 0x1082, 0x1082, 0x1082, 0x1082, 0x1082,
  0x1082, 0x1082, 0x1082, 0x1082, 0x1082, 0x1082, 0x1082, 0x1082, 0x1082, 0x1082, 0x1082, 0x1082,
  0x1082, 0x1082, 0x1082, 0x1082, 0x1082, 0x1082, 0x1082, 0x1082, 0x1082, 0x1082, 0x1082, 0x1082,
  0x1082, 0x1082, 0x1082, 0x1082, 0x1082, 0x1082, 0x1082, 0x1082, 0x1082, 0x1082, 0x1082, 0x1082,
  0x0000, 0x0000, 0x0000, 0x0000, 0x0000, 0x0000, 0x0000, 0x0000, 0x0000, 0x0000, 0x0000, 0x0000,
  0x0000, 0x0000, 0x0000, 0x0000, 0x0000, 0x0000, 0x0000, 0x0000, 0x0000, 0x0000, 0x0000, 0x0000,
  0x0000, 0x0000, 0x0000, 0x0000, 0x0000, 0x0000, 0x0000, 0x0000, 0x0000, 0x0000, 0x0000, 0x0000,
  0x0000, 0x0000, 0x0000, 0x0000, 0x0000, 0x0000, 0x0000, 0x0000, 0x0000, 0x0000, 0x0000, 0x0000,
  0x0000, 0x0000, 0x0000, 0x0000, 0x0000, 0x0000, 0x0000, 0x0000, 0x0000, 0x0000, 0x0000, 0x0000,
  0x0000, 0x0000, 0x0000, 0x0000, 0x0000, 0x0000, 0x0000, 0x0000, 0x0000, 0x0000, 0x0000, 0x0000,
  0x0000, 0x0000, 0x0000, 0x0000, 0x0000, 0x0000, 0x0000, 0x0000, 0x0000, 0x0000, 0x0000, 0x0000,
  0x0000, 0x0000, 0x0000, 0x0000, 0x0000, 0x0000, 0x0000, 0x0000, 0x0000, 0x0000, 0x0000, 0x0000,
  0x0000, 0x0000, 0x0000, 0x0000, 0x0000, 0x0000, 0x0000, 0x0000, 0x0000, 0x0000, 0x0000, 0x0000,
  0x0000, 0x0000, 0x0000, 0x0000, 0x0000, 0x0000, 0x0000, 0x0000, 0x0000, 0x0000, 0x0020, 0x0020,
  0x0020, 0x0020, 0x0020, 0x0020, 0x0020, 0x0020, 0x0020, 0x0020, 0x0000, 0x0000, 0x0000, 0x0000,
  0x0000, 0x0000, 0x0000, 0x0000, 0x0000, 0x0000, 0x0000, 0x0000, 0x0000, 0x0000, 0x0000, 0x0000,
  0x0000, 0x0000, 0x0000, 0x0000, 0x0000, 0x0000, 0x0000, 0x0000, 0x0000, 0x0000, 0x0000, 0x0000,
  0x0000, 0x0000, 0x0000, 0x0000, 0x0000, 0x0000, 0x0000, 0x0000, 0x0000, 0x0000, 0x0000, 0x0000,
  0x0000, 0x0000, 0x0000, 0x0000, 0x0000, 0x0000, 0x0000, 0x0000, 0x0000, 0x0000, 0x0000, 0x0000,
  0x0000, 0x0000, 0x0000, 0x0000, 0x0000, 0x0000, 0x0000, 0x0000, 0x0000, 0x0000, 0x0000, 0x0000,
  0x0000, 0x0000, 0x0000, 0x0000, 0x0000, 0x0000, 0x0000, 0x0000, 0x0000, 0x0000, 0x0000, 0x0000,
  0x0000, 0x0000, 0x0000, 0x0000, 0x0000, 0x0000, 0x0000, 0x0000, 0x0000, 0x0000, 0x0000, 0x0000,
  0x0000, 0x0000, 0x0000, 0x0000, 0x0000, 0x0000, 0x0000, 0x0000, 0x0000, 0x0000, 0x0000, 0x0000,
  0x0000, 0x0000, 0x0000, 0x0000, 0x0000, 0x0000, 0x0000, 0x0000, 0x0000, 0x0000, 0x0000, 0x0000,
  0x0861, 0x0861, 0x0861, 0x0861, 0x0861, 0x0861, 0x0861, 0x0861, 0x0861, 0x0861, 0x0861, 0x0861,
  0x0861, 0x0861, 0x0861, 0x0861, 0x0861, 0x0861, 0x0861, 0x0861, 0x0861, 0x0861, 0x0861, 0x0861,
  0x0861, 0x0861, 0x0861, 0x0861, 0x0861, 0x0861, 0x0861, 0x0861, 0x0861, 0x0861, 0x0861, 0x0861,
  0x0861, 0x0861, 0x0861, 0x0861, 0x0861, 0x0861, 0x0861, 0x0861, 0x0861, 0x0861, 0x0861, 0x0861,
  0x0861, 0x0861, 0x0861, 0x0861, 0x0861, 0x0861, 0x0861, 0x0861, 0x0861, 0x0861, 0x0861, 0x0861,
  0x0861, 0x0861, 0x0861, 0x0861, 0x0861, 0x0861, 0x0861, 0x0861, 0x0861, 0x0861, 0x0861, 0x0861,
  0x0861, 0x0861, 0x0861, 0x0861, 0x0861, 0x0861, 0x0861, 0x0861, 0x0861, 0x0861, 0x0861, 0x0861,
  0x0861, 0x0861, 0x0861, 0x0861, 0x0861, 0x0861, 0x0861, 0x0861, 0x0861, 0x0861, 0x0861, 0x0861,
  0x0861, 0x0861, 0x0861, 0x0861, 0x0861, 0x0861, 0x0861, 0x0861, 0x0861, 0x0861, 0x0861, 0x0861,
  0x0861, 0x0861, 0x0861, 0x0861, 0x0861, 0x0861, 0x0861, 0x1081, 0x10A1, 0x10A1, 0x10C1, 0x18E2,
  0x18E2, 0x18E2, 0x18E2, 0x18E2, 0x18E2, 0x18E2, 0x18E2, 0x18E2, 0x10C1, 0x10A1, 0x10A1, 0x0881,
  0x0861, 0x0861, 0x0861, 0x0861, 0x0861, 0x0861, 0x0861, 0x0861, 0x0861, 0x0861, 0x0861, 0x0861,
  0x0861, 0x0861, 0x0861, 0x0861, 0x0861, 0x0861, 0x0861, 0x0861, 0x0861, 0x0861, 0x0861, 0x0861,
  0x0861, 0x0861, 0x0861, 0x0861, 0x0861, 0x0861, 0x0861, 0x0861, 0x0861, 0x0861, 0x0861, 0x0861,
  0x0861, 0x0861, 0x0861, 0x0861, 0x0861, 0x0861, 0x0861, 0x0861, 0x0861, 0x0861, 0x0861, 0x0861,
  0x0861, 0x0861, 0x0861, 0x0861, 0x0861, 0x0861, 0x0861, 0x0861, 0x0861, 0x0861, 0x0861, 0x0861,
  0x0861, 0x0861, 0x0861, 0x0861, 0x0861, 0x0861, 0x0861, 0x0861, 0x0861, 0x0861, 0x0861, 0x0861,
  0x0861, 0x0861, 0x0861, 0x0861, 0x0861, 0x0861, 0x0861, 0x0861, 0x0861, 0x0861, 0x0861, 0x0861,
  0x0861, 0x0861, 0x0861, 0x0861, 0x0861, 0x0861, 0x0861, 0x0861, 0x0861, 0x0861, 0x0861, 0x0861,
  0x0861, 0x0861, 0x0861, 0x0861, 0x0861, 0x0861, 0x0861, 0x0861, 0x0861, 0x0861, 0x0861, 0x0861,
  0x0861, 0x0861, 0x0861, 0x0861, 0x0861, 0x0861, 0x0861, 0x0861, 0x0861, 0x0861, 0x0861, 0x0861,
  0x0861, 0x0861, 0x0861, 0x0861, 0x0861, 0x0861, 0x0861, 0x0861, 0x0861, 0x0861, 0x0861, 0x0861,
  0x0861, 0x0861, 0x0861, 0x0861, 0x0861, 0x0861, 0x0861, 0x0861, 0x0861, 0x0861, 0x0861, 0x0861,
  0x0861, 0x0861, 0x0861, 0x0861, 0x0861, 0x0861, 0x0861, 0x0861, 0x0861, 0x0861, 0x0861, 0x0861,
  0x0861, 0x0861, 0x0861, 0x0861, 0x0861, 0x0861, 0x0861, 0x0861, 0x0861, 0x0861, 0x0861, 0x0861,
  0x0861, 0x0861, 0x0861, 0x0861, 0x0861, 0x0861, 0x0861, 0x0861, 0x0861, 0x0861, 0x0861, 0x0861,
  0x0861, 0x0861, 0x0861, 0x0861, 0x0861, 0x0861, 0x0861, 0x0861, 0x0861, 0x0861, 0x0861, 0x0861,
  0x0841, 0x0861, 0x0861, 0x0861, 0x0861, 0x0861, 0x0861, 0x0861, 0x0861, 0x0861, 0x0861, 0x0861,
  0x0861, 0x0861, 0x0861, 0x0861, 0x0861, 0x0861, 0x0861, 0x0861, 0x0861, 0x0861, 0x0861, 0x0861,
  0x0861, 0x0861, 0x0861, 0x0861, 0x0861, 0x1061, 0x1061, 0x1081, 0x20C2, 0x20E2, 0x2102, 0x2922,
  0x2122, 0x2122, 0x2122, 0x2122, 0x2122, 0x2122, 0x2122, 0x2142, 0x2142, 0x1901, 0x18E1, 0x18C2,
  0x10A1, 0x0861, 0x0861, 0x0861, 0x0861, 0x0861, 0x0861, 0x0861, 0x0861, 0x0861, 0x0861, 0x0861,
  0x0861, 0x0861, 0x0861, 0x0861, 0x0861, 0x0861, 0x0861, 0x0861, 0x0861, 0x0861, 0x0861, 0x0861,
  0x0861, 0x0861, 0x0861, 0x0861, 0x0861, 0x0861, 0x0861, 0x0861, 0x0861, 0x0861, 0x0861, 0x0861,
  0x0861, 0x0861, 0x0861, 0x0861, 0x0861, 0x0861, 0x0861, 0x0861, 0x0861, 0x0861, 0x0861, 0x0861,
  0x0861, 0x0861, 0x0861, 0x0861, 0x0861, 0x0861, 0x0861, 0x0861, 0x0861, 0x0861, 0x0861, 0x0861,
  0x0861, 0x0861, 0x0861, 0x0861, 0x0861, 0x0861, 0x0861, 0x0861, 0x0861, 0x0861, 0x0861, 0x0861,
  0x0861, 0x0861, 0x0861, 0x0861, 0x0861, 0x0861, 0x0861, 0x0861, 0x0861, 0x0861, 0x0861, 0x0861,
  0x0861, 0x0861, 0x0861, 0x0861, 0x0861, 0x0861, 0x0861, 0x0861, 0x0861, 0x0861, 0x0861, 0x0861,
  0x0861, 0x0861, 0x0861, 0x0861, 0x0861, 0x0861, 0x0861, 0x0861, 0x0861, 0x0861, 0x0861, 0x0861,
  0x0000, 0x0000, 0x0000, 0x0000, 0x0000, 0x0000, 0x0000, 0x0000, 0x0000, 0x0000, 0x0000, 0x0000,
  0x0000, 0x0000, 0x0000, 0x0000, 0x0000, 0x0000, 0x0000, 0x0000, 0x0000, 0x0000, 0x0000, 0x0000,
  0x0000, 0x0000, 0x0000, 0x0000, 0x0000, 0x0000, 0x0000, 0x0000, 0x0000, 0x0000, 0x0000, 0x0000,
  0x0000, 0x0000, 0x0000, 0x0000, 0x0000, 0x0000, 0x0000, 0x0000, 0x0000, 0x0000, 0x0000, 0x0000,
  0x0000, 0x0000, 0x0000, 0x0000, 0x0000, 0x0000, 0x0000, 0x0000, 0x0000, 0x0000, 0x0000, 0x0000,
  0x0000, 0x0000, 0x0000, 0x0000, 0x0000, 0x0000, 0x0000, 0x0000, 0x0000, 0x0000, 0x0000, 0x0000,
  0x0000, 0x0000, 0x0000, 0x0000, 0x0000, 0x0000, 0x0000, 0x0000, 0x0000, 0x0000, 0x0000, 0x0000,
  0x0000, 0x0000, 0x0000, 0x0000, 0x0000, 0x0000, 0x0000, 0x0000, 0x0000, 0x0000, 0x0000, 0x0000,
  0x0000, 0x0000, 0x0000, 0x0000, 0x0000, 0x0000, 0x0000, 0x0000, 0x0000, 0x0000, 0x0000, 0x0000,
  0x0000, 0x0000, 0x0000, 0x0000, 0x0000, 0x0020, 0x0820, 0x1060, 0x18C1, 0x18C1, 0x2122, 0x2101,
  0x2922, 0x2902, 0x2902, 0x2902, 0x2902, 0x2902, 0x2902, 0x2922, 0x2902, 0x2902, 0x20C2, 0x10A1,
  0x0860, 0x0040, 0x0020, 0x0000, 0x0000, 0x0000, 0x0000, 0x0000, 0x0000, 0x0000, 0x0000, 0x0000,
  0x0000, 0x0000, 0x0000, 0x0000, 0x0000, 0x0000, 0x0000, 0x0000, 0x0000, 0x0000, 0x0000, 0x0000,
  0x0000, 0x0000, 0x0000, 0x0000, 0x0000, 0x0000, 0x0000, 0x0000, 0x0000, 0x0000, 0x0000, 0x0000,
  0x0000, 0x0000, 0x0000, 0x0000, 0x0000, 0x0000, 0x0000, 0x0000, 0x0000, 0x0000, 0x0000, 0x0000,
  0x0000, 0x0000, 0x0000, 0x0000, 0x0000, 0x0000, 0x0000, 0x0000, 0x0000, 0x0000, 0x0000, 0x0000,
  0x0000, 0x0000, 0x0000, 0x0000, 0x0000, 0x0000, 0x0000, 0x0000, 0x0000, 0x0000, 0x0000, 0x0000,
  0x0000, 0x0000, 0x0000, 0x0000, 0x0000, 0x0000, 0x0000, 0x0000, 0x0000, 0x0000, 0x0000, 0x0000,
  0x0000, 0x0000, 0x0000, 0x0000, 0x0000, 0x0000, 0x0000, 0x0000, 0x0000, 0x0000, 0x0000, 0x0000,
  0x0000, 0x0000, 0x0000, 0x0000, 0x0000, 0x0000, 0x0000, 0x0000, 0x0000, 0x0000, 0x0000, 0x0000,
  0x1082, 0x1082, 0x1082, 0x1082, 0x1082, 0x1082, 0x1082, 0x1082, 0x1082, 0x1082, 0x1082, 0x1082,
  0x1082, 0x1082, 0x1082, 0x1082, 0x1082, 0x1082, 0x1082, 0x1082, 0x1082, 0x1082, 0x1082, 0x1082,
  0x1082, 0x1082, 0x1082, 0x1082, 0x1082, 0x1082, 0x1082, 0x1082, 0x1082, 0x1082, 0x1082, 0x1082,
  0x1082, 0x1082, 0x1082, 0x1082, 0x1082, 0x1082, 0x1082, 0x1082, 0x1082, 0x1082, 0x1082, 0x1082,
  0x1082, 0x1082, 0x1082, 0x1082, 0x1082, 0x1082, 0x1082, 0x1082, 0x1082, 0x1082, 0x1082, 0x1082,
  0x1082, 0x1082, 0x1082, 0x1082, 0x1082, 0x1082, 0x1082, 0x1082, 0x1082, 0x1082, 0x1082, 0x1082,
  0x1082, 0x1082, 0x1082, 0x1082, 0x1082, 0x1082, 0x1082, 0x1082, 0x1082, 0x1082, 0x1082, 0x1082,
  0x1082, 0x1082, 0x1082, 0x1082, 0x1082, 0x1082, 0x1082, 0x1082, 0x1082, 0x10A2, 0x1082, 0x1082,
  0x1082, 0x1082, 0x1082, 0x1082, 0x1082, 0x1082, 0x1082, 0x1082, 0x1082, 0x1082, 0x1082, 0x1082,
  0x1082, 0x1082, 0x1082, 0x1082, 0x10A2, 0x18C2, 0x2103, 0x2943, 0x2983, 0x31A3, 0x31C2, 0x31A2,
  0x39E3, 0x31C3, 0x31C2, 0x31C2, 0x31C2, 0x31C2, 0x31C2, 0x3A03, 0x31A2, 0x31C3, 0x29A3, 0x2963,
  0x2943, 0x1902, 0x18C2, 0x10A2, 0x1082, 0x1082, 0x1082, 0x1082, 0x1082, 0x1082, 0x1082, 0x1082,
  0x1082, 0x1082, 0x1082, 0x10A2, 0x10A2, 0x10A2, 0x10A2, 0x10A2, 0x1082, 0x1082, 0x1082, 0x1082,
  0x1082, 0x1082, 0x10A2, 0x10A2, 0x10A2, 0x10A2, 0x10A2, 0x1082, 0x1082, 0x1082, 0x1082, 0x1082,
  0x1082, 0x1082, 0x1082, 0x1082, 0x1082, 0x1082, 0x1082, 0x1082, 0x1082, 0x1082, 0x1082, 0x1082,
  0x1082, 0x1082, 0x1082, 0x1082, 0x1082, 0x1082, 0x1082, 0x1082, 0x1082, 0x1082, 0x1082, 0x1082,
  0x1082, 0x1082, 0x1082, 0x1082, 0x1082, 0x1082, 0x1082, 0x1082, 0x1082, 0x1082, 0x1082, 0x1082,
  0x1082, 0x1082, 0x1082, 0x1082, 0x1082, 0x1082, 0x1082, 0x1082, 0x1082, 0x1082, 0x1082, 0x1082,
  0x1082, 0x1082, 0x1082, 0x1082, 0x1082, 0x1082, 0x1082, 0x1082, 0x1082, 0x1082, 0x1082, 0x1082,
  0x1082, 0x1082, 0x1082, 0x1082, 0x1082, 0x1082, 0x1082, 0x1082, 0x1082, 0x1082, 0x1082, 0x1082,
  0x0000, 0x0000, 0x0000, 0x0000, 0x0000, 0x0000, 0x0000, 0x0000, 0x0000, 0x0000, 0x0000, 0x0000,
  0x0000, 0x0000, 0x0000, 0x0000, 0x0000, 0x0000, 0x0000, 0x0000, 0x0000, 0x0000, 0x0000, 0x0000,
  0x0000, 0x0000, 0x0000, 0x0000, 0x0000, 0x0000, 0x0000, 0x0000, 0x0000, 0x0000, 0x0000, 0x0000,
  0x0000, 0x0000, 0x0000, 0x0000, 0x0000, 0x0000, 0x0000, 0x0000, 0x0000, 0x0000, 0x0000, 0x0000,
  0x0000, 0x0000, 0x0000, 0x0000, 0x0000, 0x0000, 0x0000, 0x0000, 0x0000, 0x0000, 0x0000, 0x0000,
  0x0000, 0x0000, 0x0000, 0x0000, 0x0000, 0x0000, 0x0000, 0x0000, 0x0000, 0x0000, 0x0000, 0x0000,
  0x0000, 0x0000, 0x0000, 0x0020, 0x0020, 0x0020, 0x0020, 0x0000, 0x0000, 0x0020, 0x0000, 0x0020,
  0x0000, 0x0000, 0x0000, 0x0020, 0x0020, 0x0020, 0x0020, 0x0020, 0x0020, 0x0020, 0x0000, 0x0020,
  0x0000, 0x0000, 0x0020, 0x0020, 0x0000, 0x0000, 0x0000, 0x0000, 0x0000, 0x0000, 0x0000, 0x0000,
  0x0000, 0x0000, 0x0000, 0x0000, 0x0020, 0x1080, 0x18C1, 0x18C0, 0x4265, 0xA570, 0xA56F, 0xA591,
  0xA590, 0x9DAF, 0x9DB0, 0x9DAF, 0x9DAF, 0x9DB0, 0xA5D0, 0x9D8F, 0x9DAF, 0x9DAF, 0x956E, 0x39E4,
  0x18E1, 0x10C1, 0x0860, 0x0020, 0x0000, 0x0000, 0x0000, 0x0000, 0x0000, 0x0000, 0x0000, 0x0000,
  0x0000, 0x0000, 0x0000, 0x0020, 0x0020, 0x0020, 0x0020, 0x0020, 0x0020, 0x0020, 0x0020, 0x0020,
  0x0020, 0x0020, 0x0020, 0x0020, 0x0020, 0x0020, 0x0020, 0x0000, 0x0000, 0x0000, 0x0000, 0x0000,
  0x0020, 0x0020, 0x0020, 0x0020, 0x0020, 0x0000, 0x0000, 0x0000, 0x0000, 0x0000, 0x0000, 0x0000,
  0x0000, 0x0000, 0x0000, 0x0000, 0x0000, 0x0000, 0x0000, 0x0000, 0x0000, 0x0000, 0x0000, 0x0000,
  0x0000, 0x0000, 0x0000, 0x0000, 0x0000, 0x0000, 0x0000, 0x0000, 0x0000, 0x0000, 0x0000, 0x0000,
  0x0000, 0x0000, 0x0000, 0x0000, 0x0000, 0x0000, 0x0000, 0x0000, 0x0000, 0x0000, 0x0000, 0x0000,
  0x0000, 0x0000, 0x0000, 0x0000, 0x0000, 0x0000, 0x0000, 0x0000, 0x0000, 0x0000, 0x0000, 0x0000,
  0x0000, 0x0000, 0x0000, 0x0000, 0x0000, 0x0000, 0x0000, 0x0000, 0x0000, 0x0000, 0x0000, 0x0000,
  0x0841, 0x0841, 0x0841, 0x0841, 0x0841, 0x0841, 0x0841, 0x0841, 0x0841, 0x0841, 0x0841, 0x0841,
  0x0841, 0x0841, 0x0841, 0x0841, 0x0841, 0x0841, 0x0841, 0x0841, 0x0841, 0x0841, 0x0841, 0x0841,
  0x0841, 0x0841, 0x0841, 0x0841, 0x0841, 0x0841, 0x0841, 0x0841, 0x0841, 0x0841, 0x0841, 0x0841,
  0x0841, 0x0841, 0x0841, 0x0841, 0x0841, 0x0841, 0x0841, 0x0841, 0x0841, 0x0841, 0x0841, 0x0841,
  0x0841, 0x0841, 0x0841, 0x0841, 0x0841, 0x0841, 0x0841, 0x0841, 0x0841, 0x0841, 0x0841, 0x0841,
  0x0841, 0x0841, 0x0841, 0x0841, 0x0841, 0x0841, 0x0841, 0x0841, 0x0841, 0x0841, 0x0841, 0x0841,
  0x0841, 0x0841, 0x0841, 0x0020, 0x0020, 0x0020, 0x0821, 0x0841, 0x0841, 0x0841, 0x0840, 0x0840,
  0x0020, 0x0841, 0x0841, 0x0861, 0x0861, 0x1081, 0x0881, 0x0861, 0x0861, 0x0840, 0x0841, 0x0021,
  0x0041, 0x0040, 0x0020, 0x0041, 0x0841, 0x0841, 0x0841, 0x0841, 0x0841, 0x0841, 0x0841, 0x0841,
  0x0841, 0x0841, 0x0821, 0x0841, 0x0860, 0x10A1, 0x2122, 0x1901, 0x5B47, 0xCED4, 0x7429, 0x742A,
  0x740A, 0x73EA, 0x73EA, 0x73EA, 0x73EA, 0x73EA, 0x7C0A, 0x7C2A, 0x7409, 0x7C6A, 0xC6D3, 0x52A6,
  0x2121, 0x1901, 0x1081, 0x0841, 0x0841, 0x0841, 0x0841, 0x0841, 0x0841, 0x0841, 0x0841, 0x0841,
  0x0841, 0x0841, 0x0841, 0x0841, 0x0841, 0x0841, 0x0841, 0x0841, 0x0860, 0x0881, 0x0881, 0x0881,
  0x0880, 0x0841, 0x0821, 0x0841, 0x0841, 0x0841, 0x0841, 0x0840, 0x0840, 0x0840, 0x0840, 0x0840,
  0x0841, 0x0841, 0x0841, 0x0841, 0x0841, 0x0841, 0x0841, 0x0841, 0x0841, 0x0841, 0x0841, 0x0841,
  0x0841, 0x0841, 0x0841, 0x0841, 0x0841, 0x0841, 0x0841, 0x0841, 0x0841, 0x0841, 0x0841, 0x0841,
  0x0841, 0x0841, 0x0841, 0x0841, 0x0841, 0x0841, 0x0841, 0x0841, 0x0841, 0x0841, 0x0841, 0x0841,
  0x0841, 0x0841, 0x0841, 0x0841, 0x0841, 0x0841, 0x0841, 0x0841, 0x0841, 0x0841, 0x0841, 0x0841,
  0x0841, 0x0841, 0x0841, 0x0841, 0x0841, 0x0841, 0x0841, 0x0841, 0x0841, 0x0841, 0x0841, 0x0841,
  0x0841, 0x0841, 0x0841, 0x0841, 0x0841, 0x0841, 0x0841, 0x0841, 0x0841, 0x0841, 0x0841, 0x0841,
  0x1082, 0x1082, 0x1082, 0x1082, 0x1082, 0x1082, 0x1082, 0x1082, 0x1082, 0x1082, 0x1082, 0x1082,
  0x1082, 0x1082, 0x1082, 0x1082, 0x1082, 0x1082, 0x1082, 0x1082, 0x1082, 0x1082, 0x1082, 0x1082,
  0x1082, 0x1082, 0x1082, 0x1082, 0x1082, 0x1082, 0x1082, 0x1082, 0x1082, 0x1082, 0x1082, 0x1082,
  0x1082, 0x1082, 0x1082, 0x1082, 0x1082, 0x1082, 0x1082, 0x1082, 0x1082, 0x1082, 0x1082, 0x1082,
  0x1082, 0x1082, 0x1082, 0x1082, 0x1082, 0x1082, 0x1082, 0x1082, 0x1082, 0x1082, 0x1082, 0x1082,
  0x1082, 0x1082, 0x1082, 0x1082, 0x1082, 0x1082, 0x1082, 0x1082, 0x1082, 0x1082, 0x1082, 0x1082,
  0x1082, 0x1082, 0x1082, 0x1082, 0x1082, 0x1082, 0x1082, 0x1081, 0x1082, 0x1082, 0x1082, 0x1082,
  0x1081, 0x10C2, 0x18E2, 0x18E2, 0x18E2, 0x2123, 0x20E2, 0x2103, 0x18C2, 0x18E2, 0x10A1, 0x1082,
  0x1082, 0x1082, 0x1082, 0x1082, 0x1082, 0x1082, 0x1082, 0x1082, 0x1082, 0x1082, 0x1082, 0x1082,
  0x1082, 0x1082, 0x1062, 0x1082, 0x10A2, 0x2102, 0x2983, 0x3163, 0x6BA9, 0xB672, 0x3A22, 0x4203,
  0x3A03, 0x39C3, 0x31A3, 0x3182, 0x3182, 0x3182, 0x31A2, 0x4203, 0x41E3, 0x4A85, 0xC6D3, 0x5B07,
  0x3183, 0x2963, 0x2102, 0x10A2, 0x1082, 0x1082, 0x1082, 0x1082, 0x1082, 0x1082, 0x1082, 0x1082,
  0x1082, 0x1082, 0x1082, 0x0882, 0x0862, 0x0861, 0x1082, 0x10A2, 0x18C2, 0x20E2, 0x2923, 0x20E2,
  0x2102, 0x18E2, 0x10E2, 0x10C2, 0x10A1, 0x10A2, 0x0881, 0x1062, 0x1082, 0x1082, 0x1082, 0x1082,
  0x1082, 0x1082, 0x1082, 0x1082, 0x1082, 0x1082, 0x1082, 0x1082, 0x1082, 0x1082, 0x1082, 0x1082,
  0x1082, 0x1082, 0x1082, 0x1082, 0x1082, 0x1082, 0x1082, 0x1082, 0x1082, 0x1082, 0x1082, 0x1082,
  0x1082, 0x1082, 0x1082, 0x1082, 0x1082, 0x1082, 0x1082, 0x1082, 0x1082, 0x1082, 0x1082, 0x1082,
  0x1082, 0x1082, 0x1082, 0x1082, 0x1082, 0x1082, 0x1082, 0x1082, 0x1082, 0x1082, 0x1082, 0x1082,
  0x1082, 0x1082, 0x1082, 0x1082, 0x1082, 0x1082, 0x1082, 0x1082, 0x1082, 0x1082, 0x1082, 0x1082,
  0x1082, 0x1082, 0x1082, 0x1082, 0x1082, 0x1082, 0x1082, 0x1082, 0x1082, 0x1082, 0x1082, 0x1082,
  0x0000, 0x0000, 0x0000, 0x0000, 0x0000, 0x0000, 0x0000, 0x0000, 0x0000, 0x0000, 0x0000, 0x0000,
  0x0000, 0x0000, 0x0000, 0x0000, 0x0000, 0x0000, 0x0000, 0x0000, 0x0000, 0x0000, 0x0000, 0x0000,
  0x0000, 0x0000, 0x0000, 0x0000, 0x0000, 0x0000, 0x0000, 0x0000, 0x0000, 0x0000, 0x0000, 0x0000,
  0x0000, 0x0000, 0x0000, 0x0000, 0x0000, 0x0000, 0x0000, 0x0000, 0x0000, 0x0000, 0x0000, 0x0000,
  0x0000, 0x0000, 0x0000, 0x0000, 0x0000, 0x0000, 0x0000, 0x0000, 0x0000, 0x0000, 0x0000, 0x0000,
  0x0000, 0x0000, 0x0000, 0x0000, 0x0000, 0x0000, 0x0000, 0x0000, 0x0000, 0x0000, 0x0000, 0x0000,
  0x0000, 0x0000, 0x0000, 0x0000, 0x0000, 0x0000, 0x0000, 0x0000, 0x0000, 0x0000, 0x0000, 0x0020,
  0x0860, 0x0840, 0x1080, 0x18C1, 0x18E1, 0x18E1, 0x2922, 0x10A0, 0x1081, 0x0860, 0x0840, 0x0820,
  0x0000, 0x0000, 0x0000, 0x0000, 0x0000, 0x0000, 0x0000, 0x0000, 0x0000, 0x0000, 0x0000, 0x0000,
  0x0000, 0x0000, 0x0000, 0x0000, 0x0020, 0x1080, 0x1901, 0x18C0, 0x5B07, 0xA5F0, 0x31C1, 0x39A3,
  0x2982, 0x2961, 0x2121, 0x18E1, 0x2101, 0x2121, 0x2962, 0x31A2, 0x39A2, 0x3A03, 0xAE30, 0x4265,
  0x2101, 0x18E1, 0x1080, 0x0020, 0x0000, 0x0000, 0x0000, 0x0000, 0x0000, 0x0000, 0x0000, 0x0000,
  0x0000, 0x0000, 0x0000, 0x0000, 0x0000, 0x0000, 0x0820, 0x0860, 0x18A1, 0x18A1, 0x18A0, 0x2101,
  0x20E2, 0x18C1, 0x10A0, 0x0880, 0x0840, 0x0020, 0x0020, 0x0000, 0x0000, 0x0000, 0x0000, 0x0000,
  0x0000, 0x0000, 0x0000, 0x0000, 0x0000, 0x0000, 0x0000, 0x0000, 0x0000, 0x0000, 0x0000, 0x0000,
  0x0000, 0x0000, 0x0000, 0x0000, 0x0000, 0x0000, 0x0000, 0x0000, 0x0000, 0x0000, 0x0000, 0x0000,
  0x0000, 0x0000, 0x0000, 0x0000, 0x0000, 0x0000, 0x0000, 0x0000, 0x0000, 0x0000, 0x0000, 0x0000,
  0x0000, 0x0000, 0x0000, 0x0000, 0x0000, 0x0000, 0x0000, 0x0000, 0x0000, 0x0000, 0x0000, 0x0000,
  0x0000, 0x0000, 0x0000, 0x0000, 0x0000, 0x0000, 0x0000, 0x0000, 0x0000, 0x0000, 0x0000, 0x0000,
  0x0000, 0x0000, 0x0000, 0x0000, 0x0000, 0x0000, 0x0000, 0x0000, 0x0000, 0x0000, 0x0000, 0x0000,
  0x1082, 0x1082, 0x1082, 0x1082, 0x1082, 0x1082, 0x1082, 0x1082, 0x1082, 0x1082, 0x1082, 0x1082,
  0x1082, 0x1082, 0x1082, 0x1082, 0x1082, 0x1082, 0x1082, 0x1082, 0x1082, 0x1082, 0x1082, 0x1082,
  0x1082, 0x1082, 0x1082, 0x1082, 0x1082, 0x1082, 0x1082, 0x1082, 0x1082, 0x1082, 0x1082, 0x1082,
  0x1082, 0x1082, 0x1082, 0x1082, 0x1082, 0x1082, 0x1082, 0x1082, 0x1082, 0x1082, 0x1082, 0x1082,
  0x1082, 0x1082, 0x1082, 0x1082, 0x1082, 0x1082, 0x1082, 0x1082, 0x1082, 0x1082, 0x1082, 0x1082,
  0x1082, 0x1082, 0x1082, 0x1082, 0x1082, 0x1082, 0x1082, 0x1082, 0x1082, 0x1082, 0x1082, 0x1082,
  0x1082, 0x1082, 0x1082, 0x0861, 0x0861, 0x0861, 0x0861, 0x1081, 0x1081, 0x10C2, 0x18E2, 0x18E2,
  0x1902, 0x2943, 0x3184, 0x3983, 0x39A3, 0x31A2, 0x3A24, 0x4245, 0x2983, 0x2123, 0x20E2, 0x18C2,
  0x1082, 0x1082, 0x1081, 0x0881, 0x1082, 0x1082, 0x1082, 0x1082, 0x1082, 0x1082, 0x1082, 0x1082,
  0x1082, 0x1082, 0x0862, 0x1082, 0x10A2, 0x2102, 0x2983, 0x3162, 0x6BA9, 0xB692, 0x4244, 0x4204,
  0x31C4, 0x3183, 0x2943, 0x2102, 0x2122, 0x2942, 0x3183, 0x39E3, 0x4204, 0x4A86, 0xBED3, 0x5AE7,
  0x3183, 0x2963, 0x2102, 0x10A2, 0x1081, 0x1082, 0x1082, 0x1082, 0x1082, 0x1082, 0x1082, 0x1082,
  0x1082, 0x1082, 0x1082, 0x1082, 0x1082, 0x10A2, 0x18E2, 0x2923, 0x2963, 0x31C4, 0x4A65, 0x2982,
  0x31A3, 0x3183, 0x39A4, 0x3163, 0x2123, 0x2103, 0x18C2, 0x10C2, 0x10A2, 0x1081, 0x1081, 0x0861,
  0x1082, 0x1082, 0x1082, 0x1082, 0x1082, 0x1082, 0x1082, 0x1082, 0x1082, 0x1082, 0x1082, 0x1082,
  0x1082, 0x1082, 0x1082, 0x1082, 0x1082, 0x1082, 0x1082, 0x1082, 0x1082, 0x1082, 0x1082, 0x1082,
  0x1082, 0x1082, 0x1082, 0x1082, 0x1082, 0x1082, 0x1082, 0x1082, 0x1082, 0x1082, 0x1082, 0x1082,
  0x1082, 0x1082, 0x1082, 0x1082, 0x1082, 0x1082, 0x1082, 0x1082, 0x1082, 0x1082, 0x1082, 0x1082,
  0x1082, 0x1082, 0x1082, 0x1082, 0x1082, 0x1082, 0x1082, 0x1082, 0x1082, 0x1082, 0x1082, 0x1082,
  0x1082, 0x1082, 0x1082, 0x1082, 0x1082, 0x1082, 0x1082, 0x1082, 0x1082, 0x1082, 0x1082, 0x1082,
  0x0841, 0x0841, 0x0841, 0x0841, 0x0841, 0x0841, 0x0841, 0x0841, 0x0841, 0x0841, 0x0841, 0x0841,
  0x0841, 0x0841, 0x0841, 0x0841, 0x0841, 0x0841, 0x0841, 0x0841, 0x0841, 0x0841, 0x0841, 0x0841,
  0x0841, 0x0841, 0x0841, 0x0841, 0x0841, 0x0841, 0x0841, 0x0841, 0x0841, 0x0841, 0x0841, 0x0841,
  0x0841, 0x0841, 0x0841, 0x0841, 0x0841, 0x0841, 0x0841, 0x0841, 0x0841, 0x0841, 0x0841, 0x0841,
  0x0841, 0x0841, 0x0841, 0x0841, 0x0841, 0x0841, 0x0841, 0x0841, 0x0841, 0x0841, 0x0841, 0x0841,
  0x0841, 0x0841, 0x0841, 0x0841, 0x0841, 0x0841, 0x0841, 0x0841, 0x0841, 0x0841, 0x0841, 0x0841,
  0x0841, 0x0841, 0x0841, 0x0841, 0x0841, 0x0841, 0x0861, 0x1060, 0x1081, 0x18C1, 0x1901, 0x2102,
  0x2942, 0x31A3, 0x2962, 0x2981, 0x4A64, 0x7C4B, 0xBE73, 0xADB0, 0x29A2, 0x3163, 0x2102, 0x18C1,
  0x1061, 0x0841, 0x0841, 0x0841, 0x0841, 0x0841, 0x0841, 0x0841, 0x0841, 0x0841, 0x0841, 0x0841,
  0x0841, 0x0841, 0x0841, 0x0841, 0x1081, 0x18E1, 0x2942, 0x2922, 0x6368, 0xAE31, 0x39E2, 0x3983,
  0x2942, 0x2102, 0x18C1, 0x1081, 0x10A1, 0x18C1, 0x2122, 0x2962, 0x3182, 0x3A24, 0xB692, 0x4AA6,
  0x2942, 0x2122, 0x18C2, 0x1081, 0x0841, 0x0841, 0x0841, 0x0841, 0x0841, 0x0841, 0x0841, 0x0841,
  0x0841, 0x0841, 0x0841, 0x0841, 0x0861, 0x10A1, 0x18E1, 0x2942, 0x2120, 0x73EA, 0xD716, 0x9D2E,
  0x5306, 0x31C2, 0x2941, 0x3183, 0x2963, 0x18E2, 0x2102, 0x18C1, 0x10A1, 0x1081, 0x0860, 0x0840,
  0x0841, 0x0841, 0x0841, 0x0841, 0x0841, 0x0841, 0x0841, 0x0841, 0x0841, 0x0841, 0x0841, 0x0841,
  0x0841, 0x0841, 0x0841, 0x0841, 0x0841, 0x0841, 0x0841, 0x0841, 0x0841, 0x0841, 0x0841, 0x0841,
  0x0841, 0x0841, 0x0841, 0x0841, 0x0841, 0x0841, 0x0841, 0x0841, 0x0841, 0x0841, 0x0841, 0x0841,
  0x0841, 0x0841, 0x0841, 0x0841, 0x0841, 0x0841, 0x0841, 0x0841, 0x0841, 0x0841, 0x0841, 0x0841,
  0x0841, 0x0841, 0x0841, 0x0841, 0x0841, 0x0841, 0x0841, 0x0841, 0x0841, 0x0841, 0x0841, 0x0841,
  0x0841, 0x0841, 0x0841, 0x0841, 0x0841, 0x0841, 0x0841, 0x0841, 0x0841, 0x0841, 0x0841, 0x0841,
  0x0000, 0x0000, 0x0000, 0x0000, 0x0000, 0x0000, 0x0000, 0x0000, 0x0000, 0x0000, 0x0000, 0x0000,
  0x0000, 0x0000, 0x0000, 0x0000, 0x0000, 0x0000, 0x0000, 0x0000, 0x0000, 0x0000, 0x0000, 0x0000,
  0x0000, 0x0000, 0x0000, 0x0000, 0x0000, 0x0000, 0x0000, 0x0000, 0x0000, 0x0000, 0x0000, 0x0000,
  0x0000, 0x0000, 0x0000, 0x0000, 0x0000, 0x0000, 0x0000, 0x0000, 0x0000, 0x0000, 0x0000, 0x0000,
  0x0000, 0x0000, 0x0000, 0x0000, 0x0000, 0x0000, 0x0000, 0x0000, 0x0000, 0x0000, 0x0000, 0x0000,
  0x0000, 0x0000, 0x0000, 0x0000, 0x0000, 0x0000, 0x0000, 0x0000, 0x0000, 0x0000, 0x0000, 0x0000,
  0x0000, 0x0000, 0x0020, 0x0000, 0x0000, 0x0021, 0x0861, 0x10A1, 0x10C1, 0x1901, 0x2122, 0x2942,
  0x2921, 0x2120, 0x4284, 0x84AB, 0xB672, 0xADF1, 0x7449, 0xB631, 0x6BA8, 0x2101, 0x2121, 0x18C1,
  0x0860, 0x0820, 0x0020, 0x0020, 0x0000, 0x0000, 0x0000, 0x0000, 0x0000, 0x0000, 0x0000, 0x0000,
  0x0000, 0x0000, 0x0000, 0x0020, 0x0840, 0x10A1, 0x2122, 0x2101, 0x5B47, 0xA5F0, 0x3181, 0x2922,
  0x18E1, 0x10A1, 0x0840, 0x0000, 0x0000, 0x0840, 0x10A1, 0x2101, 0x2121, 0x31E3, 0xAE31, 0x4265,
  0x2101, 0x1901, 0x10A1, 0x0840, 0x0000, 0x0000, 0x0000, 0x0000, 0x0000, 0x0000, 0x0000, 0x0000,
  0x0000, 0x0000, 0x0000, 0x0000, 0x0840, 0x1080, 0x2101, 0x2121, 0x31E2, 0xADD0, 0x848A, 0x9D6E,
  0xBE72, 0xA5AF, 0x5B47, 0x2981, 0x2121, 0x2922, 0x2101, 0x2121, 0x18E1, 0x10A1, 0x1060, 0x0840,
  0x0000, 0x0000, 0x0000, 0x0000, 0x0000, 0x0000, 0x0000, 0x0000, 0x0000, 0x0000, 0x0000, 0x0000,
  0x0000, 0x0000, 0x0000, 0x0000, 0x0000, 0x0000, 0x0000, 0x0000, 0x0000, 0x0000, 0x0000, 0x0000,
  0x0000, 0x0000, 0x0000, 0x0000, 0x0000, 0x0000, 0x0000, 0x0000, 0x0000, 0x0000, 0x0000, 0x0000,
  0x0000, 0x0000, 0x0000, 0x0000, 0x0000, 0x0000, 0x0000, 0x0000, 0x0000, 0x0000, 0x0000, 0x0000,
  0x0000, 0x0000, 0x0000, 0x0000, 0x0000, 0x0000, 0x0000, 0x0000, 0x0000, 0x0000, 0x0000, 0x0000,
  0x0000, 0x0000, 0x0000, 0x0000, 0x0000, 0x0000, 0x0000, 0x0000, 0x0000, 0x0000, 0x0000, 0x0000,
  0x1082, 0x1082, 0x1082, 0x1082, 0x1082, 0x1082, 0x1082, 0x1082, 0x1082, 0x1082, 0x1082, 0x1082,
  0x1082, 0x1082, 0x1082, 0x1082, 0x1082, 0x1082, 0x1082, 0x1082, 0x1082, 0x1082, 0x1082, 0x1082,
  0x1082, 0x1082, 0x1082, 0x1082, 0x1082, 0x1082, 0x1082, 0x1082, 0x1082, 0x1082, 0x1082, 0x1082,
  0x1082, 0x1082, 0x1082, 0x1082, 0x1082, 0x1082, 0x1082, 0x1082, 0x1082, 0x1082, 0x1082, 0x1082,
  0x1082, 0x1082, 0x1082, 0x1082, 0x1082, 0x1082, 0x1082, 0x1082, 0x1082, 0x1082, 0x1082, 0x1082,
  0x1082, 0x1082, 0x1082, 0x1082, 0x1082, 0x1082, 0x1082, 0x1082, 0x1082, 0x1082, 0x1082, 0x1082,
  0x1082, 0x10A2, 0x1082, 0x1082, 0x18E2, 0x18C2, 0x2123, 0x3144, 0x3184, 0x31A3, 0x39E3, 0x31E2,
  0x5B46, 0xA590, 0xCEF5, 0xBE52, 0x7429, 0x4AA4, 0x3A23, 0x9D4E, 0xBE72, 0x3A23, 0x39E4, 0x3183,
  0x2103, 0x10A2, 0x10A2, 0x1082, 0x1082, 0x1082, 0x1082, 0x1082, 0x1082, 0x1082, 0x1082, 0x1082,
  0x1082, 0x1082, 0x1082, 0x1082, 0x18C2, 0x2143, 0x31A4, 0x3182, 0x6BC9, 0xBE93, 0x4204, 0x39A4,
  0x2964, 0x2103, 0x18A2, 0x1082, 0x1082, 0x18C2, 0x2123, 0x3163, 0x39A4, 0x4A86, 0xC6F3, 0x5B07,
  0x3183, 0x3183, 0x2123, 0x18C2, 0x10A2, 0x1082, 0x1082, 0x1082, 0x10A2, 0x1082, 0x1082, 0x10A2,
  0x10A2, 0x1082, 0x1082, 0x18C2, 0x18E3, 0x2123, 0x31A3, 0x39E3, 0x7409, 0xCF14, 0x52E5, 0x4243,
  0x6347, 0x9D6F, 0xCF15, 0xBE72, 0x6BE9, 0x4264, 0x31C3, 0x39C3, 0x39C4, 0x2943, 0x2923, 0x2103,
  0x18C2, 0x10A2, 0x10A2, 0x10A2, 0x10A2, 0x1082, 0x1082, 0x1082, 0x1082, 0x1082, 0x1082, 0x1082,
  0x1082, 0x1082, 0x1082, 0x1082, 0x1082, 0x1082, 0x1082, 0x1082, 0x1082, 0x1082, 0x1082, 0x1082,
  0x1082, 0x1082, 0x1082, 0x1082, 0x1082, 0x1082, 0x1082, 0x1082, 0x1082, 0x1082, 0x1082, 0x1082,
  0x1082, 0x1082, 0x1082, 0x1082, 0x1082, 0x1082, 0x1082, 0x1082, 0x1082, 0x1082, 0x1082, 0x1082,
  0x1082, 0x1082, 0x1082, 0x1082, 0x1082, 0x1082, 0x1082, 0x1082, 0x1082, 0x1082, 0x1082, 0x1082,
  0x1082, 0x1082, 0x1082, 0x1082, 0x1082, 0x1082, 0x1082, 0x1082, 0x1082, 0x1082, 0x1082, 0x1082,
  0x0000, 0x0000, 0x0000, 0x0000, 0x0000, 0x0000, 0x0000, 0x0000, 0x0000, 0x0000, 0x0000, 0x0000,
  0x0000, 0x0000, 0x0000, 0x0000, 0x0000, 0x0000, 0x0000, 0x0000, 0x0000, 0x0000, 0x0000, 0x0000,
  0x0000, 0x0000, 0x0000, 0x0000, 0x0000, 0x0000, 0x0000, 0x0000, 0x0000, 0x0000, 0x0000, 0x0000,
  0x0000, 0x0000, 0x0000, 0x0000, 0x0000, 0x0000, 0x0000, 0x0000, 0x0000, 0x0000, 0x0000, 0x0000,
  0x0000, 0x0000, 0x0000, 0x0000, 0x0000, 0x0000, 0x0000, 0x0000, 0x0000, 0x0000, 0x0000, 0x0000,
  0x0000, 0x0000, 0x0000, 0x0000, 0x0000, 0x0000, 0x0000, 0x0000, 0x0000, 0x0000, 0x0000, 0x0000,
  0x0000, 0x0000, 0x0040, 0x0040, 0x0860, 0x10A0, 0x2101, 0x2922, 0x2121, 0x2981, 0x52C5, 0x950E,
  0xB672, 0x956E, 0x5B46, 0x29A1, 0x2981, 0x41E3, 0x39A3, 0x4285, 0xBE51, 0x5B27, 0x2101, 0x2101,
  0x18A1, 0x0860, 0x0000, 0x0000, 0x0000, 0x0000, 0x0000, 0x0000, 0x0000, 0x0000, 0x0000, 0x0000,
  0x0000, 0x0000, 0x0000, 0x0000, 0x0840, 0x10A0, 0x2121, 0x20C0, 0x5B27, 0xA5F0, 0x2961, 0x2102,
  0x18E1, 0x1080, 0x0020, 0x0020, 0x0000, 0x0840, 0x10A1, 0x18E1, 0x2101, 0x31C3, 0xAE30, 0x4264,
  0x2101, 0x1901, 0x10A1, 0x0840, 0x0000, 0x0000, 0x0000, 0x0000, 0x0000, 0x0000, 0x0000, 0x0020,
  0x0020, 0x0000, 0x0000, 0x0020, 0x0860, 0x18E2, 0x2962, 0x2140, 0xA5CF, 0x848B, 0x2981, 0x4204,
  0x31A2, 0x2981, 0x3A23, 0x7C6B, 0xBE72, 0xA5B0, 0x63C9, 0x31E3, 0x1900, 0x3162, 0x2102, 0x18C1,
  0x1060, 0x0820, 0x0000, 0x0020, 0x0000, 0x0000, 0x0000, 0x0000, 0x0000, 0x0000, 0x0000, 0x0000,
  0x0000, 0x0000, 0x0000, 0x0000, 0x0000, 0x0000, 0x0000, 0x0000, 0x0000, 0x0000, 0x0000, 0x0000,
  0x0000, 0x0000, 0x0000, 0x0000, 0x0000, 0x0000, 0x0000, 0x0000, 0x0000, 0x0000, 0x0000, 0x0000,
  0x0000, 0x0000, 0x0000, 0x0000, 0x0000, 0x0000, 0x0000, 0x0000, 0x0000, 0x0000, 0x0000, 0x0000,
  0x0000, 0x0000, 0x0000, 0x0000, 0x0000, 0x0000, 0x0000, 0x0000, 0x0000, 0x0000, 0x0000, 0x0000,
  0x0000, 0x0000, 0x0000, 0x0000, 0x0000, 0x0000, 0x0000, 0x0000, 0x0000, 0x0000, 0x0000, 0x0000,
  0x0841, 0x0841, 0x0841, 0x0841, 0x0841, 0x0841, 0x0841, 0x0841, 0x0841, 0x0841, 0x0841, 0x0841,
  0x0841, 0x0841, 0x0841, 0x0841, 0x0841, 0x0841, 0x0841, 0x0841, 0x0841, 0x0841, 0x0841, 0x0841,
  0x0841, 0x0841, 0x0841, 0x0841, 0x0841, 0x0841, 0x0841, 0x0841, 0x0841, 0x0841, 0x0841, 0x0841,
  0x0841, 0x0841, 0x0841, 0x0841, 0x0841, 0x0841, 0x0841, 0x0841, 0x0841, 0x0841, 0x0841, 0x0841,
  0x0841, 0x0841, 0x0841, 0x0841, 0x0841, 0x0841, 0x0841, 0x0841, 0x0841, 0x0841, 0x0841, 0x0841,
  0x0841, 0x0841, 0x0841, 0x0841, 0x0841, 0x0841, 0x0841, 0x0841, 0x0841, 0x0841, 0x0841, 0x0841,
  0x0841, 0x0841, 0x1081, 0x0881, 0x1902, 0x2122, 0x2982, 0x29C1, 0x6368, 0xADD1, 0xCED4, 0x9D4E,
  0x52E6, 0x2981, 0x31A2, 0x39A3, 0x39C3, 0x39C3, 0x4204, 0x31C2, 0x9D6E, 0xA5B0, 0x2982, 0x3183,
  0x2102, 0x18E2, 0x0861, 0x1062, 0x0841, 0x0841, 0x0841, 0x0861, 0x0861, 0x0841, 0x0861, 0x0861,
  0x0861, 0x0861, 0x1061, 0x1081, 0x18C1, 0x2122, 0x31A3, 0x3142, 0x6388, 0xAE51, 0x31C2, 0x3163,
  0x2122, 0x18C2, 0x0861, 0x0861, 0x0841, 0x1081, 0x18E2, 0x2922, 0x3163, 0x3A24, 0xB692, 0x52E6,
  0x3182, 0x2963, 0x2102, 0x18C1, 0x0861, 0x0841, 0x0861, 0x0841, 0x0841, 0x0841, 0x0861, 0x0841,
  0x0841, 0x0861, 0x0861, 0x10A1, 0x2102, 0x2963, 0x2141, 0x6348, 0xC6B4, 0x52E5, 0x3A03, 0x39C3,
  0x31A3, 0x39C4, 0x31A3, 0x2981, 0x3A23, 0x846B, 0xBE93, 0xBE93, 0x84AC, 0x4244, 0x2962, 0x2962,
  0x2102, 0x18A1, 0x1061, 0x0861, 0x0841, 0x0841, 0x0841, 0x0841, 0x0841, 0x0841, 0x0841, 0x0841,
  0x0841, 0x0841, 0x0841, 0x0841, 0x0841, 0x0841, 0x0841, 0x0841, 0x0841, 0x0841, 0x0841, 0x0841,
  0x0841, 0x0841, 0x0841, 0x0841, 0x0841, 0x0841, 0x0841, 0x0841, 0x0841, 0x0841, 0x0841, 0x0841,
  0x0841, 0x0841, 0x0841, 0x0841, 0x0841, 0x0841, 0x0841, 0x0841, 0x0841, 0x0841, 0x0841, 0x0841,
  0x0841, 0x0841, 0x0841, 0x0841, 0x0841, 0x0841, 0x0841, 0x0841, 0x0841, 0x0841, 0x0841, 0x0841,
  0x0841, 0x0841, 0x0841, 0x0841, 0x0841, 0x0841, 0x0841, 0x0841, 0x0841, 0x0841, 0x0841, 0x0841,
  0x0861, 0x0861, 0x0861, 0x0861, 0x0861, 0x0861, 0x0861, 0x0861, 0x0861, 0x0861, 0x0861, 0x0861,
  0x0861, 0x0861, 0x0861, 0x0861, 0x0861, 0x0861, 0x0861, 0x0861, 0x0861, 0x0861, 0x0861, 0x0861,
  0x0861, 0x0861, 0x0861, 0x0861, 0x0861, 0x0861, 0x0861, 0x0861, 0x0861, 0x0861, 0x0861, 0x0861,
  0x0861, 0x0861, 0x0861, 0x0861, 0x0861, 0x0861, 0x0861, 0x0861, 0x0861, 0x0861, 0x0861, 0x0861,
  0x0861, 0x0861, 0x0861, 0x0861, 0x0861, 0x0861, 0x0861, 0x0861, 0x0861, 0x0861, 0x0861, 0x0861,
  0x0861, 0x0861, 0x0861, 0x0861, 0x0861, 0x0861, 0x0861, 0x0861, 0x0861, 0x0861, 0x0861, 0x0861,
  0x0861, 0x1082, 0x0861, 0x10C2, 0x2143, 0x2962, 0x5B48, 0xB651, 0xC6D4, 0x9D4E, 0x5305, 0x3A23,
  0x31A3, 0x31A3, 0x3183, 0x2943, 0x3164, 0x3183, 0x39E3, 0x39E3, 0x5B27, 0xC6F4, 0x5306, 0x3182,
  0x2962, 0x1902, 0x10A1, 0x1061, 0x0861, 0x0861, 0x0861, 0x1061, 0x1082, 0x10A1, 0x10A2, 0x18A2,
  0x18C2, 0x18C2, 0x18E2, 0x2102, 0x2942, 0x31A3, 0x39E4, 0x39A3, 0x6BC9, 0xB672, 0x39E3, 0x3183,
  0x2143, 0x18E2, 0x1081, 0x1061, 0x1061, 0x10A1, 0x18E2, 0x2942, 0x3163, 0x4245, 0xBED2, 0x5B07,
  0x39C3, 0x39C3, 0x2963, 0x2122, 0x18C2, 0x10A2, 0x10A2, 0x1081, 0x1081, 0x1081, 0x1061, 0x0861,
  0x0861, 0x0861, 0x1082, 0x18E2, 0x2102, 0x39C4, 0x31E2, 0x9D8F, 0xA5B0, 0x31C2, 0x39C3, 0x39A4,
  0x3184, 0x2943, 0x2943, 0x3183, 0x39C3, 0x4203, 0x4263, 0x744A, 0xBE93, 0xC693, 0x8CAD, 0x31C3,
  0x2943, 0x18E2, 0x10A2, 0x1081, 0x0861, 0x0861, 0x0861, 0x0861, 0x0861, 0x0861, 0x0861, 0x0861,
  0x0861, 0x0861, 0x0861, 0x0861, 0x0861, 0x0861, 0x0861, 0x0861, 0x0861, 0x0861, 0x0861, 0x0861,
  0x0861, 0x0861, 0x0861, 0x0861, 0x0861, 0x0861, 0x0861, 0x0861, 0x0861, 0x0861, 0x0861, 0x0861,
  0x0861, 0x0861, 0x0861, 0x0861, 0x0861, 0x0861, 0x0861, 0x0861, 0x0861, 0x0861, 0x0861, 0x0861,
  0x0861, 0x0861, 0x0861, 0x0861, 0x0861, 0x0861, 0x0861, 0x0861, 0x0861, 0x0861, 0x0861, 0x0861,
  0x0861, 0x0861, 0x0861, 0x0861, 0x0861, 0x0861, 0x0861, 0x0861, 0x0861, 0x0861, 0x0861, 0x0861,
  0x0000, 0x0000, 0x0000, 0x0000, 0x0000, 0x0000, 0x0000, 0x0000, 0x0000, 0x0000, 0x0000, 0x0000,
  0x0000, 0x0000, 0x0000, 0x0000, 0x0000, 0x0000, 0x0000, 0x0000, 0x0000, 0x0000, 0x0000, 0x0000,
  0x0000, 0x0000, 0x0000, 0x0000, 0x0000, 0x0000, 0x0000, 0x0000, 0x0000, 0x0000, 0x0000, 0x0000,
  0x0000, 0x0000, 0x0000, 0x0000, 0x0000, 0x0000, 0x0000, 0x0000, 0x0000, 0x0000, 0x0000, 0x0000,
  0x0000, 0x0000, 0x0000, 0x0000, 0x0000, 0x0000, 0x0000, 0x0000, 0x0000, 0x0000, 0x0000, 0x0000,
  0x0000, 0x0000, 0x0000, 0x0000, 0x0000, 0x0000, 0x0000, 0x0000, 0x0000, 0x0000, 0x0000, 0x0000,
  0x0000, 0x0000, 0x0000, 0x1081, 0x10A0, 0x1900, 0x844C, 0xB672, 0x42A4, 0x2980, 0x31A2, 0x3182,
  0x2122, 0x1901, 0x1080, 0x10C1, 0x1081, 0x18A2, 0x1900, 0x2941, 0x2121, 0x8D4D, 0x8CED, 0x2100,
  0x2142, 0x18C1, 0x10A1, 0x0020, 0x0820, 0x0020, 0x0840, 0x0840, 0x0840, 0x1080, 0x1080, 0x10A0,
  0x10A1, 0x10A1, 0x10C0, 0x18E0, 0x2121, 0x2962, 0x31A2, 0x3141, 0x5B47, 0xA5D0, 0x2961, 0x20E1,
  0x10C1, 0x0860, 0x0000, 0x0000, 0x0000, 0x0020, 0x0860, 0x18C0, 0x20E1, 0x31A3, 0xA630, 0x52A5,
  0x2961, 0x2962, 0x2141, 0x1901, 0x18C1, 0x10A1, 0x10A0, 0x1080, 0x0880, 0x0860, 0x0840, 0x0040,
  0x0020, 0x0840, 0x0860, 0x10A1, 0x2102, 0x20E0, 0x4243, 0xB671, 0x4AA5, 0x2941, 0x2942, 0x18A1,
  0x10A0, 0x0880, 0x10A1, 0x10A1, 0x2101, 0x2962, 0x39C3, 0x3182, 0x29C1, 0x7C6B, 0xC694, 0x3A03,
  0x10C0, 0x1080, 0x0020, 0x0000, 0x0000, 0x0000, 0x0000, 0x0000, 0x0000, 0x0000, 0x0000, 0x0000,
  0x0000, 0x0000, 0x0000, 0x0000, 0x0000, 0x0000, 0x0000, 0x0000, 0x0000, 0x0000, 0x0000, 0x0000,
  0x0000, 0x0000, 0x0000, 0x0000, 0x0000, 0x0000, 0x0000, 0x0000, 0x0000, 0x0000, 0x0000, 0x0000,
  0x0000, 0x0000, 0x0000, 0x0000, 0x0000, 0x0000, 0x0000, 0x0000, 0x0000, 0x0000, 0x0000, 0x0000,
  0x0000, 0x0000, 0x0000, 0x0000, 0x0000, 0x0000, 0x0000, 0x0000, 0x0000, 0x0000, 0x0000, 0x0000,
  0x0000, 0x0000, 0x0000, 0x0000, 0x0000, 0x0000, 0x0000, 0x0000, 0x0000, 0x0000, 0x0000, 0x0000,
  0x1082, 0x1082, 0x1082, 0x1082, 0x1082, 0x1082, 0x1082, 0x1082, 0x1082, 0x1082, 0x1082, 0x1082,
  0x1082, 0x1082, 0x1082, 0x1082, 0x1082, 0x1082, 0x1082, 0x1082, 0x1082, 0x1082, 0x1082, 0x1082,
  0x1082, 0x1082, 0x1082, 0x1082, 0x1082, 0x1082, 0x1082, 0x1082, 0x1082, 0x1082, 0x1082, 0x1082,
  0x1082, 0x1082, 0x1082, 0x1082, 0x1082, 0x1082, 0x1082, 0x1082, 0x1082, 0x1082, 0x1082, 0x1082,
  0x1082, 0x1082, 0x1082, 0x1082, 0x1082, 0x1082, 0x1082, 0x1082, 0x1082, 0x1082, 0x1082, 0x1082,
  0x1082, 0x1082, 0x1082, 0x1082, 0x1082, 0x1082, 0x1082, 0x1082, 0x1082, 0x1082, 0x1082, 0x1082,
  0x1082, 0x1082, 0x10A2, 0x18E2, 0x2963, 0x2962, 0x52E7, 0xCEF4, 0x63A7, 0x4A64, 0x4A25, 0x41E4,
  0x31A4, 0x2122, 0x18C1, 0x18C2, 0x10C2, 0x18E3, 0x2942, 0x31A3, 0x31A4, 0x63A8, 0xCEF5, 0x5AE7,
  0x31E3, 0x31A4, 0x2984, 0x2122, 0x1922, 0x2122, 0x2122, 0x2143, 0x2963, 0x2963, 0x2963, 0x3183,
  0x31A4, 0x31A4, 0x31A3, 0x39A4, 0x39E4, 0x41E4, 0x4204, 0x31A2, 0x6BC8, 0xB672, 0x3A03, 0x3184,
  0x2143, 0x18E2, 0x1082, 0x1082, 0x1082, 0x10A2, 0x1902, 0x2963, 0x3984, 0x4265, 0xBED2, 0x5B07,
  0x41E4, 0x4A25, 0x41E4, 0x39C4, 0x31A4, 0x31A4, 0x3184, 0x2963, 0x2943, 0x2923, 0x2943, 0x2123,
  0x2102, 0x2143, 0x2143, 0x3184, 0x39C4, 0x39A2, 0x9D2E, 0xAE31, 0x3A23, 0x39C4, 0x2943, 0x2103,
  0x18E2, 0x10C1, 0x18E2, 0x2103, 0x2943, 0x39C4, 0x41E5, 0x5A66, 0x4264, 0xAE11, 0x952F, 0x29A2,
  0x31A3, 0x2102, 0x10A2, 0x1082, 0x1082, 0x1082, 0x1082, 0x1082, 0x1082, 0x1082, 0x1082, 0x1082,
  0x1082, 0x1082, 0x1082, 0x1082, 0x1082, 0x1082, 0x1082, 0x1082, 0x1082, 0x1082, 0x1082, 0x1082,
  0x1082, 0x1082, 0x1082, 0x1082, 0x1082, 0x1082, 0x1082, 0x1082, 0x1082, 0x1082, 0x1082, 0x1082,
  0x1082, 0x1082, 0x1082, 0x1082, 0x1082, 0x1082, 0x1082, 0x1082, 0x1082, 0x1082, 0x1082, 0x1082,
  0x1082, 0x1082, 0x1082, 0x1082, 0x1082, 0x1082, 0x1082, 0x1082, 0x1082, 0x1082, 0x1082, 0x1082,
  0x1082, 0x1082, 0x1082, 0x1082, 0x1082, 0x1082, 0x1082, 0x1082, 0x1082, 0x1082, 0x1082, 0x1082,
  0x0020, 0x0020, 0x0020, 0x0020, 0x0020, 0x0020, 0x0020, 0x0020, 0x0020, 0x0020, 0x0020, 0x0020,
  0x0020, 0x0020, 0x0020, 0x0020, 0x0020, 0x0020, 0x0020, 0x0020, 0x0020, 0x0020, 0x0020, 0x0020,
  0x0020, 0x0020, 0x0020, 0x0020, 0x0020, 0x0020, 0x0020, 0x0020, 0x0020, 0x0020, 0x0020, 0x0020,
  0x0020, 0x0020, 0x0020, 0x0020, 0x0020, 0x0020, 0x0020, 0x0020, 0x0020, 0x0020, 0x0020, 0x0020,
  0x0020, 0x0020, 0x0020, 0x0020, 0x0020, 0x0020, 0x0020, 0x0020, 0x0020, 0x0020, 0x0020, 0x0020,
  0x0020, 0x0020, 0x0020, 0x0020, 0x0020, 0x0020, 0x0020, 0x0020, 0x0020, 0x0020, 0x0020, 0x0020,
  0x0020, 0x0821, 0x0841, 0x0861, 0x18E1, 0x2962, 0x2141, 0x8D0E, 0xA5EE, 0x3202, 0x31A4, 0x2982,
  0x2122, 0x10A1, 0x0841, 0x0841, 0x0841, 0x0861, 0x10A1, 0x18E1, 0x2141, 0x3162, 0xADD0, 0x84AB,
  0x31A2, 0x3183, 0x2962, 0x2142, 0x1922, 0x2102, 0x2942, 0x2922, 0x2942, 0x2942, 0x2922, 0x2101,
  0x2121, 0x2961, 0x31A2, 0x31A2, 0x3A23, 0x5B06, 0x73EA, 0x7C4A, 0x9D6E, 0xB612, 0x2982, 0x2922,
  0x18A1, 0x0861, 0x0020, 0x0020, 0x0020, 0x0020, 0x08A1, 0x18A1, 0x20E1, 0x3A03, 0xAE71, 0x7C2A,
  0x4A84, 0x4223, 0x39E3, 0x2962, 0x2141, 0x1900, 0x18E1, 0x2122, 0x2943, 0x2943, 0x2942, 0x2122,
  0x1901, 0x2142, 0x2122, 0x3983, 0x31C2, 0x3A43, 0xC693, 0x6348, 0x2121, 0x2942, 0x18E1, 0x1081,
  0x0841, 0x0821, 0x0840, 0x1080, 0x18E1, 0x2942, 0x31A3, 0x31A2, 0x5B86, 0xBEB3, 0x4285, 0x2943,
  0x2122, 0x10A1, 0x0840, 0x0020, 0x0020, 0x0020, 0x0020, 0x0020, 0x0020, 0x0020, 0x0020, 0x0020,
  0x0020, 0x0020, 0x0020, 0x0020, 0x0020, 0x0020, 0x0020, 0x0020, 0x0020, 0x0020, 0x0020, 0x0020,
  0x0020, 0x0020, 0x0020, 0x0020, 0x0020, 0x0020, 0x0020, 0x0020, 0x0020, 0x0020, 0x0020, 0x0020,
  0x0020, 0x0020, 0x0020, 0x0020, 0x0020, 0x0020, 0x0020, 0x0020, 0x0020, 0x0020, 0x0020, 0x0020,
  0x0020, 0x0020, 0x0020, 0x0020, 0x0020, 0x0020, 0x0020, 0x0020, 0x0020, 0x0020, 0x0020, 0x0020,
  0x0020, 0x0020, 0x0020, 0x0020, 0x0020, 0x0020, 0x0020, 0x0020, 0x0020, 0x0020, 0x0020, 0x0020,
  0x0020, 0x0020, 0x0020, 0x0020, 0x0020, 0x0020, 0x0020, 0x0020, 0x0020, 0x0020, 0x0020, 0x0020,
  0x0020, 0x0020, 0x0020, 0x0020, 0x0020, 0x0020, 0x0020, 0x0020, 0x0020, 0x0020, 0x0020, 0x0020,
  0x0020, 0x0020, 0x0020, 0x0020, 0x0020, 0x0020, 0x0020, 0x0020, 0x0020, 0x0020, 0x0020, 0x0020,
  0x0020, 0x0020, 0x0020, 0x0020, 0x0020, 0x0020, 0x0020, 0x0020, 0x0020, 0x0020, 0x0020, 0x0020,
  0x0020, 0x0020, 0x0020, 0x0020, 0x0020, 0x0020, 0x0020, 0x0020, 0x0020, 0x0020, 0x0020, 0x0020,
  0x0020, 0x0020, 0x0020, 0x0020, 0x0020, 0x0020, 0x0020, 0x0020, 0x0020, 0x0020, 0x0020, 0x0020,
  0x0020, 0x0020, 0x0021, 0x0860, 0x10C1, 0x2142, 0x2162, 0x4284, 0xC693, 0x5B67, 0x2982, 0x2982,
  0x1901, 0x1080, 0x0840, 0x0820, 0x0040, 0x0020, 0x10A1, 0x10A1, 0x2983, 0x2121, 0x63A8, 0xBE72,
  0x4244, 0x39C3, 0x39A3, 0x3963, 0x3143, 0x3122, 0x2942, 0x2101, 0x2121, 0x3203, 0x4AC5, 0x5B67,
  0x7C4B, 0xA5B0, 0xAE31, 0xAE51, 0xB672, 0xAE31, 0x9DAF, 0x9D6F, 0x9D2E, 0x73CA, 0x2121, 0x20E1,
  0x10A1, 0x0861, 0x0020, 0x0020, 0x0020, 0x0020, 0x0861, 0x18A2, 0x20C1, 0x29A2, 0x84AC, 0xAE31,
  0xAE31, 0xB672, 0xB672, 0x9DAF, 0x84CC, 0x6BA9, 0x5327, 0x42A5, 0x2180, 0x2140, 0x2141, 0x2961,
  0x2962, 0x3163, 0x39A4, 0x31A3, 0x2981, 0x7C4B, 0xADF1, 0x31C2, 0x2942, 0x2101, 0x10A1, 0x0840,
  0x0020, 0x0000, 0x0820, 0x1061, 0x18C1, 0x2942, 0x2942, 0x39E3, 0xA58F, 0x84CC, 0x2161, 0x2942,
  0x1901, 0x1081, 0x0840, 0x0020, 0x0020, 0x0020, 0x0020, 0x0020, 0x0020, 0x0020, 0x0020, 0x0020,
  0x0020, 0x0020, 0x0020, 0x0020, 0x0020, 0x0020, 0x0020, 0x0020, 0x0020, 0x0020, 0x0020, 0x0020,
  0x0020, 0x0020, 0x0020, 0x0020, 0x0020, 0x0020, 0x0020, 0x0020, 0x0020, 0x0020, 0x0020, 0x0020,
  0x0020, 0x0020, 0x0020, 0x0020, 0x0020, 0x0020, 0x0020, 0x0020, 0x0020, 0x0020, 0x0020, 0x0020,
  0x0020, 0x0020, 0x0020, 0x0020, 0x0020, 0x0020, 0x0020, 0x0020, 0x0020, 0x0020, 0x0020, 0x0020,
  0x0020, 0x0020, 0x0020, 0x0020, 0x0020, 0x0020, 0x0020, 0x0020, 0x0020, 0x0020, 0x0020, 0x0020,
  0x1082, 0x1082, 0x1082, 0x1082, 0x1082, 0x1082, 0x1082, 0x1082, 0x1082, 0x1082, 0x1082, 0x1082,
  0x1082, 0x1082, 0x1082, 0x1082, 0x1082, 0x1082, 0x1082, 0x1082, 0x1082, 0x1082, 0x1082, 0x1082,
  0x1082, 0x1082, 0x1082, 0x1082, 0x1082, 0x1082, 0x1082, 0x1082, 0x1082, 0x1082, 0x1082, 0x1082,
  0x1082, 0x1082, 0x1082, 0x1082, 0x1082, 0x1082, 0x1082, 0x1082, 0x1082, 0x1082, 0x1082, 0x1082,
  0x1082, 0x1082, 0x1082, 0x1082, 0x1082, 0x1082, 0x1082, 0x1082, 0x1082, 0x1082, 0x1082, 0x1082,
  0x1082, 0x1082, 0x1082, 0x1082, 0x1082, 0x1082, 0x1082, 0x1082, 0x1082, 0x1082, 0x1082, 0x1082,
  0x1082, 0x1082, 0x1082, 0x10A2, 0x2102, 0x2963, 0x31C4, 0x39E3, 0x9D6F, 0xB611, 0x31E2, 0x39E4,
  0x2963, 0x2102, 0x18A2, 0x10A2, 0x1082, 0x10A2, 0x18C2, 0x18E2, 0x2983, 0x39C4, 0x3A23, 0xCED4,
  0x8C8C, 0x4244, 0x4A24, 0x41E3, 0x3A03, 0x4264, 0x5B68, 0x954E, 0xA5F1, 0xBE93, 0xC6D4, 0xC6D4,
  0xA5F0, 0x7C8B, 0x73E9, 0x6BA9, 0x5B27, 0x4A85, 0x3A24, 0x29A2, 0x31A2, 0x2962, 0x2942, 0x2122,
  0x18E2, 0x10A2, 0x1081, 0x1082, 0x1082, 0x1082, 0x0881, 0x18E3, 0x2923, 0x2122, 0x31E3, 0x4244,
  0x5307, 0x6388, 0x6BC9, 0x8CAC, 0xA5B0, 0xBE73, 0xCEF4, 0xC6D4, 0xB631, 0x9D6F, 0x73EA, 0x4264,
  0x4224, 0x41E4, 0x4204, 0x4244, 0x4AC5, 0xC6B4, 0x7C4C, 0x31A2, 0x31A4, 0x2943, 0x18E2, 0x10A2,
  0x0882, 0x1082, 0x10A2, 0x18E2, 0x2943, 0x31A4, 0x31C3, 0x6388, 0xD716, 0x52E6, 0x39E4, 0x3184,
  0x2123, 0x18C2, 0x1082, 0x1082, 0x10A2, 0x1082, 0x1082, 0x1082, 0x1082, 0x1082, 0x1082, 0x1082,
  0x1082, 0x1082, 0x1082, 0x1082, 0x1082, 0x1082, 0x1082, 0x1082, 0x1082, 0x1082, 0x1082, 0x1082,
  0x1082, 0x1082, 0x1082, 0x1082, 0x1082, 0x1082, 0x1082, 0x1082, 0x1082, 0x1082, 0x1082, 0x1082,
  0x1082, 0x1082, 0x1082, 0x1082, 0x1082, 0x1082, 0x1082, 0x1082, 0x1082, 0x1082, 0x1082, 0x1082,
  0x1082, 0x1082, 0x1082, 0x1082, 0x1082, 0x1082, 0x1082, 0x1082, 0x1082, 0x1082, 0x1082, 0x1082,
  0x1082, 0x1082, 0x1082, 0x1082, 0x1082, 0x1082, 0x1082, 0x1082, 0x1082, 0x1082, 0x1082, 0x1082,
  0x0000, 0x0000, 0x0000, 0x0000, 0x0000, 0x0000, 0x0000, 0x0000, 0x0000, 0x0000, 0x0000, 0x0000,
  0x0000, 0x0000, 0x0000, 0x0000, 0x0000, 0x0000, 0x0000, 0x0000, 0x0000, 0x0000, 0x0000, 0x0000,
  0x0000, 0x0000, 0x0000, 0x0000, 0x0000, 0x0000, 0x0000, 0x0000, 0x0000, 0x0000, 0x0000, 0x0000,
  0x0000, 0x0000, 0x0000, 0x0000, 0x0000, 0x0000, 0x0000, 0x0000, 0x0000, 0x0000, 0x0000, 0x0000,
  0x0000, 0x0000, 0x0000, 0x0000, 0x0000, 0x0000, 0x0000, 0x0000, 0x0000, 0x0000, 0x0000, 0x0000,
  0x0000, 0x0000, 0x0000, 0x0000, 0x0000, 0x0000, 0x0000, 0x0000, 0x0000, 0x0000, 0x0000, 0x0000,
  0x0000, 0x0000, 0x0000, 0x0000, 0x0840, 0x10A0, 0x20E1, 0x2921, 0x3A24, 0xB672, 0x5305, 0x18E1,
  0x1901, 0x10A0, 0x0840, 0x0020, 0x0000, 0x0000, 0x0000, 0x1081, 0x10A0, 0x2101, 0x2120, 0x6388,
  0xB612, 0x2A01, 0x4AA4, 0x6BA8, 0x8D2D, 0xB672, 0xAE11, 0x954E, 0x7C8B, 0x6368, 0x3A03, 0x2140,
  0x2161, 0x1920, 0x18C0, 0x20C0, 0x2101, 0x2922, 0x2902, 0x2101, 0x2101, 0x10A0, 0x10A0, 0x0860,
  0x0860, 0x0000, 0x0000, 0x0000, 0x0000, 0x0000, 0x0000, 0x0040, 0x0860, 0x18C1, 0x18C0, 0x20E1,
  0x20C1, 0x20C1, 0x20E1, 0x2101, 0x2120, 0x29A1, 0x29C2, 0x4285, 0x7C0B, 0x94EE, 0xADF2, 0xBE53,
  0xA590, 0x7C2A, 0x5B26, 0x29E1, 0x63C8, 0xAE11, 0x3203, 0x2101, 0x18C1, 0x1080, 0x0040, 0x0000,
  0x0000, 0x0000, 0x0820, 0x1080, 0x18E1, 0x2942, 0x2140, 0x9D8F, 0x848C, 0x1920, 0x2101, 0x20E1,
  0x1060, 0x0820, 0x0000, 0x0000, 0x0000, 0x0000, 0x0000, 0x0000, 0x0000, 0x0000, 0x0000, 0x0000,
  0x0000, 0x0000, 0x0000, 0x0000, 0x0000, 0x0000, 0x0000, 0x0000, 0x0000, 0x0000, 0x0000, 0x0000,
  0x0000, 0x0000, 0x0000, 0x0000, 0x0000, 0x0000, 0x0000, 0x0000, 0x0000, 0x0000, 0x0000, 0x0000,
  0x0000, 0x0000, 0x0000, 0x0000, 0x0000, 0x0000, 0x0000, 0x0000, 0x0000, 0x0000, 0x0000, 0x0000,
  0x0000, 0x0000, 0x0000, 0x0000, 0x0000, 0x0000, 0x0000, 0x0000, 0x0000, 0x0000, 0x0000, 0x0000,
  0x0000, 0x0000, 0x0000, 0x0000, 0x0000, 0x0000, 0x0000, 0x0000, 0x0000, 0x0000, 0x0000, 0x0000,
  0x0861, 0x0861, 0x0861, 0x0861, 0x0861, 0x0861, 0x0861, 0x0861, 0x0861, 0x0861, 0x0861, 0x0861,
  0x0861, 0x0861, 0x0861, 0x0861, 0x0861, 0x0861, 0x0861, 0x0861, 0x0861, 0x0861, 0x0861, 0x0861,
  0x0861, 0x0861, 0x0861, 0x0861, 0x0861, 0x0861, 0x0861, 0x0861, 0x0861, 0x0861, 0x0861, 0x0861,
  0x0861, 0x0861, 0x0861, 0x0861, 0x0861, 0x0861, 0x0861, 0x0861, 0x0861, 0x0861, 0x0861, 0x0861,
  0x0861, 0x0861, 0x0861, 0x0861, 0x0861, 0x0861, 0x0861, 0x0861, 0x0861, 0x0861, 0x0861, 0x0861,
  0x0861, 0x0861, 0x0861, 0x0861, 0x0861, 0x0861, 0x0861, 0x0861, 0x0861, 0x0861, 0x0861, 0x0861,
  0x0861, 0x0861, 0x0861, 0x0861, 0x10A1, 0x18E2, 0x2922, 0x3984, 0x2962, 0x956D, 0xADF0, 0x31A3,
  0x31A3, 0x2942, 0x18E2, 0x10A2, 0x0881, 0x0861, 0x1062, 0x18A2, 0x18C1, 0x2943, 0x3162, 0x4265,
  0xB653, 0xB672, 0xBEB3, 0xC6B3, 0x9D4E, 0x6347, 0x4A85, 0x31A2, 0x2962, 0x3183, 0x3183, 0x3183,
  0x3184, 0x3143, 0x3184, 0x3183, 0x2963, 0x2963, 0x2942, 0x2943, 0x2922, 0x2123, 0x2102, 0x10C1,
  0x10C2, 0x10A2, 0x1081, 0x10A2, 0x1082, 0x1082, 0x10A1, 0x18E2, 0x10C1, 0x2102, 0x2922, 0x2963,
  0x2943, 0x2943, 0x2963, 0x3184, 0x3184, 0x2963, 0x3163, 0x3183, 0x2962, 0x2982, 0x4264, 0x5B27,
  0x7C6B, 0xAE31, 0xC6F3, 0xB652, 0xCF35, 0x7CAB, 0x2181, 0x3183, 0x2102, 0x18C2, 0x0881, 0x0861,
  0x0861, 0x10A1, 0x18C1, 0x2122, 0x31A3, 0x2982, 0x63A8, 0xC6F3, 0x4AA5, 0x3182, 0x3163, 0x20E2,
  0x18A2, 0x1082, 0x1061, 0x0861, 0x0881, 0x0861, 0x0861, 0x0861, 0x0861, 0x0861, 0x0861, 0x0861,
  0x0861, 0x0861, 0x0861, 0x0861, 0x0861, 0x0861, 0x0861, 0x0861, 0x0861, 0x0861, 0x0861, 0x0861,
  0x0861, 0x0861, 0x0861, 0x0861, 0x0861, 0x0861, 0x0861, 0x0861, 0x0861, 0x0861, 0x0861, 0x0861,
  0x0861, 0x0861, 0x0861, 0x0861, 0x0861, 0x0861, 0x0861, 0x0861, 0x0861, 0x0861, 0x0861, 0x0861,
  0x0861, 0x0861, 0x0861, 0x0861, 0x0861, 0x0861, 0x0861, 0x0861, 0x0861, 0x0861, 0x0861, 0x0861,
  0x0861, 0x0861, 0x0861, 0x0861, 0x0861, 0x0861, 0x0861, 0x0861, 0x0861, 0x0861, 0x0861, 0x0861,
  0x0841, 0x0841, 0x0841, 0x0841, 0x0841, 0x0841, 0x0841, 0x0841, 0x0841, 0x0841, 0x0841, 0x0841,
  0x0841, 0x0841, 0x0841, 0x0841, 0x0841, 0x0841, 0x0841, 0x0841, 0x0841, 0x0841, 0x0841, 0x0841,
  0x0841, 0x0841, 0x0841, 0x0841, 0x0841, 0x0841, 0x0841, 0x0841, 0x0841, 0x0841, 0x0841, 0x0841,
  0x0841, 0x0841, 0x0841, 0x0841, 0x0841, 0x0841, 0x0841, 0x0841, 0x0841, 0x0841, 0x0841, 0x0841,
  0x0841, 0x0841, 0x0841, 0x0841, 0x0861, 0x0861, 0x0861, 0x0861, 0x0861, 0x0861, 0x0841, 0x0841,
  0x0861, 0x0861, 0x0861, 0x0841, 0x0841, 0x0841, 0x0861, 0x0861, 0x0841, 0x0841, 0x0841, 0x0841,
  0x0841, 0x0861, 0x0861, 0x0841, 0x0861, 0x10A2, 0x18E2, 0x3163, 0x2962, 0x4A85, 0xCED5, 0x5367,
  0x2941, 0x2983, 0x1901, 0x10C1, 0x1061, 0x0841, 0x0841, 0x0861, 0x10A1, 0x1902, 0x2943, 0x2141,
  0x6368, 0x9D2E, 0x5B28, 0x31E3, 0x31A2, 0x2982, 0x2982, 0x3183, 0x2983, 0x2983, 0x2962, 0x2942,
  0x2963, 0x2943, 0x2942, 0x2942, 0x2142, 0x2963, 0x2963, 0x2922, 0x2102, 0x2122, 0x2122, 0x2102,
  0x18E1, 0x18E2, 0x18E2, 0x18E2, 0x18E2, 0x18E2, 0x18E1, 0x2102, 0x2102, 0x2102, 0x2123, 0x2122,
  0x2122, 0x2963, 0x2943, 0x2963, 0x2942, 0x2962, 0x2962, 0x2983, 0x2983, 0x2983, 0x2962, 0x2962,
  0x2982, 0x39E3, 0x4265, 0x7C2A, 0x94EE, 0x4225, 0x2142, 0x2123, 0x10C1, 0x1081, 0x0841, 0x0861,
  0x0841, 0x0881, 0x1902, 0x2902, 0x39A4, 0x29A2, 0xA5D1, 0x952D, 0x31A2, 0x2942, 0x2943, 0x10C1,
  0x0861, 0x0861, 0x0841, 0x0841, 0x0861, 0x0861, 0x0861, 0x0861, 0x0861, 0x0861, 0x0861, 0x0861,
  0x0861, 0x0841, 0x0841, 0x0841, 0x0842, 0x0841, 0x0841, 0x0861, 0x0861, 0x0841, 0x0841, 0x0841,
  0x0841, 0x0841, 0x0841, 0x0841, 0x0841, 0x0841, 0x0841, 0x0841, 0x0841, 0x0841, 0x0841, 0x0841,
  0x0841, 0x0841, 0x0841, 0x0841, 0x0841, 0x0841, 0x0841, 0x0841, 0x0841, 0x0841, 0x0841, 0x0841,
  0x0841, 0x0841, 0x0841, 0x0841, 0x0841, 0x0841, 0x0841, 0x0841, 0x0841, 0x0841, 0x0841, 0x0841,
  0x0841, 0x0841, 0x0841, 0x0841, 0x0841, 0x0841, 0x0841, 0x0841, 0x0841, 0x0841, 0x0841, 0x0841,
  0x0000, 0x0000, 0x0000, 0x0000, 0x0000, 0x0000, 0x0000, 0x0000, 0x0000, 0x0000, 0x0000, 0x0000,
  0x0000, 0x0000, 0x0000, 0x0000, 0x0000, 0x0000, 0x0000, 0x0000, 0x0000, 0x0000, 0x0000, 0x0000,
  0x0000, 0x0000, 0x0000, 0x0000, 0x0000, 0x0000, 0x0000, 0x0000, 0x0000, 0x0000, 0x0000, 0x0000,
  0x0000, 0x0000, 0x0000, 0x0000, 0x0000, 0x0000, 0x0000, 0x0000, 0x0000, 0x0000, 0x0000, 0x0000,
  0x0000, 0x0000, 0x0000, 0x0000, 0x0000, 0x0000, 0x0000, 0x0000, 0x0000, 0x0000, 0x0000, 0x0000,
  0x0000, 0x0000, 0x0000, 0x0000, 0x0000, 0x0000, 0x0000, 0x0000, 0x0000, 0x0000, 0x0000, 0x0000,
  0x0000, 0x0000, 0x0000, 0x0000, 0x0000, 0x0020, 0x0880, 0x18A1, 0x2921, 0x2961, 0x84AC, 0x956E,
  0x2961, 0x2141, 0x18E1, 0x1080, 0x0020, 0x0000, 0x0000, 0x0000, 0x0040, 0x0880, 0x1081, 0x18E1,
  0x1900, 0x10C0, 0x1900, 0x2142, 0x2141, 0x2141, 0x2121, 0x2101, 0x18E1, 0x18E1, 0x2101, 0x18E1,
  0x18E1, 0x18E1, 0x18E1, 0x2101, 0x2121, 0x2121, 0x2101, 0x2101, 0x2101, 0x2101, 0x2101, 0x2101,
  0x2101, 0x18E1, 0x18E1, 0x18E1, 0x18E1, 0x18E1, 0x20E0, 0x20E1, 0x20E0, 0x20E0, 0x2101, 0x18E0,
  0x18E0, 0x2101, 0x18E0, 0x2101, 0x1901, 0x1901, 0x1901, 0x1901, 0x2101, 0x2101, 0x2101, 0x2122,
  0x2121, 0x2121, 0x2962, 0x1900, 0x10C0, 0x1901, 0x10A1, 0x0860, 0x0860, 0x0020, 0x0000, 0x0000,
  0x0020, 0x0040, 0x18A1, 0x2922, 0x2120, 0x5326, 0xB652, 0x4264, 0x18E0, 0x2943, 0x0860, 0x0840,
  0x0020, 0x0000, 0x0000, 0x0000, 0x0000, 0x0000, 0x0000, 0x0000, 0x0000, 0x0000, 0x0000, 0x0000,
  0x0000, 0x0000, 0x0000, 0x0000, 0x0000, 0x0000, 0x0000, 0x0000, 0x0000, 0x0000, 0x0000, 0x0000,
  0x0000, 0x0000, 0x0000, 0x0000, 0x0000, 0x0000, 0x0000, 0x0000, 0x0000, 0x0000, 0x0000, 0x0000,
  0x0000, 0x0000, 0x0000, 0x0000, 0x0000, 0x0000, 0x0000, 0x0000, 0x0000, 0x0000, 0x0000, 0x0000,
  0x0000, 0x0000, 0x0000, 0x0000, 0x0000, 0x0000, 0x0000, 0x0000, 0x0000, 0x0000, 0x0000, 0x0000,
  0x0000, 0x0000, 0x0000, 0x0000, 0x0000, 0x0000, 0x0000, 0x0000, 0x0000, 0x0000, 0x0000, 0x0000,
  0x1082, 0x1082, 0x1082, 0x1082, 0x1082, 0x1082, 0x1082, 0x1082, 0x1082, 0x1082, 0x1082, 0x1082,
  0x1082, 0x1082, 0x1082, 0x1082, 0x1082, 0x1082, 0x1082, 0x1082, 0x1082, 0x1082, 0x1082, 0x1082,
  0x1082, 0x1082, 0x1082, 0x1082, 0x1082, 0x1082, 0x1082, 0x1082, 0x1082, 0x1082, 0x1082, 0x1082,
  0x1082, 0x1082, 0x1082, 0x1082, 0x1082, 0x1082, 0x1082, 0x1082, 0x1082, 0x1082, 0x1082, 0x1082,
  0x1082, 0x1082, 0x1082, 0x1082, 0x10A2, 0x10A2, 0x10A2, 0x10A2, 0x10A2, 0x1082, 0x1082, 0x1082,
  0x10A2, 0x10A2, 0x10A2, 0x10A2, 0x10A2, 0x10A2, 0x1082, 0x1082, 0x1082, 0x1082, 0x1082, 0x1082,
  0x1082, 0x10A2, 0x10A2, 0x1082, 0x1082, 0x10A2, 0x1902, 0x2943, 0x39C4, 0x39E3, 0x5B26, 0xD735,
  0x6BC9, 0x31A2, 0x3184, 0x2923, 0x18C2, 0x10A2, 0x1082, 0x1082, 0x10A2, 0x10C2, 0x18E2, 0x2123,
  0x2943, 0x31A3, 0x31A4, 0x2963, 0x31A4, 0x3184, 0x3184, 0x3184, 0x3184, 0x3184, 0x2963, 0x3183,
  0x3184, 0x31A4, 0x39A4, 0x39A4, 0x39A4, 0x3183, 0x39A4, 0x39A4, 0x3183, 0x3183, 0x3183, 0x31A3,
  0x31A4, 0x3183, 0x3183, 0x3183, 0x3183, 0x3183, 0x3183, 0x3183, 0x3183, 0x31A4, 0x31A4, 0x39A4,
  0x39A4, 0x39C4, 0x3984, 0x39A4, 0x3184, 0x31A4, 0x3184, 0x3183, 0x3183, 0x3183, 0x3183, 0x3184,
  0x3183, 0x2983, 0x2983, 0x2984, 0x3184, 0x2103, 0x2123, 0x18E2, 0x10C2, 0x10A2, 0x1082, 0x10A2,
  0x10C2, 0x2123, 0x2923, 0x41E4, 0x3A23, 0xAE51, 0x9D8F, 0x39E3, 0x4205, 0x2943, 0x2103, 0x18C3,
  0x10A2, 0x10A2, 0x1082, 0x1082, 0x10A2, 0x10A2, 0x10A2, 0x10A2, 0x10A2, 0x10A2, 0x1082, 0x1082,
  0x1082, 0x10A2, 0x10A2, 0x10A2, 0x10A2, 0x10A2, 0x10A2, 0x10A2, 0x1082, 0x1082, 0x1082, 0x1082,
  0x1082, 0x1082, 0x1082, 0x1082, 0x1082, 0x1082, 0x1082, 0x1082, 0x1082, 0x1082, 0x1082, 0x1082,
  0x1082, 0x1082, 0x1082, 0x1082, 0x1082, 0x1082, 0x1082, 0x1082, 0x1082, 0x1082, 0x1082, 0x1082,
  0x1082, 0x1082, 0x1082, 0x1082, 0x1082, 0x1082, 0x1082, 0x1082, 0x1082, 0x1082, 0x1082, 0x1082,
  0x1082, 0x1082, 0x1082, 0x1082, 0x1082, 0x1082, 0x1082, 0x1082, 0x1082, 0x1082, 0x1082, 0x1082,
  0x0000, 0x0000, 0x0000, 0x0000, 0x0000, 0x0000, 0x0000, 0x0000, 0x0000, 0x0000, 0x0000, 0x0000,
  0x0000, 0x0000, 0x0000, 0x0000, 0x0000, 0x0000, 0x0000, 0x0000, 0x0000, 0x0000, 0x0000, 0x0000,
  0x0000, 0x0000, 0x0000, 0x0000, 0x0000, 0x0000, 0x0000, 0x0000, 0x0000, 0x0000, 0x0000, 0x0000,
  0x0000, 0x0000, 0x0000, 0x0000, 0x0000, 0x0000, 0x0000, 0x0000, 0x0000, 0x0000, 0x0000, 0x0000,
  0x0000, 0x0000, 0x0000, 0x0000, 0x0020, 0x0020, 0x0020, 0x0020, 0x0020, 0x0020, 0x0820, 0x0840,
  0x0860, 0x0860, 0x0860, 0x0860, 0x0860, 0x0040, 0x0020, 0x0000, 0x0000, 0x0000, 0x0000, 0x0000,
  0x0000, 0x0020, 0x0020, 0x0000, 0x0000, 0x0840, 0x0880, 0x18E1, 0x2942, 0x39A2, 0x31A1, 0x94ED,
  0x9D8F, 0x29A2, 0x2101, 0x20E2, 0x0860, 0x0020, 0x0000, 0x0000, 0x0020, 0x0020, 0x0840, 0x0860,
  0x10A1, 0x18C1, 0x18C0, 0x2102, 0x2101, 0x2101, 0x2101, 0x2121, 0x2122, 0x2122, 0x2142, 0x2983,
  0x2121, 0x1900, 0x18E1, 0x1901, 0x18E1, 0x1901, 0x2962, 0x29A3, 0x31C3, 0x3A04, 0x3A25, 0x3A04,
  0x31E4, 0x3204, 0x3204, 0x3204, 0x3204, 0x3A04, 0x3A04, 0x39E4, 0x31E3, 0x29A3, 0x2162, 0x2162,
  0x18E0, 0x18C0, 0x18E1, 0x2102, 0x2122, 0x2942, 0x2122, 0x2122, 0x2121, 0x2101, 0x2101, 0x2101,
  0x2101, 0x18E1, 0x18E1, 0x18E2, 0x10A1, 0x1081, 0x1061, 0x0820, 0x0020, 0x0020, 0x0000, 0x0020,
  0x0860, 0x1080, 0x2922, 0x2120, 0x5306, 0xBEB3, 0x4AA5, 0x3983, 0x2941, 0x2101, 0x10A1, 0x0820,
  0x0020, 0x0020, 0x0000, 0x0000, 0x0020, 0x0020, 0x0020, 0x0020, 0x0020, 0x0020, 0x0000, 0x0820,
  0x0840, 0x0860, 0x1080, 0x1080, 0x0880, 0x0860, 0x0840, 0x0020, 0x0000, 0x0000, 0x0000, 0x0000,
  0x0000, 0x0000, 0x0000, 0x0000, 0x0000, 0x0000, 0x0000, 0x0000, 0x0000, 0x0000, 0x0000, 0x0000,
  0x0000, 0x0000, 0x0000, 0x0000, 0x0000, 0x0000, 0x0000, 0x0000, 0x0000, 0x0000, 0x0000, 0x0000,
  0x0000, 0x0000, 0x0000, 0x0000, 0x0000, 0x0000, 0x0000, 0x0000, 0x0000, 0x0000, 0x0000, 0x0000,
  0x0000, 0x0000, 0x0000, 0x0000, 0x0000, 0x0000, 0x0000, 0x0000, 0x0000, 0x0000, 0x0000, 0x0000,
  0x0841, 0x0841, 0x0841, 0x0841, 0x0841, 0x0841, 0x0841, 0x0841, 0x0841, 0x0841, 0x0841, 0x0841,
  0x0841, 0x0841, 0x0841, 0x0841, 0x0841, 0x0841, 0x0841, 0x0841, 0x0841, 0x0841, 0x0841, 0x0841,
  0x0841, 0x0841, 0x0841, 0x0841, 0x0841, 0x0841, 0x0841, 0x0841, 0x0841, 0x0841, 0x0841, 0x0841,
  0x0841, 0x0841, 0x0841, 0x0841, 0x0841, 0x0841, 0x0841, 0x0841, 0x0841, 0x0841, 0x0841, 0x0841,
  0x0841, 0x0841, 0x0841, 0x0841, 0x0841, 0x0841, 0x0841, 0x0841, 0x0841, 0x0841, 0x1081, 0x18C1,
  0x18E2, 0x2102, 0x2102, 0x18E2, 0x10C1, 0x10A1, 0x0861, 0x0821, 0x0841, 0x0841, 0x0841, 0x0841,
  0x0841, 0x0840, 0x0840, 0x0841, 0x0841, 0x0881, 0x18E1, 0x2121, 0x3183, 0x41E4, 0x41E4, 0x4A85,
  0xBEB2, 0x5B27, 0x2922, 0x2903, 0x10C1, 0x0840, 0x0841, 0x0841, 0x0841, 0x0841, 0x0861, 0x10A1,
  0x10A1, 0x18E1, 0x2122, 0x2142, 0x2942, 0x2963, 0x2963, 0x2962, 0x2962, 0x2962, 0x2942, 0x2961,
  0x2981, 0x52C6, 0x6389, 0x6BEA, 0x7C8B, 0x8D0D, 0xA5AF, 0xB651, 0xB692, 0xB692, 0xBE92, 0xBE92,
  0xBEB2, 0xB6B2, 0xB6B2, 0xB6B2, 0xB6B2, 0xB6B2, 0xBE92, 0xBE92, 0xBE92, 0xB651, 0xA5CF, 0x954E,
  0x84AB, 0x744A, 0x6BC9, 0x4AE6, 0x29A2, 0x2962, 0x2962, 0x2942, 0x2962, 0x2982, 0x2982, 0x2962,
  0x2122, 0x2122, 0x2102, 0x18E1, 0x18C1, 0x10A1, 0x0861, 0x1041, 0x0841, 0x0841, 0x0841, 0x0840,
  0x0880, 0x18E2, 0x2121, 0x29A2, 0xADB1, 0x8CCD, 0x39C2, 0x4A04, 0x3182, 0x2162, 0x18E1, 0x1081,
  0x0841, 0x0841, 0x0841, 0x0841, 0x0841, 0x0841, 0x0841, 0x0841, 0x0841, 0x0841, 0x0841, 0x1061,
  0x10A1, 0x18E1, 0x2101, 0x2101, 0x1902, 0x18C1, 0x1081, 0x0861, 0x0841, 0x0841, 0x0841, 0x0841,
  0x0841, 0x0841, 0x0841, 0x0841, 0x0841, 0x0841, 0x0841, 0x0841, 0x0841, 0x0841, 0x0841, 0x0841,
  0x0841, 0x0841, 0x0841, 0x0841, 0x0841, 0x0841, 0x0841, 0x0841, 0x0841, 0x0841, 0x0841, 0x0841,
  0x0841, 0x0841, 0x0841, 0x0841, 0x0841, 0x0841, 0x0841, 0x0841, 0x0841, 0x0841, 0x0841, 0x0841,
  0x0841, 0x0841, 0x0841, 0x0841, 0x0841, 0x0841, 0x0841, 0x0841, 0x0841, 0x0841, 0x0841, 0x0841,
  0x1082, 0x1082, 0x1082, 0x1082, 0x1082, 0x1082, 0x1082, 0x1082, 0x1082, 0x1082, 0x1082, 0x1082,
  0x1082, 0x1082, 0x1082, 0x1082, 0x1082, 0x1082, 0x1082, 0x1082, 0x1082, 0x1082, 0x1082, 0x1082,
  0x1082, 0x1082, 0x1082, 0x1082, 0x1082, 0x1082, 0x1082, 0x1082, 0x1082, 0x1082, 0x1082, 0x1082,
  0x1082, 0x1082, 0x1082, 0x1082, 0x1082, 0x1082, 0x1082, 0x1082, 0x1082, 0x1082, 0x1082, 0x1082,
  0x1082, 0x1082, 0x1082, 0x1082, 0x0882, 0x0882, 0x0881, 0x0881, 0x10A2, 0x18E2, 0x1902, 0x2943,
  0x3183, 0x2942, 0x2983, 0x3163, 0x2923, 0x2102, 0x18E2, 0x08A2, 0x1082, 0x1081, 0x1081, 0x1062,
  0x0862, 0x1082, 0x1061, 0x1081, 0x18E2, 0x18E2, 0x2963, 0x31A3, 0x4A05, 0x4A25, 0x4244, 0x6C29,
  0xD795, 0x952E, 0x3182, 0x3143, 0x18E2, 0x10A1, 0x10A2, 0x10A2, 0x1081, 0x18C2, 0x18E2, 0x2102,
  0x3164, 0x2122, 0x3164, 0x3164, 0x3984, 0x3183, 0x3182, 0x3A03, 0x4AA5, 0x5B67, 0x954E, 0xB631,
  0xBE52, 0xBE93, 0xBE93, 0xBE72, 0xAE11, 0x9D4E, 0x84AC, 0x6BA9, 0x5B27, 0x5B07, 0x52E6, 0x52E6,
  0x52E6, 0x52E6, 0x52E6, 0x52E6, 0x52E6, 0x52E6, 0x52C6, 0x5B07, 0x5B07, 0x6369, 0x844C, 0x9D4E,
  0xA5CF, 0xBE72, 0xBE92, 0xBEB2, 0xBE93, 0xAE31, 0x9D8F, 0x6BE9, 0x4284, 0x4244, 0x31A3, 0x2962,
  0x31C3, 0x31A3, 0x31A3, 0x3182, 0x2922, 0x20E2, 0x18E3, 0x10C2, 0x10A2, 0x1082, 0x1081, 0x1081,
  0x18C2, 0x2103, 0x2162, 0x4AC6, 0xE797, 0x7C8A, 0x4243, 0x41E4, 0x4A65, 0x31A2, 0x2122, 0x2102,
  0x18C2, 0x1081, 0x1082, 0x0861, 0x1082, 0x0882, 0x0862, 0x0862, 0x1081, 0x10A2, 0x10C1, 0x2102,
  0x2902, 0x3163, 0x2142, 0x2962, 0x2963, 0x3143, 0x2103, 0x18E2, 0x10A1, 0x1082, 0x1082, 0x1082,
  0x1082, 0x0882, 0x1082, 0x1082, 0x1082, 0x1082, 0x1082, 0x1082, 0x1082, 0x1082, 0x1082, 0x1082,
  0x1082, 0x1082, 0x1082, 0x1082, 0x1082, 0x1082, 0x1082, 0x1082, 0x1082, 0x1082, 0x1082, 0x1082,
  0x1082, 0x1082, 0x1082, 0x1082, 0x1082, 0x1082, 0x1082, 0x1082, 0x1082, 0x1082, 0x1082, 0x1082,
  0x1082, 0x1082, 0x1082, 0x1082, 0x1082, 0x1082, 0x1082, 0x1082, 0x1082, 0x1082, 0x1082, 0x1082,
  0x0000, 0x0000, 0x0000, 0x0000, 0x0000, 0x0000, 0x0000, 0x0000, 0x0000, 0x0000, 0x0000, 0x0000,
  0x0000, 0x0000, 0x0000, 0x0000, 0x0000, 0x0000, 0x0000, 0x0000, 0x0000, 0x0000, 0x0000, 0x0000,
  0x0000, 0x0000, 0x0000, 0x0000, 0x0000, 0x0000, 0x0000, 0x0000, 0x0000, 0x0000, 0x0000, 0x0000,
  0x0000, 0x0000, 0x0000, 0x0000, 0x0000, 0x0000, 0x0000, 0x0000, 0x0000, 0x0000, 0x0000, 0x0000,
  0x0000, 0x0000, 0x0000, 0x0000, 0x0000, 0x0000, 0x0000, 0x0020, 0x0860, 0x1080, 0x18C1, 0x2122,
  0x18E0, 0x6368, 0x7C4B, 0x2141, 0x2101, 0x20E2, 0x10A1, 0x0880, 0x0000, 0x0000, 0x0000, 0x0000,
  0x0000, 0x0000, 0x0000, 0x0840, 0x1060, 0x18A0, 0x2121, 0x3182, 0x2961, 0x3A43, 0x950D, 0xC6B3,
  0x8D0D, 0x3A44, 0x18E0, 0x18A1, 0x0860, 0x0860, 0x0000, 0x0840, 0x0880, 0x0860, 0x1080, 0x2102,
  0x18C0, 0x2121, 0x2101, 0x1900, 0x1980, 0x4AC5, 0x742A, 0x956E, 0xAE31, 0xB611, 0x950D, 0x7C2A,
  0x6BC9, 0x4264, 0x2141, 0x2120, 0x1920, 0x2121, 0x1921, 0x1900, 0x18E0, 0x1900, 0x2101, 0x2101,
  0x2101, 0x1900, 0x1900, 0x1900, 0x1900, 0x1900, 0x18E0, 0x1900, 0x18E0, 0x18E0, 0x2100, 0x2121,
  0x1900, 0x2120, 0x2140, 0x3A03, 0x5B47, 0x740A, 0x848C, 0xADD1, 0xBE33, 0x9D6F, 0x848A, 0x5306,
  0x31C2, 0x18E0, 0x2101, 0x2101, 0x2102, 0x20E2, 0x10A0, 0x10C0, 0x0860, 0x0840, 0x0020, 0x0020,
  0x0840, 0x1081, 0x10A0, 0x29A2, 0x6BC9, 0xBE52, 0x952E, 0x42A4, 0x2140, 0x2961, 0x2102, 0x18A1,
  0x1060, 0x0840, 0x0840, 0x0020, 0x0000, 0x0000, 0x0000, 0x0000, 0x0020, 0x0840, 0x1080, 0x18A1,
  0x2942, 0x18C0, 0x4AC6, 0x84AD, 0x2982, 0x2121, 0x20E1, 0x10A1, 0x1081, 0x0820, 0x0000, 0x0000,
  0x0000, 0x0000, 0x0000, 0x0000, 0x0000, 0x0000, 0x0000, 0x0000, 0x0000, 0x0000, 0x0000, 0x0000,
  0x0000, 0x0000, 0x0000, 0x0000, 0x0000, 0x0000, 0x0000, 0x0000, 0x0000, 0x0000, 0x0000, 0x0000,
  0x0000, 0x0000, 0x0000, 0x0000, 0x0000, 0x0000, 0x0000, 0x0000, 0x0000, 0x0000, 0x0000, 0x0000,
  0x0000, 0x0000, 0x0000, 0x0000, 0x0000, 0x0000, 0x0000, 0x0000, 0x0000, 0x0000, 0x0000, 0x0000,
  0x1082, 0x1082, 0x1082, 0x1082, 0x1082, 0x1082, 0x1082, 0x1082, 0x1082, 0x1082, 0x1082, 0x1082,
  0x1082, 0x1082, 0x1082, 0x1082, 0x1082, 0x1082, 0x1082, 0x1082, 0x1082, 0x1082, 0x1082, 0x1082,
  0x1082, 0x1082, 0x1082, 0x1082, 0x1082, 0x1082, 0x1082, 0x1082, 0x1082, 0x1082, 0x1082, 0x1082,
  0x1082, 0x1082, 0x1082, 0x1082, 0x1082, 0x1082, 0x1082, 0x1082, 0x1082, 0x1082, 0x1082, 0x1082,
  0x1082, 0x1082, 0x1082, 0x1082, 0x0881, 0x0881, 0x10A2, 0x18E2, 0x2122, 0x2963, 0x39A3, 0x31A2,
  0x846B, 0xCF14, 0xC6D3, 0x9D8E, 0x3A03, 0x3184, 0x3184, 0x2122, 0x18E2, 0x10A2, 0x1082, 0x1082,
  0x1082, 0x10A2, 0x18E2, 0x2103, 0x3163, 0x39C4, 0x39A3, 0x3A03, 0x746A, 0xC755, 0xC6D4, 0x73A9,
  0x4223, 0x31A3, 0x2963, 0x2143, 0x10E2, 0x18E2, 0x2102, 0x2122, 0x2122, 0x2963, 0x3183, 0x39A4,
  0x31A3, 0x31E2, 0x4AC5, 0x9D8F, 0xBED3, 0xBED3, 0xB672, 0x84CC, 0x5B46, 0x4A85, 0x39E2, 0x2141,
  0x3182, 0x3183, 0x39A4, 0x31A4, 0x31A4, 0x3184, 0x3164, 0x2963, 0x2963, 0x2963, 0x2963, 0x2963,
  0x2963, 0x2963, 0x2963, 0x2963, 0x2963, 0x2963, 0x2983, 0x2942, 0x2963, 0x3183, 0x2983, 0x3163,
  0x3184, 0x39C4, 0x3183, 0x3183, 0x39A3, 0x2921, 0x39C3, 0x4244, 0x5306, 0x848B, 0xAE10, 0xC6B4,
  0xC694, 0xADF2, 0x5B48, 0x31E3, 0x2982, 0x3182, 0x39C4, 0x3162, 0x2122, 0x2102, 0x18E2, 0x18E2,
  0x18E2, 0x2103, 0x2123, 0x2983, 0x2982, 0x52C6, 0xA590, 0xD735, 0x8CCC, 0x31E2, 0x39A3, 0x3984,
  0x2963, 0x2123, 0x18C1, 0x18A2, 0x1081, 0x0882, 0x1081, 0x10A1, 0x18C2, 0x2102, 0x2943, 0x3184,
  0x2982, 0x6BC9, 0xC6D4, 0xBE93, 0xADF1, 0x4244, 0x31A2, 0x3184, 0x2923, 0x2102, 0x18A1, 0x1081,
  0x1081, 0x0882, 0x1082, 0x1082, 0x1082, 0x1082, 0x1082, 0x1082, 0x1082, 0x1082, 0x1082, 0x1082,
  0x1082, 0x1082, 0x1082, 0x1082, 0x1082, 0x1082, 0x1082, 0x1082, 0x1082, 0x1082, 0x1082, 0x1082,
  0x1082, 0x1082, 0x1082, 0x1082, 0x1082, 0x1082, 0x1082, 0x1082, 0x1082, 0x1082, 0x1082, 0x1082,
  0x1082, 0x1082, 0x1082, 0x1082, 0x1082, 0x1082, 0x1082, 0x1082, 0x1082, 0x1082, 0x1082, 0x1082,
  0x0841, 0x0841, 0x0841, 0x0841, 0x0841, 0x0841, 0x0841, 0x0841, 0x0841, 0x0841, 0x0841, 0x0841,
  0x0841, 0x0841, 0x0841, 0x0841, 0x0841, 0x0841, 0x0841, 0x0841, 0x0841, 0x0841, 0x0841, 0x0841,
  0x0841, 0x0841, 0x0841, 0x0841, 0x0841, 0x0841, 0x0841, 0x0841, 0x0841, 0x0841, 0x0841, 0x0841,
  0x0841, 0x0841, 0x0841, 0x0841, 0x0841, 0x0841, 0x0841, 0x0841, 0x0841, 0x0841, 0x0841, 0x0841,
  0x0841, 0x0841, 0x0841, 0x0841, 0x0840, 0x0860, 0x10A1, 0x18C1, 0x2102, 0x2942, 0x2981, 0x73EA,
  0xCEB3, 0x5325, 0x3222, 0xBE72, 0x950E, 0x2162, 0x2962, 0x2942, 0x2102, 0x10A1, 0x1081, 0x1081,
  0x1081, 0x18C2, 0x18E2, 0x2122, 0x2982, 0x29A2, 0x4A64, 0xA56F, 0xCF35, 0x7CAB, 0x3A43, 0x31A2,
  0x3183, 0x2942, 0x18E2, 0x18E2, 0x1902, 0x18E1, 0x18E1, 0x2142, 0x2982, 0x2962, 0x2961, 0x31C3,
  0x6B89, 0x952E, 0xC6B4, 0xA5B0, 0x73CA, 0x4A85, 0x3182, 0x2941, 0x2942, 0x2941, 0x3183, 0x2963,
  0x2923, 0x2923, 0x2142, 0x2121, 0x2101, 0x2101, 0x20E1, 0x18E1, 0x18E2, 0x18E2, 0x18E2, 0x18E2,
  0x18E2, 0x18E1, 0x18E1, 0x18E1, 0x18E1, 0x18C1, 0x18E2, 0x18E2, 0x18E2, 0x18C1, 0x18E2, 0x20E1,
  0x2101, 0x2121, 0x2121, 0x2141, 0x2942, 0x3163, 0x2962, 0x2962, 0x2981, 0x2141, 0x2162, 0x4265,
  0x63A8, 0x950C, 0xCEF3, 0xADEF, 0x7409, 0x3A23, 0x2941, 0x2923, 0x2963, 0x2142, 0x2101, 0x18E1,
  0x18C1, 0x18A1, 0x2123, 0x2102, 0x2942, 0x2962, 0x2981, 0x5B67, 0xBE52, 0xB5F2, 0x4A85, 0x2141,
  0x2942, 0x2942, 0x2102, 0x18C1, 0x10A1, 0x0881, 0x1081, 0x10A0, 0x18C1, 0x2101, 0x2942, 0x2141,
  0x5B47, 0xCED4, 0x6BC8, 0x3202, 0xADD0, 0xA5B0, 0x31E2, 0x3183, 0x2922, 0x2101, 0x10A1, 0x1060,
  0x0860, 0x0840, 0x0841, 0x0841, 0x0841, 0x0841, 0x0841, 0x0841, 0x0841, 0x0841, 0x0841, 0x0841,
  0x0841, 0x0841, 0x0841, 0x0841, 0x0841, 0x0841, 0x0841, 0x0841, 0x0841, 0x0841, 0x0841, 0x0841,
  0x0841, 0x0841, 0x0841, 0x0841, 0x0841, 0x0841, 0x0841, 0x0841, 0x0841, 0x0841, 0x0841, 0x0841,
  0x0841, 0x0841, 0x0841, 0x0841, 0x0841, 0x0841, 0x0841, 0x0841, 0x0841, 0x0841, 0x0841, 0x0841,
  0x0000, 0x0000, 0x0000, 0x0000, 0x0000, 0x0000, 0x0000, 0x0000, 0x0000, 0x0000, 0x0000, 0x0000,
  0x0000, 0x0000, 0x0000, 0x0000, 0x0000, 0x0000, 0x0000, 0x0000, 0x0000, 0x0000, 0x0000, 0x0000,
  0x0000, 0x0000, 0x0000, 0x0000, 0x0000, 0x0000, 0x0000, 0x0000, 0x0000, 0x0000, 0x0000, 0x0000,
  0x0000, 0x0000, 0x0000, 0x0000, 0x0000, 0x0000, 0x0000, 0x0000, 0x0000, 0x0000, 0x0000, 0x0020,
  0x0020, 0x0020, 0x0020, 0x0000, 0x0020, 0x0880, 0x10A1, 0x18E1, 0x2922, 0x1901, 0x6BE9, 0xBE52,
  0x5305, 0x31A2, 0x39C4, 0x31C2, 0xADD1, 0x952D, 0x2140, 0x2102, 0x2122, 0x1901, 0x18C1, 0x10A1,
  0x18C1, 0x20E1, 0x20E1, 0x3182, 0x2180, 0x5326, 0xBE92, 0xAE10, 0x52C6, 0x3182, 0x2942, 0x2982,
  0x2922, 0x18E1, 0x2122, 0x18E1, 0x2901, 0x2122, 0x2922, 0x2121, 0x2120, 0x39E3, 0x7C4A, 0xAE11,
  0xB632, 0x8CED, 0x52E6, 0x2161, 0x2101, 0x2921, 0x2922, 0x2122, 0x2102, 0x2102, 0x18C1, 0x18C0,
  0x18C1, 0x18C0, 0x10A0, 0x10A0, 0x1080, 0x1080, 0x0860, 0x0860, 0x0860, 0x0860, 0x0860, 0x0860,
  0x0860, 0x0840, 0x0840, 0x0840, 0x0840, 0x0840, 0x0840, 0x0860, 0x0860, 0x0860, 0x1081, 0x0881,
  0x1081, 0x0880, 0x10A0, 0x10A1, 0x18C1, 0x10A1, 0x18C1, 0x18E1, 0x2101, 0x2942, 0x2122, 0x2122,
  0x2121, 0x2161, 0x4244, 0x848B, 0xADF0, 0xBE72, 0x84CC, 0x3A84, 0x2141, 0x2942, 0x2942, 0x2122,
  0x20E2, 0x18E1, 0x18C0, 0x20E2, 0x20E1, 0x2141, 0x2941, 0x2921, 0x29A1, 0x7C6B, 0xBE93, 0x63C8,
  0x3163, 0x2101, 0x2942, 0x18C1, 0x10A1, 0x10A1, 0x10A1, 0x10C0, 0x18E1, 0x2942, 0x18E0, 0x5B47,
  0xB672, 0x63A7, 0x31A1, 0x39C3, 0x31C1, 0x9D6F, 0xA5B0, 0x2982, 0x2122, 0x2122, 0x18C1, 0x1080,
  0x0840, 0x0820, 0x0000, 0x0000, 0x0000, 0x0000, 0x0000, 0x0000, 0x0000, 0x0000, 0x0000, 0x0000,
  0x0000, 0x0000, 0x0000, 0x0000, 0x0000, 0x0000, 0x0000, 0x0000, 0x0000, 0x0000, 0x0000, 0x0000,
  0x0000, 0x0000, 0x0000, 0x0000, 0x0000, 0x0000, 0x0000, 0x0000, 0x0000, 0x0000, 0x0000, 0x0000,
  0x0000, 0x0000, 0x0000, 0x0000, 0x0000, 0x0000, 0x0000, 0x0000, 0x0000, 0x0000, 0x0000, 0x0000,
  0x1082, 0x1082, 0x1082, 0x1082, 0x1082, 0x1082, 0x1082, 0x1082, 0x1082, 0x1082, 0x1082, 0x1082,
  0x1082, 0x1082, 0x1082, 0x1082, 0x1082, 0x1082, 0x1082, 0x1082, 0x1082, 0x1082, 0x1082, 0x1082,
  0x1082, 0x1082, 0x1082, 0x1082, 0x1082, 0x1082, 0x1082, 0x1082, 0x1082, 0x1082, 0x1082, 0x1082,
  0x1082, 0x1082, 0x1082, 0x1082, 0x1082, 0x1082, 0x1082, 0x1082, 0x1082, 0x1082, 0x1082, 0x1082,
  0x10A2, 0x1082, 0x10A2, 0x18C2, 0x18E2, 0x2943, 0x2964, 0x31A4, 0x2982, 0x848C, 0xCEF5, 0x6368,
  0x31E2, 0x4225, 0x4A25, 0x4225, 0x4264, 0xC693, 0xA570, 0x31E3, 0x41C4, 0x39A4, 0x31A3, 0x29A3,
  0x3183, 0x39A4, 0x4204, 0x31E2, 0x8D0D, 0xD776, 0x954E, 0x42A5, 0x39E3, 0x41E5, 0x39C4, 0x29A3,
  0x2983, 0x3184, 0x2943, 0x3164, 0x41E5, 0x3184, 0x31A3, 0x52C6, 0x952E, 0xCF14, 0xB632, 0x848C,
  0x4264, 0x31C3, 0x31C3, 0x31A3, 0x39C4, 0x3184, 0x2963, 0x2143, 0x2123, 0x2103, 0x2103, 0x2102,
  0x18E2, 0x18E2, 0x18C2, 0x10C2, 0x10A2, 0x10A2, 0x1082, 0x1081, 0x1082, 0x10A2, 0x10A2, 0x1082,
  0x1082, 0x10A1, 0x10A2, 0x0882, 0x1082, 0x10A2, 0x10A2, 0x1082, 0x0882, 0x1082, 0x1082, 0x10A2,
  0x10A2, 0x10A2, 0x18C2, 0x18C2, 0x18E2, 0x18E2, 0x1902, 0x2123, 0x2123, 0x2943, 0x2963, 0x3183,
  0x31A4, 0x39C4, 0x31A4, 0x31A3, 0x3A24, 0x73EA, 0xADF1, 0xCF15, 0xA5B0, 0x5B47, 0x31C2, 0x31A3,
  0x39A4, 0x39A5, 0x3164, 0x2963, 0x3183, 0x3163, 0x3184, 0x39C5, 0x39E4, 0x31E2, 0x63A8, 0xC6D4,
  0xA5B0, 0x4285, 0x2983, 0x39C4, 0x3183, 0x2983, 0x3183, 0x3184, 0x39C4, 0x3183, 0x6BA9, 0xCF15,
  0x742A, 0x31E2, 0x4A45, 0x4A25, 0x4A45, 0x3A23, 0xADD1, 0xBE74, 0x3A23, 0x31A3, 0x39A4, 0x3163,
  0x2103, 0x10C2, 0x10A2, 0x1082, 0x1082, 0x1082, 0x1082, 0x1082, 0x1082, 0x1082, 0x1082, 0x1082,
  0x1082, 0x1082, 0x1082, 0x1082, 0x1082, 0x1082, 0x1082, 0x1082, 0x1082, 0x1082, 0x1082, 0x1082,
  0x1082, 0x1082, 0x1082, 0x1082, 0x1082, 0x1082, 0x1082, 0x1082, 0x1082, 0x1082, 0x1082, 0x1082,
  0x1082, 0x1082, 0x1082, 0x1082, 0x1082, 0x1082, 0x1082, 0x1082, 0x1082, 0x1082, 0x1082, 0x1082,
  0x0000, 0x0000, 0x0000, 0x0000, 0x0000, 0x0000, 0x0000, 0x0000, 0x0000, 0x0000, 0x0000, 0x0000,
  0x0000, 0x0000, 0x0000, 0x0000, 0x0000, 0x0000, 0x0000, 0x0000, 0x0000, 0x0000, 0x0000, 0x0000,
  0x0000, 0x0000, 0x0000, 0x0000, 0x0000, 0x0000, 0x0000, 0x0000, 0x0000, 0x0000, 0x0000, 0x0000,
  0x0000, 0x0000, 0x0000, 0x0000, 0x0000, 0x0000, 0x0000, 0x0000, 0x0000, 0x0000, 0x0000, 0x0000,
  0x0000, 0x0000, 0x0020, 0x1060, 0x1080, 0x2101, 0x18E1, 0x2141, 0x7C2B, 0xB631, 0x52E6, 0x1900,
  0x2962, 0x2121, 0x2941, 0x2961, 0x2121, 0x31C2, 0xADB1, 0x8D0D, 0x2920, 0x3162, 0x2962, 0x2962,
  0x2962, 0x2962, 0x29A1, 0x9D6F, 0xBEB3, 0x5B47, 0x2141, 0x2962, 0x2141, 0x2121, 0x2101, 0x18E1,
  0x18E0, 0x2101, 0x2922, 0x2121, 0x18E0, 0x3A23, 0x84AC, 0xB631, 0x9D4F, 0x5306, 0x2982, 0x18E0,
  0x2101, 0x2942, 0x18E1, 0x18E1, 0x18C1, 0x10A1, 0x1080, 0x1060, 0x0840, 0x0040, 0x0020, 0x0020,
  0x0000, 0x0000, 0x0000, 0x0000, 0x0000, 0x0000, 0x0000, 0x0000, 0x0020, 0x0000, 0x0000, 0x0000,
  0x0000, 0x0000, 0x0020, 0x0000, 0x0000, 0x0000, 0x0000, 0x0000, 0x0000, 0x0000, 0x0020, 0x0020,
  0x0000, 0x0000, 0x0000, 0x0000, 0x0020, 0x0020, 0x0020, 0x0020, 0x0040, 0x0860, 0x1080, 0x10A0,
  0x18C1, 0x18E1, 0x18E1, 0x2902, 0x2942, 0x1900, 0x2140, 0x4264, 0x84CC, 0xB652, 0x950E, 0x52C6,
  0x2120, 0x2121, 0x2102, 0x2101, 0x2101, 0x18E1, 0x18E1, 0x1901, 0x18E1, 0x2982, 0x18E0, 0x31E3,
  0x8D2D, 0xADD1, 0x4A85, 0x2120, 0x2961, 0x2961, 0x2941, 0x2942, 0x2141, 0x4265, 0xBE52, 0x6BC8,
  0x1920, 0x2962, 0x2141, 0x2121, 0x2942, 0x2141, 0x31C2, 0x8CED, 0xADD0, 0x31E3, 0x2120, 0x2101,
  0x10A0, 0x0860, 0x0840, 0x0000, 0x0000, 0x0000, 0x0000, 0x0000, 0x0000, 0x0000, 0x0000, 0x0000,
  0x0000, 0x0000, 0x0000, 0x0000, 0x0000, 0x0000, 0x0000, 0x0000, 0x0000, 0x0000, 0x0000, 0x0000,
  0x0000, 0x0000, 0x0000, 0x0000, 0x0000, 0x0000, 0x0000, 0x0000, 0x0000, 0x0000, 0x0000, 0x0000,
  0x0000, 0x0000, 0x0000, 0x0000, 0x0000, 0x0000, 0x0000, 0x0000, 0x0000, 0x0000, 0x0000, 0x0000,
  0x0841, 0x0841, 0x0841, 0x0841, 0x0841, 0x0841, 0x0841, 0x0841, 0x0841, 0x0841, 0x0841, 0x0841,
  0x0841, 0x0841, 0x0841, 0x0841, 0x0841, 0x0841, 0x0841, 0x0841, 0x0841, 0x0841, 0x0841, 0x0841,
  0x0841, 0x0841, 0x0841, 0x0841, 0x0841, 0x0841, 0x0841, 0x0841, 0x0841, 0x0841, 0x0841, 0x0841,
  0x0841, 0x0841, 0x0841, 0x0841, 0x0841, 0x0841, 0x0841, 0x0841, 0x0841, 0x0841, 0x0841, 0x0841,
  0x0861, 0x1081, 0x10A1, 0x18E2, 0x2943, 0x3183, 0x29A1, 0x8CEC, 0xBE73, 0x4285, 0x2961, 0x2983,
  0x2943, 0x2123, 0x2122, 0x2122, 0x31C4, 0x2982, 0x3A43, 0xB5F1, 0x958E, 0x29C1, 0x41E4, 0x4A05,
  0x31C2, 0x4AE5, 0xBE72, 0xB631, 0x4284, 0x31C3, 0x39C4, 0x2983, 0x2942, 0x2942, 0x2942, 0x2942,
  0x3183, 0x3183, 0x2961, 0x31E2, 0x84AC, 0xCF14, 0x9D8E, 0x5B27, 0x3183, 0x2923, 0x3163, 0x2982,
  0x2963, 0x2122, 0x18C1, 0x18E2, 0x18A2, 0x1081, 0x1081, 0x1061, 0x0861, 0x0861, 0x0861, 0x0861,
  0x0861, 0x0861, 0x0841, 0x0841, 0x0841, 0x0841, 0x0861, 0x0861, 0x0841, 0x0841, 0x0861, 0x0861,
  0x0861, 0x1041, 0x0840, 0x1081, 0x10C1, 0x18C1, 0x10A1, 0x18C1, 0x18C1, 0x18C1, 0x18C2, 0x1081,
  0x0861, 0x0861, 0x0841, 0x0841, 0x0842, 0x0841, 0x0841, 0x0841, 0x0861, 0x0861, 0x1061, 0x1081,
  0x10A1, 0x18C2, 0x18E2, 0x2122, 0x2122, 0x2962, 0x31A3, 0x2982, 0x2982, 0x4AA5, 0x94EE, 0xCED4,
  0xA58F, 0x4283, 0x2981, 0x2963, 0x2964, 0x2942, 0x2121, 0x2963, 0x1901, 0x2142, 0x31A3, 0x2982,
  0x31A3, 0x8C8C, 0xCED4, 0x6BA8, 0x29C2, 0x39C3, 0x4204, 0x39E3, 0x52E6, 0xC6D4, 0x7C6B, 0x2140,
  0x39E4, 0x2142, 0x2943, 0x2943, 0x2923, 0x2942, 0x2982, 0x29A2, 0x8CAD, 0xBE93, 0x3A43, 0x31A2,
  0x3183, 0x20E2, 0x18C2, 0x1081, 0x0861, 0x0861, 0x0841, 0x0841, 0x0841, 0x0841, 0x0841, 0x0841,
  0x0841, 0x0841, 0x0841, 0x0841, 0x0841, 0x0841, 0x0841, 0x0841, 0x0841, 0x0841, 0x0841, 0x0841,
  0x0841, 0x0841, 0x0841, 0x0841, 0x0841, 0x0841, 0x0841, 0x0841, 0x0841, 0x0841, 0x0841, 0x0841,
  0x0841, 0x0841, 0x0841, 0x0841, 0x0841, 0x0841, 0x0841, 0x0841, 0x0841, 0x0841, 0x0841, 0x0841,
  0x0861, 0x0861, 0x0861, 0x0861, 0x0861, 0x0861, 0x0861, 0x0861, 0x0861, 0x0861, 0x0861, 0x0861,
  0x0861, 0x0861, 0x0861, 0x0861, 0x0861, 0x0861, 0x0861, 0x0861, 0x0861, 0x0861, 0x0861, 0x0861,
  0x0861, 0x0861, 0x0861, 0x0861, 0x0861, 0x0861, 0x0861, 0x0861, 0x0861, 0x0861, 0x0861, 0x0861,
  0x0861, 0x0861, 0x0861, 0x0861, 0x0861, 0x0861, 0x0861, 0x0861, 0x0861, 0x0861, 0x0861, 0x0862,
  0x1082, 0x10A2, 0x18E2, 0x2943, 0x31A4, 0x3182, 0x94EC, 0xC6B3, 0x4AA5, 0x2982, 0x31A3, 0x2943,
  0x18E2, 0x18E2, 0x18C2, 0x18E2, 0x2122, 0x3183, 0x2981, 0x4244, 0xAE72, 0x954E, 0x4224, 0x39A2,
  0x6BA8, 0xD735, 0x954E, 0x3202, 0x39E3, 0x39C4, 0x3163, 0x2943, 0x2943, 0x2943, 0x2963, 0x31A3,
  0x31A3, 0x2982, 0x6BA9, 0xC694, 0xAE31, 0x5B48, 0x31C3, 0x2982, 0x31A3, 0x3163, 0x2963, 0x2122,
  0x18E2, 0x18C2, 0x10A1, 0x1081, 0x1082, 0x1081, 0x0861, 0x0862, 0x0862, 0x0861, 0x0861, 0x0861,
  0x0861, 0x0881, 0x0862, 0x0862, 0x0861, 0x0861, 0x0861, 0x0861, 0x1062, 0x1062, 0x10A2, 0x10A2,
  0x10A2, 0x18C1, 0x1901, 0x2121, 0x2140, 0x2140, 0x2161, 0x2140, 0x1920, 0x1920, 0x1920, 0x1901,
  0x18E1, 0x10E1, 0x10C1, 0x10C1, 0x1081, 0x0841, 0x0861, 0x0861, 0x0861, 0x0861, 0x0861, 0x1061,
  0x1082, 0x10A2, 0x10A2, 0x10A1, 0x18E2, 0x2122, 0x2142, 0x2963, 0x39A4, 0x3162, 0x31C2, 0x52E6,
  0x9D8F, 0xCEF4, 0x846B, 0x31C3, 0x2963, 0x31C3, 0x2982, 0x2943, 0x2963, 0x2943, 0x2142, 0x3183,
  0x3984, 0x2981, 0x73E9, 0xCF15, 0x7C8C, 0x3A03, 0x3A03, 0x5306, 0xCED4, 0x84AB, 0x2981, 0x31A4,
  0x2123, 0x2103, 0x2103, 0x18A1, 0x2103, 0x2102, 0x2963, 0x31A3, 0x31E3, 0x950D, 0xC6B4, 0x3A43,
  0x31A3, 0x3163, 0x2102, 0x18C1, 0x1081, 0x1061, 0x0861, 0x0861, 0x0861, 0x0861, 0x0861, 0x0861,
  0x0861, 0x0861, 0x0861, 0x0861, 0x0861, 0x0861, 0x0861, 0x0861, 0x0861, 0x0861, 0x0861, 0x0861,
  0x0861, 0x0861, 0x0861, 0x0861, 0x0861, 0x0861, 0x0861, 0x0861, 0x0861, 0x0861, 0x0861, 0x0861,
  0x0861, 0x0861, 0x0861, 0x0861, 0x0861, 0x0861, 0x0861, 0x0861, 0x0861, 0x0861, 0x0861, 0x0861,
  0x0000, 0x0000, 0x0000, 0x0000, 0x0000, 0x0000, 0x0000, 0x0000, 0x0000, 0x0000, 0x0000, 0x0000,
  0x0000, 0x0000, 0x0000, 0x0000, 0x0000, 0x0000, 0x0000, 0x0000, 0x0000, 0x0000, 0x0000, 0x0000,
  0x0000, 0x0000, 0x0000, 0x0000, 0x0000, 0x0000, 0x0000, 0x0000, 0x0000, 0x0000, 0x0000, 0x0000,
  0x0000, 0x0000, 0x0000, 0x0000, 0x0000, 0x0000, 0x0000, 0x0000, 0x0000, 0x0000, 0x0000, 0x0000,
  0x0000, 0x0840, 0x10A0, 0x1901, 0x1920, 0x848C, 0xB611, 0x4243, 0x2141, 0x2922, 0x18E0, 0x1080,
  0x0840, 0x0040, 0x0020, 0x0840, 0x0860, 0x1080, 0x2122, 0x2121, 0x31C2, 0xADD1, 0x84CB, 0x6C08,
  0xBE73, 0x6BA9, 0x2141, 0x2941, 0x2101, 0x2101, 0x10E0, 0x18C1, 0x1901, 0x2101, 0x2121, 0x1900,
  0x3202, 0x950E, 0xB611, 0x6388, 0x2160, 0x2141, 0x2101, 0x20E2, 0x18E1, 0x10A0, 0x1080, 0x0840,
  0x0020, 0x0020, 0x0020, 0x0000, 0x0000, 0x0000, 0x0000, 0x0000, 0x0000, 0x0000, 0x0000, 0x0000,
  0x0000, 0x0000, 0x0000, 0x0000, 0x0020, 0x0020, 0x0040, 0x0840, 0x1080, 0x0880, 0x0860, 0x10A0,
  0x1100, 0x1940, 0x2A01, 0x42C4, 0x63C7, 0x7469, 0x7CAA, 0x7C8A, 0x744A, 0x63A7, 0x5306, 0x3A63,
  0x29E1, 0x1940, 0x08C0, 0x0080, 0x0860, 0x0860, 0x0040, 0x0000, 0x0000, 0x0000, 0x0000, 0x0000,
  0x0000, 0x0000, 0x0000, 0x0020, 0x0020, 0x0020, 0x1060, 0x18A2, 0x18C1, 0x18E1, 0x2122, 0x2101,
  0x2141, 0x4AC6, 0xADB0, 0xADD0, 0x4284, 0x1900, 0x2122, 0x2101, 0x18C0, 0x18E0, 0x18E1, 0x18C0,
  0x2101, 0x2942, 0x1900, 0x4AA5, 0xB611, 0x7C8B, 0x4B04, 0xB611, 0x7C0A, 0x1900, 0x2101, 0x20E1,
  0x1081, 0x1061, 0x0020, 0x0860, 0x0020, 0x0860, 0x18C0, 0x2121, 0x2941, 0x2960, 0x846B, 0xB632,
  0x31E3, 0x18E0, 0x18E1, 0x0860, 0x0020, 0x0000, 0x0000, 0x0000, 0x0000, 0x0000, 0x0000, 0x0000,
  0x0000, 0x0000, 0x0000, 0x0000, 0x0000, 0x0000, 0x0000, 0x0000, 0x0000, 0x0000, 0x0000, 0x0000,
  0x0000, 0x0000, 0x0000, 0x0000, 0x0000, 0x0000, 0x0000, 0x0000, 0x0000, 0x0000, 0x0000, 0x0000,
  0x0000, 0x0000, 0x0000, 0x0000, 0x0000, 0x0000, 0x0000, 0x0000, 0x0000, 0x0000, 0x0000, 0x0000,
  0x1082, 0x1082, 0x1082, 0x1082, 0x1082, 0x1082, 0x1082, 0x1082, 0x1082, 0x1082, 0x1082, 0x1082,
  0x1082, 0x1082, 0x1082, 0x1082, 0x1082, 0x1082, 0x1082, 0x1082, 0x1082, 0x1082, 0x1082, 0x1082,
  0x1082, 0x1082, 0x1082, 0x1082, 0x1082, 0x1082, 0x1082, 0x1082, 0x1082, 0x1082, 0x1082, 0x1082,
  0x1082, 0x1082, 0x1082, 0x1082, 0x1082, 0x1082, 0x1082, 0x1082, 0x1082, 0x1082, 0x1082, 0x1082,
  0x10C3, 0x18E2, 0x2963, 0x31A3, 0x8CED, 0xB692, 0x52E6, 0x41E4, 0x41E4, 0x39C4, 0x2963, 0x18E2,
  0x10C2, 0x08A1, 0x10A2, 0x10A2, 0x18E2, 0x2102, 0x2122, 0x31A4, 0x3984, 0x4244, 0xAE52, 0xBEB3,
  0x6BC9, 0x31A2, 0x39E4, 0x3983, 0x3184, 0x2162, 0x29A3, 0x31A3, 0x39C4, 0x31C3, 0x31E3, 0x740A,
  0xCED5, 0xA5B0, 0x4284, 0x31A2, 0x31A4, 0x3183, 0x3183, 0x2923, 0x20E3, 0x18E2, 0x10A2, 0x10A2,
  0x1082, 0x1082, 0x1082, 0x1062, 0x1082, 0x1081, 0x1081, 0x1082, 0x1082, 0x10A2, 0x1082, 0x1082,
  0x10A2, 0x1082, 0x1082, 0x18C2, 0x18E2, 0x1901, 0x2141, 0x2140, 0x29C1, 0x3A63, 0x5325, 0x7C6A,
  0x954D, 0xAE30, 0xB691, 0xB670, 0xB690, 0xCF73, 0x8D2A, 0x84EA, 0x84EB, 0x956D, 0xA5CF, 0xB650,
  0xBE91, 0xA5CF, 0x84CB, 0x5346, 0x29E1, 0x1940, 0x1921, 0x1902, 0x18C2, 0x10A2, 0x1082, 0x1082,
  0x1082, 0x10A2, 0x0861, 0x0881, 0x0881, 0x10A2, 0x18C2, 0x18A2, 0x20E2, 0x2943, 0x2943, 0x3163,
  0x39A4, 0x31C3, 0x3A03, 0x8CEC, 0xCF15, 0x8CCE, 0x3A04, 0x31A2, 0x39E4, 0x2943, 0x31A4, 0x2962,
  0x3183, 0x2963, 0x31C4, 0x31A3, 0x52C5, 0xBE72, 0xD735, 0x8CAC, 0x31C2, 0x39A4, 0x3163, 0x2103,
  0x18C2, 0x10A2, 0x1081, 0x10A2, 0x1081, 0x18E2, 0x2102, 0x31A3, 0x39C3, 0x4A25, 0x4244, 0x950E,
  0xB633, 0x4A85, 0x2962, 0x2122, 0x18C2, 0x10A2, 0x1082, 0x1082, 0x1082, 0x1082, 0x1082, 0x1082,
  0x1082, 0x1082, 0x1082, 0x1082, 0x1082, 0x1082, 0x1082, 0x1082, 0x1082, 0x1082, 0x1082, 0x1082,
  0x1082, 0x1082, 0x1082, 0x1082, 0x1082, 0x1082, 0x1082, 0x1082, 0x1082, 0x1082, 0x1082, 0x1082,
  0x1082, 0x1082, 0x1082, 0x1082, 0x1082, 0x1082, 0x1082, 0x1082, 0x1082, 0x1082, 0x1082, 0x1082,
  0x0020, 0x0020, 0x0020, 0x0020, 0x0020, 0x0020, 0x0020, 0x0020, 0x0020, 0x0020, 0x0020, 0x0020,
  0x0020, 0x0020, 0x0020, 0x0020, 0x0020, 0x0020, 0x0020, 0x0020, 0x0020, 0x0020, 0x0020, 0x0020,
  0x0020, 0x0020, 0x0020, 0x0020, 0x0020, 0x0020, 0x0020, 0x0020, 0x0020, 0x0020, 0x0020, 0x0020,
  0x0020, 0x0020, 0x0020, 0x0020, 0x0020, 0x0020, 0x0020, 0x0020, 0x0020, 0x0020, 0x0020, 0x0020,
  0x0841, 0x1080, 0x1901, 0x2982, 0xAE31, 0x84EC, 0x3161, 0x49E4, 0x3182, 0x2162, 0x18E2, 0x1080,
  0x0020, 0x0020, 0x0021, 0x0821, 0x0841, 0x0860, 0x10A1, 0x10E1, 0x2122, 0x18E0, 0x31A3, 0x4205,
  0x2121, 0x2141, 0x2142, 0x2101, 0x2102, 0x2122, 0x2101, 0x3162, 0x2121, 0x31C3, 0x954F, 0xB671,
  0x6347, 0x2141, 0x2121, 0x2942, 0x20E2, 0x18C2, 0x10A1, 0x1081, 0x0841, 0x0821, 0x0020, 0x0020,
  0x0020, 0x0020, 0x0020, 0x0021, 0x0021, 0x0020, 0x0020, 0x0020, 0x0021, 0x0820, 0x0021, 0x0001,
  0x0841, 0x0880, 0x10A0, 0x10A0, 0x2140, 0x31E1, 0x5304, 0x7449, 0x850B, 0x9DAE, 0xAE30, 0xA60F,
  0x8D2C, 0x7C69, 0x5BA6, 0x4AE2, 0x5B63, 0xA62F, 0x3A60, 0x2180, 0x1920, 0x1920, 0x2160, 0x29E2,
  0x5326, 0x7449, 0x9DAE, 0xAE2F, 0x954D, 0x6C08, 0x4263, 0x1920, 0x10A0, 0x10E1, 0x0860, 0x0020,
  0x0021, 0x0841, 0x0860, 0x0820, 0x0020, 0x0020, 0x0040, 0x0040, 0x0861, 0x1061, 0x10A1, 0x18E1,
  0x2101, 0x2942, 0x2942, 0x2140, 0x4AC5, 0x9DAF, 0xAE31, 0x4A84, 0x2122, 0x2923, 0x2102, 0x2101,
  0x2101, 0x2101, 0x2142, 0x2122, 0x1901, 0x39E3, 0x5AE7, 0x18E0, 0x2942, 0x20E2, 0x10C2, 0x0881,
  0x0840, 0x0020, 0x0000, 0x0020, 0x0020, 0x0880, 0x10C0, 0x2101, 0x3182, 0x39A3, 0x29A2, 0x4AC5,
  0xC6B4, 0x5B26, 0x18E0, 0x18C1, 0x0840, 0x0020, 0x0020, 0x0020, 0x0020, 0x0020, 0x0020, 0x0020,
  0x0020, 0x0020, 0x0020, 0x0020, 0x0020, 0x0020, 0x0020, 0x0020, 0x0020, 0x0020, 0x0020, 0x0020,
  0x0020, 0x0020, 0x0020, 0x0020, 0x0020, 0x0020, 0x0020, 0x0020, 0x0020, 0x0020, 0x0020, 0x0020,
  0x0020, 0x0020, 0x0020, 0x0020, 0x0020, 0x0020, 0x0020, 0x0020, 0x0020, 0x0020, 0x0020, 0x0020,
  0x0020, 0x0020, 0x0020, 0x0020, 0x0020, 0x0020, 0x0020, 0x0020, 0x0020, 0x0020, 0x0020, 0x0020,
  0x0020, 0x0020, 0x0020, 0x0020, 0x0020, 0x0020, 0x0020, 0x0020, 0x0020, 0x0020, 0x0020, 0x0020,
  0x0020, 0x0020, 0x0020, 0x0020, 0x0020, 0x0020, 0x0020, 0x0020, 0x0020, 0x0020, 0x0020, 0x0020,
  0x0020, 0x0020, 0x0020, 0x0020, 0x0020, 0x0020, 0x0020, 0x0020, 0x0020, 0x0020, 0x0020, 0x0841,
  0x0020, 0x0881, 0x18E1, 0x2121, 0x4A85, 0xBE53, 0x848B, 0x29C1, 0x39A3, 0x2922, 0x1901, 0x10A0,
  0x0840, 0x0020, 0x0020, 0x0020, 0x0020, 0x0840, 0x0880, 0x10A1, 0x10A1, 0x2122, 0x18E1, 0x1901,
  0x2101, 0x2121, 0x2101, 0x18E2, 0x2102, 0x2122, 0x2982, 0x2140, 0x5306, 0xBE32, 0x9D0E, 0x3A03,
  0x2161, 0x2961, 0x2142, 0x18C1, 0x10A1, 0x1081, 0x0860, 0x0840, 0x0020, 0x0020, 0x0020, 0x0020,
  0x0020, 0x0020, 0x0020, 0x0020, 0x0020, 0x0020, 0x0020, 0x0021, 0x0021, 0x0020, 0x0841, 0x0880,
  0x10E0, 0x10E0, 0x29E0, 0x5B66, 0x952D, 0xADEF, 0xA5CF, 0x8CEB, 0x7428, 0x5B45, 0x3A62, 0x29C0,
  0x21A0, 0x2160, 0x29E0, 0x3200, 0x63A4, 0xA62F, 0x3A02, 0x2101, 0x10A1, 0x1061, 0x10A1, 0x18E1,
  0x08A0, 0x1900, 0x1940, 0x3A43, 0x6BC8, 0x954D, 0xAE10, 0x8CEC, 0x42A4, 0x1940, 0x1100, 0x10A0,
  0x0861, 0x0021, 0x0021, 0x0841, 0x0821, 0x0841, 0x0821, 0x0021, 0x0820, 0x0820, 0x0840, 0x1081,
  0x10A1, 0x18C1, 0x2101, 0x2983, 0x1900, 0x31A2, 0x846C, 0xBE53, 0x73C9, 0x2981, 0x2942, 0x2923,
  0x2101, 0x18E1, 0x18E1, 0x2122, 0x2101, 0x2101, 0x18C0, 0x2122, 0x2102, 0x1080, 0x1081, 0x0840,
  0x0840, 0x0020, 0x0841, 0x0841, 0x0841, 0x0861, 0x18C1, 0x2942, 0x3182, 0x31A2, 0x4AC4, 0xBE72,
  0x740A, 0x2141, 0x2122, 0x18C1, 0x0861, 0x0841, 0x0020, 0x0020, 0x0020, 0x0020, 0x0020, 0x0020,
  0x0020, 0x0020, 0x0020, 0x0020, 0x0020, 0x0020, 0x0020, 0x0020, 0x0020, 0x0020, 0x0020, 0x0020,
  0x0020, 0x0020, 0x0020, 0x0020, 0x0020, 0x0020, 0x0020, 0x0020, 0x0020, 0x0020, 0x0020, 0x0020,
  0x0020, 0x0020, 0x0020, 0x0020, 0x0020, 0x0020, 0x0020, 0x0020, 0x0020, 0x0020, 0x0020, 0x0020,
  0x1082, 0x1082, 0x1082, 0x1082, 0x1082, 0x1082, 0x1082, 0x1082, 0x1082, 0x1082, 0x1082, 0x1082,
  0x1082, 0x1082, 0x1082, 0x1082, 0x1082, 0x1082, 0x1082, 0x1082, 0x1082, 0x1082, 0x1082, 0x1082,
  0x1082, 0x1082, 0x1082, 0x1082, 0x1082, 0x1082, 0x1082, 0x1082, 0x1082, 0x1082, 0x1082, 0x1082,
  0x1082, 0x1082, 0x1082, 0x1082, 0x1082, 0x1082, 0x1082, 0x1082, 0x1082, 0x1082, 0x1082, 0x1082,
  0x1082, 0x18E2, 0x2122, 0x2983, 0x3183, 0x5B07, 0xC6F4, 0x7CCC, 0x31A3, 0x41A5, 0x2983, 0x2122,
  0x18E2, 0x18A2, 0x1082, 0x1082, 0x1081, 0x1081, 0x10A1, 0x10C2, 0x18A2, 0x2103, 0x2102, 0x2102,
  0x2123, 0x2963, 0x2943, 0x2963, 0x39C4, 0x39E4, 0x2981, 0x7C6B, 0xD735, 0x848B, 0x39E2, 0x3183,
  0x31A3, 0x2142, 0x2943, 0x2103, 0x18A2, 0x10A1, 0x10A2, 0x1082, 0x1082, 0x1082, 0x1082, 0x1082,
  0x1082, 0x1082, 0x1082, 0x1082, 0x1082, 0x1082, 0x1082, 0x1082, 0x10A2, 0x18E2, 0x2142, 0x2161,
  0x3A63, 0x7C6A, 0xAE2F, 0xC712, 0x956D, 0x5BA7, 0x3A83, 0x29A1, 0x2961, 0x2141, 0x2101, 0x2122,
  0x2141, 0x6367, 0xDF58, 0x94EB, 0x5B84, 0xB691, 0x3A23, 0x2121, 0x18A2, 0x1082, 0x10A2, 0x1082,
  0x18A2, 0x2103, 0x2102, 0x2101, 0x2161, 0x29E1, 0x5B46, 0xA5AE, 0xC6D2, 0x9D8D, 0x4AE5, 0x2181,
  0x2162, 0x10C2, 0x10A3, 0x1082, 0x1082, 0x1082, 0x1082, 0x1082, 0x1082, 0x1082, 0x1082, 0x10A2,
  0x18A2, 0x18E3, 0x2123, 0x2943, 0x3984, 0x41C4, 0x3182, 0x63A8, 0xD715, 0x9D6E, 0x39E3, 0x3184,
  0x39C4, 0x31A4, 0x2943, 0x2943, 0x2943, 0x2103, 0x2923, 0x2103, 0x18C2, 0x18E2, 0x10A2, 0x10A2,
  0x1082, 0x1082, 0x10A2, 0x10A2, 0x18C3, 0x18E2, 0x3184, 0x39E4, 0x31A3, 0x52E6, 0xCEF4, 0x950C,
  0x2981, 0x3184, 0x2964, 0x20E2, 0x18A2, 0x1082, 0x1082, 0x1082, 0x1082, 0x1082, 0x1082, 0x1082,
  0x1082, 0x1082, 0x1082, 0x1082, 0x1082, 0x1082, 0x1082, 0x1082, 0x1082, 0x1082, 0x1082, 0x1082,
  0x1082, 0x1082, 0x1082, 0x1082, 0x1082, 0x1082, 0x1082, 0x1082, 0x1082, 0x1082, 0x1082, 0x1082,
  0x1082, 0x1082, 0x1082, 0x1082, 0x1082, 0x1082, 0x1082, 0x1082, 0x1082, 0x1082, 0x1082, 0x1082,
  0x0000, 0x0000, 0x0000, 0x0000, 0x0000, 0x0000, 0x0000, 0x0000, 0x0000, 0x0000, 0x0000, 0x0000,
  0x0000, 0x0000, 0x0000, 0x0000, 0x0000, 0x0000, 0x0000, 0x0000, 0x0000, 0x0000, 0x0000, 0x0000,
  0x0000, 0x0000, 0x0000, 0x0000, 0x0000, 0x0000, 0x0000, 0x0000, 0x0000, 0x0000, 0x0000, 0x0000,
  0x0000, 0x0000, 0x0000, 0x0000, 0x0000, 0x0000, 0x0000, 0x0000, 0x0000, 0x0000, 0x0000, 0x0000,
  0x0000, 0x0020, 0x0860, 0x18C1, 0x2101, 0x18E0, 0x3A64, 0xB632, 0x7C2B, 0x18E0, 0x2922, 0x18E1,
  0x10A0, 0x0860, 0x0020, 0x0020, 0x0000, 0x0000, 0x0000, 0x0000, 0x0020, 0x0020, 0x0860, 0x0880,
  0x0860, 0x10C1, 0x10A0, 0x2942, 0x1900, 0x2160, 0x94CD, 0xB5F2, 0x4A85, 0x18E0, 0x2942, 0x20E1,
  0x10C1, 0x10A1, 0x0840, 0x0000, 0x0000, 0x0000, 0x0000, 0x0000, 0x0000, 0x0000, 0x0000, 0x0000,
  0x0000, 0x0000, 0x0000, 0x0000, 0x0000, 0x0000, 0x0020, 0x0860, 0x08A0, 0x08C0, 0x21A1, 0x7429,
  0xA5AE, 0x954D, 0x63A7, 0x29E1, 0x1100, 0x08A0, 0x0880, 0x1080, 0x0840, 0x0020, 0x0020, 0x0020,
  0x0840, 0x4245, 0xBE54, 0x73E8, 0x42C2, 0x9DEF, 0x29A0, 0x10A0, 0x0020, 0x0000, 0x0020, 0x0000,
  0x0000, 0x0000, 0x0020, 0x0040, 0x0040, 0x10A0, 0x10C0, 0x1100, 0x4AA4, 0x84AB, 0xA5EF, 0x7C6A,
  0x21A0, 0x10E0, 0x0880, 0x0020, 0x0020, 0x0000, 0x0000, 0x0000, 0x0000, 0x0000, 0x0000, 0x0000,
  0x0000, 0x0020, 0x0020, 0x1081, 0x18A1, 0x18A1, 0x2922, 0x1900, 0x31E2, 0x952E, 0xA590, 0x31E2,
  0x1901, 0x1901, 0x2101, 0x18C1, 0x1080, 0x10A1, 0x0020, 0x0840, 0x0020, 0x0020, 0x0020, 0x0000,
  0x0000, 0x0000, 0x0020, 0x0020, 0x1060, 0x10A0, 0x2121, 0x18E0, 0x4265, 0xB631, 0x7C2A, 0x18E0,
  0x2942, 0x18C2, 0x1060, 0x0820, 0x0000, 0x0000, 0x0000, 0x0000, 0x0000, 0x0000, 0x0000, 0x0000,
  0x0000, 0x0000, 0x0000, 0x0000, 0x0000, 0x0000, 0x0000, 0x0000, 0x0000, 0x0000, 0x0000, 0x0000,
  0x0000, 0x0000, 0x0000, 0x0000, 0x0000, 0x0000, 0x0000, 0x0000, 0x0000, 0x0000, 0x0000, 0x0000,
  0x0000, 0x0000, 0x0000, 0x0000, 0x0000, 0x0000, 0x0000, 0x0000, 0x0000, 0x0000, 0x0000, 0x0000,
  0x0861, 0x0861, 0x0861, 0x0861, 0x0861, 0x0861, 0x0861, 0x0861, 0x0861, 0x0861, 0x0861, 0x0861,
  0x0861, 0x0861, 0x0861, 0x0861, 0x0861, 0x0861, 0x0861, 0x0861, 0x0861, 0x0861, 0x0861, 0x0861,
  0x0861, 0x0861, 0x0861, 0x0861, 0x0861, 0x0861, 0x0861, 0x0861, 0x0861, 0x0861, 0x0861, 0x0861,
  0x0861, 0x0861, 0x0861, 0x0861, 0x0861, 0x0861, 0x0861, 0x0861, 0x0861, 0x0861, 0x0861, 0x0862,
  0x0862, 0x1081, 0x18A2, 0x18C2, 0x2122, 0x29A3, 0x3182, 0x52C6, 0xBE93, 0x8CED, 0x3162, 0x3183,
  0x2943, 0x2102, 0x18E2, 0x10A2, 0x1082, 0x0861, 0x0861, 0x0862, 0x0881, 0x1081, 0x1080, 0x18C2,
  0x18E2, 0x2943, 0x31C4, 0x2962, 0x4265, 0xB611, 0xADD0, 0x4264, 0x2963, 0x3164, 0x2103, 0x2122,
  0x18C2, 0x10A1, 0x1081, 0x1082, 0x0861, 0x0861, 0x0861, 0x0861, 0x0861, 0x0861, 0x0861, 0x0861,
  0x0861, 0x0861, 0x0861, 0x1082, 0x0861, 0x0861, 0x18E2, 0x1941, 0x29C1, 0x63E8, 0xB671, 0xB630,
  0x63C7, 0x3221, 0x2141, 0x1901, 0x18E1, 0x18A2, 0x1062, 0x0862, 0x0882, 0x0882, 0x0881, 0x0061,
  0x10C2, 0x2101, 0x29C3, 0x31E0, 0x5B64, 0xAE50, 0x3222, 0x1901, 0x1082, 0x0862, 0x0882, 0x0881,
  0x0861, 0x0881, 0x0861, 0x0861, 0x1082, 0x1081, 0x18C1, 0x1901, 0x1921, 0x2180, 0x5B65, 0xB630,
  0xB651, 0x5B66, 0x21A1, 0x1901, 0x10C1, 0x10A1, 0x0861, 0x0861, 0x1081, 0x1081, 0x0881, 0x0861,
  0x0861, 0x1081, 0x1081, 0x10A1, 0x10C1, 0x1902, 0x2143, 0x3183, 0x31A3, 0x29C2, 0x8D0D, 0xBE92,
  0x6328, 0x2141, 0x31A3, 0x2942, 0x2102, 0x18C2, 0x18C2, 0x1081, 0x1061, 0x1062, 0x0861, 0x0861,
  0x0861, 0x1081, 0x10A2, 0x18E2, 0x2963, 0x2962, 0x2982, 0x4AA5, 0xC694, 0x7CAB, 0x2961, 0x3984,
  0x2943, 0x2102, 0x18A2, 0x1082, 0x1061, 0x0861, 0x0881, 0x0861, 0x0861, 0x0861, 0x0861, 0x0861,
  0x0861, 0x0861, 0x0861, 0x0861, 0x0861, 0x0861, 0x0861, 0x0861, 0x0861, 0x0861, 0x0861, 0x0861,
  0x0861, 0x0861, 0x0861, 0x0861, 0x0861, 0x0861, 0x0861, 0x0861, 0x0861, 0x0861, 0x0861, 0x0861,
  0x0861, 0x0861, 0x0861, 0x0861, 0x0861, 0x0861, 0x0861, 0x0861, 0x0861, 0x0861, 0x0861, 0x0861,
  0x0841, 0x0841, 0x0841, 0x0841, 0x0841, 0x0841, 0x0841, 0x0841, 0x0841, 0x0841, 0x0841, 0x0841,
  0x0841, 0x0841, 0x0841, 0x0841, 0x0841, 0x0841, 0x0841, 0x0841, 0x0841, 0x0841, 0x0841, 0x0841,
  0x0841, 0x0841, 0x0841, 0x0841, 0x0841, 0x0841, 0x0841, 0x0841, 0x0841, 0x0841, 0x0841, 0x0841,
  0x0841, 0x0841, 0x0841, 0x0841, 0x0841, 0x0841, 0x0841, 0x0841, 0x0841, 0x0841, 0x0841, 0x0861,
  0x0861, 0x0841, 0x0861, 0x1082, 0x18E2, 0x2122, 0x2983, 0x2161, 0x4AA6, 0xBE73, 0x7CAB, 0x2121,
  0x3164, 0x2923, 0x18E1, 0x10A1, 0x1081, 0x0841, 0x0841, 0x0041, 0x0861, 0x1081, 0x1080, 0x20E2,
  0x2101, 0x3143, 0x2942, 0x4284, 0xB652, 0x9D6F, 0x31E3, 0x2982, 0x2962, 0x2122, 0x18E2, 0x10A1,
  0x0861, 0x0861, 0x0861, 0x0861, 0x0841, 0x0841, 0x0841, 0x0841, 0x0841, 0x0841, 0x0861, 0x0861,
  0x0841, 0x0841, 0x0861, 0x0861, 0x0881, 0x18E1, 0x1941, 0x42A3, 0x9D8D, 0xAE4F, 0x7449, 0x3202,
  0x1900, 0x10E1, 0x1082, 0x1082, 0x0861, 0x0861, 0x0841, 0x0841, 0x0861, 0x0861, 0x0841, 0x0861,
  0x1081, 0x18C1, 0x1940, 0x2980, 0x5304, 0xA62F, 0x3201, 0x18E1, 0x0861, 0x0861, 0x0841, 0x0841,
  0x0841, 0x0841, 0x0841, 0x0841, 0x0861, 0x0861, 0x0861, 0x0861, 0x10A2, 0x18C2, 0x1900, 0x29E2,
  0x84CB, 0xB671, 0x84CA, 0x3201, 0x1920, 0x18C2, 0x0862, 0x0841, 0x0861, 0x0841, 0x0861, 0x0861,
  0x0841, 0x0841, 0x0861, 0x0861, 0x0881, 0x10A1, 0x10C1, 0x2102, 0x2943, 0x31A3, 0x2941, 0x844C,
  0xBEF4, 0x6368, 0x2921, 0x3184, 0x1922, 0x18E2, 0x18A2, 0x1061, 0x0861, 0x0861, 0x0020, 0x0861,
  0x0861, 0x1081, 0x18C1, 0x2102, 0x2123, 0x39A3, 0x41E3, 0xBE52, 0x84EC, 0x2942, 0x3163, 0x2922,
  0x18E2, 0x18C1, 0x0861, 0x0861, 0x0861, 0x0861, 0x0861, 0x0841, 0x0841, 0x0841, 0x0841, 0x0841,
  0x0841, 0x0841, 0x0841, 0x0841, 0x0841, 0x0841, 0x0841, 0x0841, 0x0841, 0x0841, 0x0841, 0x0841,
  0x0841, 0x0841, 0x0841, 0x0841, 0x0841, 0x0841, 0x0841, 0x0841, 0x0841, 0x0841, 0x0841, 0x0841,
  0x0841, 0x0841, 0x0841, 0x0841, 0x0841, 0x0841, 0x0841, 0x0841, 0x0841, 0x0841, 0x0841, 0x0841,
  0x0000, 0x0000, 0x0000, 0x0000, 0x0000, 0x0000, 0x0000, 0x0000, 0x0000, 0x0000, 0x0000, 0x0000,
  0x0000, 0x0000, 0x0000, 0x0000, 0x0000, 0x0000, 0x0000, 0x0000, 0x0000, 0x0000, 0x0000, 0x0000,
  0x0000, 0x0000, 0x0000, 0x0000, 0x0000, 0x0000, 0x0000, 0x0000, 0x0000, 0x0000, 0x0000, 0x0000,
  0x0000, 0x0000, 0x0000, 0x0000, 0x0000, 0x0000, 0x0000, 0x0000, 0x0000, 0x0000, 0x0000, 0x0000,
  0x0000, 0x0000, 0x0000, 0x0020, 0x0820, 0x0860, 0x18C1, 0x2121, 0x1900, 0x4285, 0xB612, 0x844B,
  0x1900, 0x2942, 0x18C1, 0x1080, 0x0860, 0x0020, 0x0000, 0x0000, 0x0000, 0x0840, 0x1081, 0x10A0,
  0x2942, 0x2121, 0x4AA5, 0xB632, 0x848C, 0x2140, 0x2121, 0x2121, 0x18C0, 0x1080, 0x0840, 0x0020,
  0x0020, 0x0000, 0x0000, 0x0000, 0x0000, 0x0000, 0x0000, 0x0000, 0x0000, 0x0000, 0x0000, 0x0000,
  0x0000, 0x0000, 0x0040, 0x08A0, 0x08C0, 0x1940, 0x6BE8, 0xB631, 0x7C8B, 0x3202, 0x00A0, 0x10C0,
  0x0860, 0x0020, 0x0020, 0x0020, 0x0000, 0x0000, 0x0000, 0x0000, 0x0000, 0x0000, 0x0000, 0x0020,
  0x0860, 0x18E0, 0x3223, 0x29C0, 0x4AA3, 0x95AE, 0x29C0, 0x10A0, 0x0000, 0x0000, 0x0000, 0x0000,
  0x0000, 0x0000, 0x0000, 0x0000, 0x0020, 0x0020, 0x0000, 0x0000, 0x0000, 0x0000, 0x0860, 0x10E0,
  0x1100, 0x3A83, 0xA5AF, 0x9DAE, 0x3222, 0x10C0, 0x10A1, 0x0020, 0x0000, 0x0000, 0x0000, 0x0000,
  0x0000, 0x0000, 0x0000, 0x0000, 0x0000, 0x0020, 0x0020, 0x10A1, 0x1080, 0x2101, 0x2121, 0x2100,
  0x6368, 0xBE73, 0x5B67, 0x1920, 0x2122, 0x18C1, 0x1080, 0x1081, 0x0020, 0x0000, 0x0840, 0x0000,
  0x0840, 0x1061, 0x10A0, 0x2102, 0x20E1, 0x31E2, 0xADD0, 0x8CAD, 0x2140, 0x2942, 0x20E1, 0x10A0,
  0x1060, 0x0820, 0x0000, 0x0000, 0x0000, 0x0000, 0x0000, 0x0000, 0x0000, 0x0000, 0x0000, 0x0000,
  0x0000, 0x0000, 0x0000, 0x0000, 0x0000, 0x0000, 0x0000, 0x0000, 0x0000, 0x0000, 0x0000, 0x0000,
  0x0000, 0x0000, 0x0000, 0x0000, 0x0000, 0x0000, 0x0000, 0x0000, 0x0000, 0x0000, 0x0000, 0x0000,
  0x0000, 0x0000, 0x0000, 0x0000, 0x0000, 0x0000, 0x0000, 0x0000, 0x0000, 0x0000, 0x0000, 0x0000,
  0x1082, 0x1082, 0x1082, 0x1082, 0x1082, 0x1082, 0x1082, 0x1082, 0x1082, 0x1082, 0x1082, 0x1082,
  0x1082, 0x1082, 0x1082, 0x1082, 0x1082, 0x1082, 0x1082, 0x1082, 0x1082, 0x1082, 0x1082, 0x1082,
  0x1082, 0x1082, 0x1082, 0x1082, 0x1082, 0x1082, 0x1082, 0x1082, 0x1082, 0x1082, 0x1082, 0x1082,
  0x1082, 0x1082, 0x1082, 0x1082, 0x1082, 0x1082, 0x1082, 0x1082, 0x1082, 0x1082, 0x1082, 0x10A2,
  0x1082, 0x1082, 0x1082, 0x1082, 0x10A2, 0x18E3, 0x20E3, 0x3184, 0x39C4, 0x31A3, 0x5B26, 0xCEF4,
  0x950C, 0x29A2, 0x3184, 0x2943, 0x2102, 0x18A2, 0x10A2, 0x10A2, 0x20E3, 0x2103, 0x2963, 0x39E4,
  0x2942, 0x6368, 0xCED4, 0x8CCD, 0x29A2, 0x39C4, 0x3184, 0x2943, 0x2102, 0x18C2, 0x10A2, 0x1081,
  0x1082, 0x1082, 0x10A2, 0x10A2, 0x10A2, 0x1082, 0x1082, 0x1082, 0x1082, 0x1082, 0x10A2, 0x10A2,
  0x1081, 0x18E2, 0x2162, 0x2161, 0x5305, 0xA5EF, 0xB670, 0x6C08, 0x29A2, 0x1922, 0x2143, 0x10A1,
  0x10A2, 0x1082, 0x1082, 0x1082, 0x1082, 0x1082, 0x1082, 0x1082, 0x1082, 0x1082, 0x10A2, 0x10A2,
  0x10C1, 0x6368, 0xF7FB, 0x9D2D, 0x5B45, 0xB692, 0x3A62, 0x2122, 0x10A2, 0x10A1, 0x1082, 0x1082,
  0x1082, 0x1082, 0x1082, 0x1082, 0x1082, 0x1082, 0x1082, 0x1082, 0x1082, 0x10A2, 0x1082, 0x10C2,
  0x1921, 0x2181, 0x4284, 0x9DCE, 0xB691, 0x5B46, 0x29A2, 0x1901, 0x10A2, 0x1082, 0x1082, 0x1082,
  0x10A2, 0x1082, 0x1082, 0x1082, 0x1081, 0x10A1, 0x1081, 0x18E2, 0x2102, 0x2122, 0x3183, 0x39C4,
  0x3162, 0x63A8, 0xC735, 0x7C6B, 0x3162, 0x41E5, 0x3183, 0x2102, 0x2123, 0x10A2, 0x1081, 0x10A2,
  0x18E3, 0x18E2, 0x31A4, 0x39A3, 0x5285, 0xBE92, 0x958E, 0x31E3, 0x41A5, 0x31A3, 0x2942, 0x20E2,
  0x18C2, 0x10A2, 0x10A2, 0x10A2, 0x10A2, 0x10A2, 0x10A2, 0x1082, 0x1082, 0x1082, 0x1082, 0x1082,
  0x1082, 0x1082, 0x1082, 0x1082, 0x1082, 0x1082, 0x1082, 0x1082, 0x1082, 0x1082, 0x1082, 0x1082,
  0x1082, 0x1082, 0x1082, 0x1082, 0x1082, 0x1082, 0x1082, 0x1082, 0x1082, 0x1082, 0x1082, 0x1082,
  0x1082, 0x1082, 0x1082, 0x1082, 0x1082, 0x1082, 0x1082, 0x1082, 0x1082, 0x1082, 0x1082, 0x1082,
  0x0000, 0x0000, 0x0000, 0x0000, 0x0000, 0x0000, 0x0000, 0x0000, 0x0000, 0x0000, 0x0000, 0x0000,
  0x0000, 0x0000, 0x0000, 0x0000, 0x0000, 0x0000, 0x0000, 0x0000, 0x0000, 0x0000, 0x0000, 0x0000,
  0x0000, 0x0000, 0x0000, 0x0000, 0x0000, 0x0000, 0x0000, 0x0000, 0x0000, 0x0000, 0x0000, 0x0000,
  0x0000, 0x0000, 0x0000, 0x0000, 0x0000, 0x0000, 0x0000, 0x0000, 0x0000, 0x0000, 0x0000, 0x0000,
  0x0000, 0x0000, 0x0000, 0x0000, 0x0000, 0x0841, 0x0840, 0x10A1, 0x20E1, 0x3162, 0x2961, 0x4AC4,
  0xB631, 0x7C4B, 0x2120, 0x18C1, 0x10A0, 0x0840, 0x0840, 0x0840, 0x1081, 0x18C1, 0x2122, 0x1900,
  0x4285, 0xBE53, 0x6BE9, 0x2120, 0x2942, 0x2102, 0x18A1, 0x1061, 0x0840, 0x0020, 0x0020, 0x0000,
  0x0000, 0x0000, 0x0000, 0x0000, 0x0000, 0x0000, 0x0000, 0x0000, 0x0000, 0x0000, 0x0000, 0x0000,
  0x10A0, 0x08C0, 0x1120, 0x63A7, 0xB631, 0x8D2C, 0x29E1, 0x1100, 0x10A1, 0x0840, 0x0020, 0x0000,
  0x0020, 0x0000, 0x0000, 0x0000, 0x0000, 0x0000, 0x0000, 0x0000, 0x0000, 0x0000, 0x0000, 0x0020,
  0x0020, 0x31E4, 0x9D50, 0x6B87, 0x4282, 0x9DCE, 0x29C0, 0x10A0, 0x0020, 0x0020, 0x0000, 0x0000,
  0x0000, 0x0000, 0x0000, 0x0000, 0x0000, 0x0000, 0x0000, 0x0020, 0x0020, 0x0000, 0x0000, 0x0020,
  0x0020, 0x0880, 0x10E0, 0x1940, 0x7449, 0xBE91, 0x5346, 0x1100, 0x10C0, 0x0860, 0x0000, 0x0000,
  0x0020, 0x0020, 0x0000, 0x0020, 0x0020, 0x0000, 0x0020, 0x0020, 0x0020, 0x10A1, 0x10A0, 0x18E1,
  0x2102, 0x1920, 0x4AE5, 0xBE73, 0x6388, 0x18E0, 0x2941, 0x18E1, 0x1080, 0x1081, 0x0020, 0x0860,
  0x0860, 0x18E1, 0x18E1, 0x31E2, 0xB5F1, 0x8D0D, 0x2180, 0x2962, 0x2922, 0x18E1, 0x1080, 0x0840,
  0x0020, 0x0000, 0x0020, 0x0020, 0x0020, 0x0020, 0x0020, 0x0000, 0x0000, 0x0000, 0x0000, 0x0000,
  0x0000, 0x0000, 0x0000, 0x0000, 0x0000, 0x0000, 0x0000, 0x0000, 0x0000, 0x0000, 0x0000, 0x0000,
  0x0000, 0x0000, 0x0000, 0x0000, 0x0000, 0x0000, 0x0000, 0x0000, 0x0000, 0x0000, 0x0000, 0x0000,
  0x0000, 0x0000, 0x0000, 0x0000, 0x0000, 0x0000, 0x0000, 0x0000, 0x0000, 0x0000, 0x0000, 0x0000,
  0x0841, 0x0841, 0x0841, 0x0841, 0x0841, 0x0841, 0x0841, 0x0841, 0x0841, 0x0841, 0x0841, 0x0841,
  0x0841, 0x0841, 0x0841, 0x0841, 0x0841, 0x0841, 0x0841, 0x0841, 0x0841, 0x0841, 0x0841, 0x0841,
  0x0841, 0x0841, 0x0841, 0x0841, 0x0841, 0x0841, 0x0841, 0x0841, 0x0841, 0x0841, 0x0841, 0x0841,
  0x0841, 0x0841, 0x0841, 0x0841, 0x0841, 0x0841, 0x0841, 0x0841, 0x0841, 0x0841, 0x0841, 0x0841,
  0x0841, 0x0841, 0x0841, 0x0841, 0x0041, 0x0841, 0x0861, 0x18C1, 0x20E1, 0x3163, 0x39C3, 0x31C3,
  0x42C5, 0xCED5, 0x5B26, 0x20E1, 0x2102, 0x18A1, 0x10A1, 0x10C1, 0x2102, 0x2922, 0x2961, 0x4AC5,
  0xBE93, 0x7C2B, 0x2942, 0x3142, 0x2923, 0x10A1, 0x10C1, 0x1061, 0x0841, 0x0020, 0x0041, 0x0061,
  0x0020, 0x0841, 0x0841, 0x0841, 0x0841, 0x0841, 0x0841, 0x0841, 0x0841, 0x0841, 0x0840, 0x10C2,
  0x10E1, 0x31E2, 0x84EB, 0xB690, 0x6BE7, 0x1960, 0x1901, 0x1081, 0x0861, 0x0841, 0x0020, 0x0861,
  0x0841, 0x0840, 0x0841, 0x0841, 0x0841, 0x0841, 0x0841, 0x0841, 0x0841, 0x0841, 0x0841, 0x0841,
  0x1081, 0x18C1, 0x1940, 0x2980, 0x5304, 0xA60F, 0x3201, 0x18E1, 0x0841, 0x0840, 0x0841, 0x0841,
  0x0841, 0x0841, 0x0841, 0x0841, 0x0841, 0x0841, 0x0841, 0x0841, 0x0841, 0x0841, 0x0861, 0x0841,
  0x0841, 0x0040, 0x0861, 0x18E1, 0x2160, 0x6C07, 0xBE91, 0x63C7, 0x1940, 0x1100, 0x1081, 0x0841,
  0x0841, 0x0841, 0x0821, 0x0841, 0x0841, 0x0840, 0x0841, 0x0021, 0x0841, 0x0860, 0x10A1, 0x18E1,
  0x1902, 0x3163, 0x2942, 0x5B27, 0xBED3, 0x73AA, 0x2120, 0x3183, 0x2102, 0x18E2, 0x0861, 0x10A1,
  0x10A1, 0x2122, 0x2982, 0xADD1, 0x8D2C, 0x39C3, 0x41C5, 0x2963, 0x2162, 0x18E1, 0x1081, 0x0840,
  0x0841, 0x0841, 0x0841, 0x0841, 0x0841, 0x0841, 0x0841, 0x0841, 0x0841, 0x0841, 0x0841, 0x0841,
  0x0841, 0x0841, 0x0841, 0x0841, 0x0841, 0x0841, 0x0841, 0x0841, 0x0841, 0x0841, 0x0841, 0x0841,
  0x0841, 0x0841, 0x0841, 0x0841, 0x0841, 0x0841, 0x0841, 0x0841, 0x0841, 0x0841, 0x0841, 0x0841,
  0x0841, 0x0841, 0x0841, 0x0841, 0x0841, 0x0841, 0x0841, 0x0841, 0x0841, 0x0841, 0x0841, 0x0841,
  0x1082, 0x1082, 0x1082, 0x1082, 0x1082, 0x1082, 0x1082, 0x1082, 0x1082, 0x1082, 0x1082, 0x1082,
  0x1082, 0x1082, 0x1082, 0x1082, 0x1082, 0x1082, 0x1082, 0x1082, 0x1082, 0x1082, 0x1082, 0x1082,
  0x1082, 0x1082, 0x1082, 0x1082, 0x1082, 0x1082, 0x1082, 0x1082, 0x1082, 0x1082, 0x1082, 0x1082,
  0x1081, 0x1081, 0x1081, 0x1082, 0x1082, 0x1082, 0x1081, 0x1081, 0x1081, 0x1082, 0x0861, 0x1082,
  0x1082, 0x1082, 0x1082, 0x1082, 0x1082, 0x1062, 0x1081, 0x20E2, 0x2942, 0x3184, 0x41E4, 0x3202,
  0x6C08, 0xC694, 0x4A86, 0x2962, 0x2963, 0x20E2, 0x2102, 0x2143, 0x3184, 0x2962, 0x4AE5, 0xC6D4,
  0x8CAD, 0x31A3, 0x31A4, 0x2963, 0x2102, 0x18C2, 0x10A2, 0x1082, 0x0861, 0x0861, 0x0882, 0x0882,
  0x0861, 0x1082, 0x1082, 0x1082, 0x1082, 0x0881, 0x1082, 0x1082, 0x0862, 0x1082, 0x18E1, 0x2161,
  0x4AC4, 0xAE30, 0xB651, 0x4AE4, 0x21A1, 0x1901, 0x1082, 0x1082, 0x1082, 0x1082, 0x0861, 0x0881,
  0x1082, 0x0861, 0x0882, 0x1082, 0x1082, 0x1082, 0x1082, 0x0862, 0x1082, 0x1082, 0x0881, 0x1082,
  0x10A2, 0x1901, 0x2181, 0x31C0, 0x4AE3, 0xAE50, 0x3A43, 0x1921, 0x1082, 0x1082, 0x1082, 0x0881,
  0x1082, 0x1082, 0x1082, 0x1082, 0x1082, 0x1082, 0x1082, 0x1082, 0x0862, 0x1082, 0x0861, 0x0861,
  0x1082, 0x1082, 0x1082, 0x10A2, 0x1922, 0x2181, 0x5B86, 0xB670, 0x8D0B, 0x3222, 0x1901, 0x18C2,
  0x10A2, 0x1082, 0x0861, 0x1082, 0x0841, 0x0861, 0x1082, 0x0862, 0x1082, 0x1082, 0x1082, 0x10A2,
  0x2102, 0x2943, 0x39A4, 0x2982, 0x6B89, 0xC6F4, 0x6BC9, 0x3162, 0x3964, 0x2964, 0x18E2, 0x18E2,
  0x2122, 0x2122, 0x3A04, 0xA5B1, 0x958E, 0x31E2, 0x4A45, 0x39A4, 0x2963, 0x2102, 0x18A1, 0x1081,
  0x1062, 0x1082, 0x0862, 0x0861, 0x1082, 0x1082, 0x1082, 0x1082, 0x1082, 0x1081, 0x0881, 0x1082,
  0x1082, 0x1082, 0x1062, 0x0861, 0x0881, 0x1081, 0x1082, 0x1082, 0x1082, 0x1082, 0x1082, 0x1082,
  0x1082, 0x1082, 0x1082, 0x1082, 0x1082, 0x1082, 0x1082, 0x1082, 0x1082, 0x1082, 0x1082, 0x1082,
  0x1082, 0x1082, 0x1082, 0x1082, 0x1082, 0x1082, 0x1082, 0x1082, 0x1082, 0x1082, 0x1082, 0x1082,
  0x0000, 0x0000, 0x0000, 0x0000, 0x0000, 0x0000, 0x0000, 0x0000, 0x0000, 0x0000, 0x0000, 0x0000,
  0x0000, 0x0000, 0x0000, 0x0000, 0x0000, 0x0000, 0x0000, 0x0000, 0x0000, 0x0000, 0x0000, 0x0000,
  0x0000, 0x0000, 0x0000, 0x0000, 0x0000, 0x0000, 0x0000, 0x0000, 0x0000, 0x0000, 0x0000, 0x0000,
  0x0000, 0x0000, 0x0000, 0x0000, 0x0000, 0x0000, 0x0000, 0x0000, 0x0000, 0x0000, 0x0000, 0x0000,
  0x0000, 0x0000, 0x0000, 0x0000, 0x0000, 0x0000, 0x0840, 0x1080, 0x18C0, 0x2101, 0x2941, 0x3A63,
  0xB631, 0x5306, 0x18C0, 0x1901, 0x18C0, 0x1080, 0x18A0, 0x2101, 0x1900, 0x31E3, 0xA5B0, 0x7C6B,
  0x1900, 0x2921, 0x18E1, 0x1080, 0x0840, 0x0020, 0x0000, 0x0000, 0x0000, 0x0000, 0x0000, 0x0000,
  0x0000, 0x0000, 0x0000, 0x0000, 0x0000, 0x0000, 0x0000, 0x0000, 0x0020, 0x0860, 0x10E0, 0x42A4,
  0xA5EF, 0x8CEB, 0x2160, 0x10C0, 0x08A0, 0x0040, 0x0000, 0x0000, 0x0000, 0x0000, 0x0000, 0x0000,
  0x0000, 0x0000, 0x0000, 0x0000, 0x0000, 0x0000, 0x0000, 0x0000, 0x0000, 0x0000, 0x0000, 0x0000,
  0x0020, 0x2142, 0x5B48, 0x4AA3, 0x4281, 0x95CD, 0x29C1, 0x08A0, 0x0000, 0x0000, 0x0000, 0x0000,
  0x0000, 0x0000, 0x0000, 0x0000, 0x0000, 0x0000, 0x0000, 0x0000, 0x0000, 0x0000, 0x0000, 0x0000,
  0x0000, 0x0000, 0x0000, 0x0000, 0x0020, 0x0880, 0x08C0, 0x29E1, 0x84AB, 0x952D, 0x4284, 0x10E0,
  0x0860, 0x0020, 0x0000, 0x0000, 0x0000, 0x0000, 0x0000, 0x0000, 0x0000, 0x0000, 0x0000, 0x0020,
  0x0840, 0x10A0, 0x18E1, 0x20E1, 0x2100, 0x5B47, 0xB632, 0x4AA5, 0x2121, 0x20E2, 0x18C1, 0x10A0,
  0x18E1, 0x18E1, 0x18E0, 0x3223, 0xB651, 0x6BC9, 0x2140, 0x3182, 0x18C1, 0x1080, 0x0840, 0x0000,
  0x0000, 0x0000, 0x0000, 0x0000, 0x0000, 0x0000, 0x0000, 0x0000, 0x0000, 0x0000, 0x0000, 0x0000,
  0x0000, 0x0000, 0x0000, 0x0000, 0x0000, 0x0000, 0x0000, 0x0000, 0x0000, 0x0000, 0x0000, 0x0000,
  0x0000, 0x0000, 0x0000, 0x0000, 0x0000, 0x0000, 0x0000, 0x0000, 0x0000, 0x0000, 0x0000, 0x0000,
  0x0000, 0x0000, 0x0000, 0x0000, 0x0000, 0x0000, 0x0000, 0x0000, 0x0000, 0x0000, 0x0000, 0x0000,
  0x1082, 0x1082, 0x1082, 0x1082, 0x1082, 0x1082, 0x1082, 0x1082, 0x1082, 0x1082, 0x1082, 0x1082,
  0x1082, 0x1082, 0x1082, 0x1082, 0x1082, 0x1082, 0x1082, 0x1082, 0x1082, 0x1082, 0x1082, 0x1082,
  0x1082, 0x1082, 0x1082, 0x1082, 0x1082, 0x1082, 0x1082, 0x1082, 0x1082, 0x1082, 0x1082, 0x1082,
  0x1082, 0x1082, 0x1082, 0x1082, 0x1082, 0x1082, 0x1082, 0x1082, 0x1082, 0x1082, 0x1082, 0x1082,
  0x1082, 0x1082, 0x1082, 0x1082, 0x1082, 0x10A2, 0x18C2, 0x2102, 0x3183, 0x39E4, 0x31E3, 0xBE53,
  0x94ED, 0x2981, 0x39C4, 0x2963, 0x2943, 0x3184, 0x31A3, 0x2982, 0x3243, 0xBE73, 0xA58F, 0x31A2,
  0x39C4, 0x2943, 0x2122, 0x18E2, 0x10A2, 0x1082, 0x0881, 0x1082, 0x1082, 0x1082, 0x1082, 0x1082,
  0x1082, 0x1082, 0x1082, 0x1082, 0x1082, 0x0862, 0x0862, 0x10C2, 0x1921, 0x2161, 0x63C8, 0xC6F3,
  0x84CB, 0x29A1, 0x2963, 0x10A1, 0x1081, 0x1062, 0x1062, 0x1082, 0x1082, 0x1082, 0x1082, 0x1082,
  0x1082, 0x1082, 0x1082, 0x1082, 0x1082, 0x1082, 0x1082, 0x1082, 0x1082, 0x1082, 0x1082, 0x10A2,
  0x1081, 0x6B6A, 0xFFFC, 0xAD8F, 0x5323, 0xAE90, 0x4263, 0x2121, 0x10A2, 0x1082, 0x1082, 0x1082,
  0x1082, 0x1082, 0x1082, 0x1082, 0x1082, 0x1082, 0x1082, 0x1082, 0x1082, 0x1082, 0x1082, 0x1082,
  0x1082, 0x1082, 0x1082, 0x1082, 0x0861, 0x10A2, 0x18E2, 0x1922, 0x2181, 0x63C8, 0xBEB1, 0x7449,
  0x21A1, 0x1901, 0x10C2, 0x1082, 0x0841, 0x10A2, 0x1082, 0x1082, 0x1082, 0x1082, 0x10A2, 0x1082,
  0x10A2, 0x18C2, 0x2102, 0x3183, 0x31A4, 0x3162, 0x7C4B, 0xC714, 0x4AE5, 0x3983, 0x3163, 0x2963,
  0x2943, 0x2963, 0x31C4, 0x2982, 0x63A8, 0xDF36, 0x5B06, 0x39E3, 0x3183, 0x2943, 0x18E2, 0x10A1,
  0x1082, 0x1082, 0x1082, 0x1082, 0x1082, 0x1082, 0x1082, 0x1061, 0x1082, 0x1082, 0x1082, 0x1082,
  0x10A2, 0x1081, 0x1081, 0x1081, 0x1082, 0x1082, 0x1082, 0x1082, 0x1082, 0x1082, 0x1082, 0x1082,
  0x1082, 0x1082, 0x1082, 0x1082, 0x1082, 0x1082, 0x1082, 0x1082, 0x1082, 0x1082, 0x1082, 0x1082,
  0x1082, 0x1082, 0x1082, 0x1082, 0x1082, 0x1082, 0x1082, 0x1082, 0x1082, 0x1082, 0x1082, 0x1082,
  0x0841, 0x0841, 0x0841, 0x0841, 0x0841, 0x0841, 0x0841, 0x0841, 0x0841, 0x0841, 0x0841, 0x0841,
  0x0841, 0x0841, 0x0841, 0x0841, 0x0841, 0x0841, 0x0841, 0x0841, 0x0841, 0x0841, 0x0841, 0x0841,
  0x0841, 0x0841, 0x0841, 0x0841, 0x0841, 0x0841, 0x0841, 0x0841, 0x0841, 0x0841, 0x0841, 0x0841,
  0x0841, 0x0841, 0x0841, 0x1061, 0x1081, 0x1081, 0x1081, 0x1061, 0x1061, 0x0861, 0x0841, 0x0841,
  0x0841, 0x0841, 0x0841, 0x0841, 0x0841, 0x0861, 0x10A1, 0x2122, 0x2962, 0x2140, 0x848C, 0xADD2,
  0x31C2, 0x3182, 0x2942, 0x2942, 0x2102, 0x2942, 0x2961, 0x2981, 0x9D6E, 0xA5B0, 0x29A1, 0x2942,
  0x2922, 0x18E2, 0x1081, 0x0861, 0x0841, 0x0041, 0x0020, 0x0841, 0x0841, 0x0841, 0x0841, 0x0841,
  0x0841, 0x0841, 0x0841, 0x0841, 0x0841, 0x0001, 0x0881, 0x10E1, 0x1940, 0x63A7, 0xB651, 0x6C29,
  0x1940, 0x18E1, 0x1081, 0x0841, 0x0821, 0x0841, 0x0841, 0x0841, 0x0020, 0x0841, 0x0841, 0x0841,
  0x0841, 0x0841, 0x0841, 0x0841, 0x0841, 0x0841, 0x0841, 0x0021, 0x0841, 0x0841, 0x0040, 0x0841,
  0x0840, 0x2983, 0x848D, 0x5B25, 0x42A2, 0xA62F, 0x3A22, 0x18E0, 0x0861, 0x0841, 0x0841, 0x0020,
  0x0841, 0x0841, 0x0841, 0x0841, 0x0841, 0x0841, 0x0841, 0x0841, 0x0841, 0x0841, 0x0841, 0x0841,
  0x0841, 0x0841, 0x0841, 0x0841, 0x0821, 0x0841, 0x0841, 0x0841, 0x10E1, 0x1920, 0x3A63, 0xADEF,
  0x84AB, 0x29A1, 0x10C0, 0x10A1, 0x0840, 0x0020, 0x0841, 0x0841, 0x0841, 0x0040, 0x0841, 0x0841,
  0x0841, 0x0861, 0x1060, 0x18C1, 0x2102, 0x3983, 0x2120, 0x7C8B, 0xB632, 0x3A03, 0x2942, 0x2983,
  0x2102, 0x2101, 0x2942, 0x31A3, 0x29A2, 0x8CAC, 0xB611, 0x31C2, 0x3182, 0x2122, 0x18C1, 0x1081,
  0x0861, 0x0841, 0x0020, 0x0020, 0x0020, 0x0840, 0x0840, 0x0840, 0x0840, 0x1061, 0x1061, 0x1081,
  0x1081, 0x0880, 0x0860, 0x0840, 0x0020, 0x0020, 0x0841, 0x0841, 0x0841, 0x0841, 0x0841, 0x0841,
  0x0841, 0x0841, 0x0841, 0x0841, 0x0841, 0x0841, 0x0841, 0x0841, 0x0841, 0x0841, 0x0841, 0x0841,
  0x0841, 0x0841, 0x0841, 0x0841, 0x0841, 0x0841, 0x0841, 0x0841, 0x0841, 0x0841, 0x0841, 0x0841,
  0x0000, 0x0000, 0x0000, 0x0000, 0x0000, 0x0000, 0x0000, 0x0000, 0x0000, 0x0000, 0x0000, 0x0000,
  0x0000, 0x0000, 0x0000, 0x0000, 0x0000, 0x0000, 0x0000, 0x0000, 0x0000, 0x0000, 0x0000, 0x0000,
  0x0000, 0x0000, 0x0000, 0x0000, 0x0000, 0x0000, 0x0000, 0x0000, 0x0000, 0x0000, 0x0020, 0x0000,
  0x0020, 0x0840, 0x0860, 0x1080, 0x18E1, 0x18E1, 0x18C1, 0x10C1, 0x10A0, 0x1080, 0x0860, 0x0020,
  0x0020, 0x0020, 0x0020, 0x0020, 0x0040, 0x0840, 0x18E1, 0x2121, 0x2121, 0x52E7, 0xB672, 0x4264,
  0x2100, 0x2922, 0x2122, 0x18E2, 0x2122, 0x2942, 0x2161, 0x8CAC, 0xADD0, 0x29A1, 0x2922, 0x2102,
  0x10C1, 0x0860, 0x0840, 0x0020, 0x0020, 0x0020, 0x0000, 0x0000, 0x0000, 0x0000, 0x0000, 0x0020,
  0x0000, 0x0000, 0x0020, 0x0020, 0x0000, 0x0840, 0x10A0, 0x08E0, 0x6C08, 0xAE2F, 0x5345, 0x1940,
  0x10A0, 0x0040, 0x0020, 0x0020, 0x0000, 0x0020, 0x0020, 0x0020, 0x0000, 0x0000, 0x0000, 0x0000,
  0x0000, 0x0000, 0x0000, 0x0000, 0x0000, 0x0000, 0x0000, 0x0000, 0x0000, 0x0020, 0x0000, 0x0020,
  0x0860, 0x1080, 0x08C0, 0x1920, 0x4282, 0x9DCF, 0x3202, 0x10E0, 0x0840, 0x0021, 0x0020, 0x0000,
  0x0000, 0x0000, 0x0000, 0x0000, 0x0000, 0x0000, 0x0000, 0x0000, 0x0000, 0x0000, 0x0000, 0x0000,
  0x0000, 0x0000, 0x0000, 0x0020, 0x0020, 0x0020, 0x0020, 0x0040, 0x0020, 0x0880, 0x1901, 0x21A1,
  0x84EB, 0x952C, 0x21A1, 0x08A0, 0x0881, 0x0000, 0x0000, 0x0020, 0x0000, 0x0000, 0x0000, 0x0020,
  0x0021, 0x0000, 0x0840, 0x1080, 0x10A1, 0x18E1, 0x2962, 0x2101, 0x94CE, 0x9D8F, 0x2181, 0x2122,
  0x2122, 0x2102, 0x2101, 0x2942, 0x2922, 0x3201, 0xAE31, 0x846C, 0x2121, 0x2122, 0x18E1, 0x1081,
  0x0861, 0x0020, 0x0000, 0x0020, 0x0020, 0x0821, 0x0821, 0x0860, 0x1080, 0x10A1, 0x18C1, 0x18C1,
  0x18C1, 0x10A1, 0x0881, 0x0840, 0x0020, 0x0000, 0x0000, 0x0000, 0x0000, 0x0000, 0x0020, 0x0000,
  0x0000, 0x0000, 0x0000, 0x0000, 0x0000, 0x0000, 0x0000, 0x0000, 0x0000, 0x0000, 0x0000, 0x0000,
  0x0000, 0x0000, 0x0000, 0x0000, 0x0000, 0x0000, 0x0000, 0x0000, 0x0000, 0x0000, 0x0000, 0x0000,
  0x1082, 0x1082, 0x1082, 0x1082, 0x1082, 0x1082, 0x1082, 0x1082, 0x1082, 0x1082, 0x1082, 0x1082,
  0x1082, 0x1082, 0x1082, 0x1082, 0x1082, 0x1082, 0x1082, 0x1082, 0x1082, 0x1082, 0x1082, 0x1082,
  0x1082, 0x1082, 0x1082, 0x1082, 0x1082, 0x1082, 0x1082, 0x1082, 0x10A2, 0x1082, 0x1082, 0x1082,
  0x18C2, 0x1902, 0x2102, 0x3163, 0x2942, 0x2982, 0x39A4, 0x3184, 0x3163, 0x2943, 0x2922, 0x18E2,
  0x18E2, 0x18C2, 0x18C2, 0x18C2, 0x1902, 0x2102, 0x3184, 0x3183, 0x4244, 0xBE73, 0x848C, 0x31C3,
  0x39E5, 0x3183, 0x3183, 0x3183, 0x39E4, 0x31A3, 0x7C2B, 0xCEF4, 0x52E6, 0x31A3, 0x39A4, 0x2943,
  0x1903, 0x10A2, 0x1082, 0x1082, 0x1082, 0x1082, 0x1082, 0x1082, 0x1082, 0x1082, 0x1082, 0x1082,
  0x10A2, 0x10A2, 0x1082, 0x1082, 0x10A2, 0x2123, 0x2182, 0x6C09, 0xC713, 0x6C08, 0x2181, 0x2122,
  0x10C1, 0x0882, 0x0862, 0x1082, 0x1082, 0x1082, 0x1082, 0x1082, 0x1082, 0x1082, 0x1082, 0x1082,
  0x1082, 0x1082, 0x1082, 0x1082, 0x1082, 0x1082, 0x1082, 0x1082, 0x1082, 0x10A2, 0x1082, 0x10A2,
  0x18C2, 0x18E1, 0x21A2, 0x31E1, 0x5304, 0xAE71, 0x4284, 0x2141, 0x18C2, 0x1082, 0x1082, 0x1082,
  0x1082, 0x1082, 0x1082, 0x1082, 0x1082, 0x1082, 0x1082, 0x1082, 0x1082, 0x1082, 0x1082, 0x1082,
  0x1082, 0x1082, 0x1082, 0x10A2, 0x1082, 0x1082, 0x1082, 0x10A2, 0x10A2, 0x1082, 0x10C2, 0x1941,
  0x3202, 0x952C, 0xAE0F, 0x42A5, 0x1901, 0x1903, 0x1082, 0x1082, 0x10A2, 0x0861, 0x1082, 0x10A2,
  0x10A3, 0x0862, 0x1082, 0x10A2, 0x18C2, 0x2143, 0x3184, 0x39A4, 0x3A04, 0xBE53, 0x9D4F, 0x29A2,
  0x39C4, 0x39A4, 0x2983, 0x31A4, 0x39E4, 0x39E3, 0x6368, 0xD736, 0x5B67, 0x31A4, 0x31A4, 0x2944,
  0x18C2, 0x18C2, 0x18C2, 0x10A1, 0x18E2, 0x18E3, 0x1903, 0x2102, 0x2963, 0x3184, 0x3184, 0x3184,
  0x2943, 0x2983, 0x2102, 0x2103, 0x18C3, 0x10A2, 0x10A2, 0x1082, 0x1082, 0x1082, 0x1082, 0x1082,
  0x1082, 0x1082, 0x1082, 0x1082, 0x1082, 0x1082, 0x1082, 0x1082, 0x1082, 0x1082, 0x1082, 0x1082,
  0x1082, 0x1082, 0x1082, 0x1082, 0x1082, 0x1082, 0x1082, 0x1082, 0x1082, 0x1082, 0x1082, 0x1082,
  0x0000, 0x0000, 0x0000, 0x0000, 0x0000, 0x0000, 0x0000, 0x0000, 0x0000, 0x0000, 0x0000, 0x0000,
  0x0000, 0x0000, 0x0000, 0x0000, 0x0000, 0x0000, 0x0000, 0x0000, 0x0000, 0x0000, 0x0000, 0x0000,
  0x0000, 0x0000, 0x0000, 0x0000, 0x0000, 0x0000, 0x0000, 0x0000, 0x0000, 0x0000, 0x0000, 0x0000,
  0x0840, 0x0880, 0x18C1, 0x2101, 0x3A24, 0x3A44, 0x1900, 0x2121, 0x2101, 0x2922, 0x20E1, 0x18C0,
  0x18C1, 0x10A1, 0x1080, 0x1060, 0x1080, 0x18C0, 0x2102, 0x2100, 0x848C, 0x9D6F, 0x1900, 0x2942,
  0x2122, 0x18E1, 0x20E1, 0x2121, 0x1900, 0x4244, 0xBE53, 0x5326, 0x2101, 0x2122, 0x18C1, 0x1080,
  0x0020, 0x0000, 0x0000, 0x0000, 0x0000, 0x0000, 0x0000, 0x0000, 0x0000, 0x0000, 0x0000, 0x0000,
  0x0020, 0x0000, 0x0000, 0x0000, 0x0860, 0x10C0, 0x3A64, 0xAE51, 0x5366, 0x1920, 0x0880, 0x0040,
  0x0000, 0x0000, 0x0000, 0x0000, 0x0000, 0x0000, 0x0000, 0x0000, 0x0000, 0x0000, 0x0000, 0x0000,
  0x0000, 0x0000, 0x0000, 0x0000, 0x0000, 0x0000, 0x0000, 0x0000, 0x0000, 0x0000, 0x0000, 0x0000,
  0x0020, 0x29A3, 0x950F, 0x6B87, 0x4261, 0x9DCE, 0x3202, 0x08A0, 0x0020, 0x0000, 0x0000, 0x0000,
  0x0000, 0x0000, 0x0000, 0x0000, 0x0000, 0x0000, 0x0000, 0x0000, 0x0000, 0x0000, 0x0000, 0x0000,
  0x0000, 0x0000, 0x0000, 0x0000, 0x0000, 0x0000, 0x0000, 0x0000, 0x0000, 0x0000, 0x0841, 0x0040,
  0x08A0, 0x1940, 0x6C08, 0x956D, 0x2A01, 0x08A0, 0x0860, 0x0000, 0x0020, 0x0020, 0x0000, 0x0000,
  0x0000, 0x0000, 0x0000, 0x0000, 0x0020, 0x0840, 0x10C1, 0x2122, 0x2120, 0x4203, 0xB612, 0x5326,
  0x2121, 0x20E1, 0x2122, 0x10E0, 0x2122, 0x2942, 0x2921, 0x848C, 0x9DD0, 0x2141, 0x2962, 0x20C1,
  0x18C1, 0x1080, 0x0860, 0x1060, 0x1081, 0x0880, 0x10C1, 0x2122, 0x2101, 0x2121, 0x1900, 0x29A2,
  0x4AA6, 0x2141, 0x2101, 0x1060, 0x0840, 0x0840, 0x0000, 0x0000, 0x0000, 0x0000, 0x0000, 0x0000,
  0x0000, 0x0000, 0x0000, 0x0000, 0x0000, 0x0000, 0x0000, 0x0000, 0x0000, 0x0000, 0x0000, 0x0000,
  0x0000, 0x0000, 0x0000, 0x0000, 0x0000, 0x0000, 0x0000, 0x0000, 0x0000, 0x0000, 0x0000, 0x0000,
  0x0861, 0x0861, 0x0861, 0x0861, 0x0861, 0x0861, 0x0861, 0x0861, 0x0861, 0x0861, 0x0861, 0x0861,
  0x0861, 0x0861, 0x0861, 0x0861, 0x0861, 0x0861, 0x0861, 0x0861, 0x0861, 0x0861, 0x0861, 0x0861,
  0x0861, 0x0861, 0x0861, 0x0861, 0x0861, 0x0861, 0x0861, 0x0861, 0x0861, 0x0861, 0x0861, 0x10A1,
  0x18C1, 0x2902, 0x3183, 0x39E3, 0xB653, 0xCF15, 0x956E, 0x5B67, 0x3A23, 0x2962, 0x2962, 0x3984,
  0x3143, 0x2902, 0x2922, 0x2942, 0x2942, 0x39E4, 0x2982, 0x52E6, 0xC694, 0x5306, 0x31A3, 0x31A3,
  0x2942, 0x2963, 0x3183, 0x3184, 0x3A03, 0xBE51, 0x8CAC, 0x2142, 0x3183, 0x2122, 0x18C1, 0x1081,
  0x0861, 0x0861, 0x0861, 0x0861, 0x0861, 0x0861, 0x0861, 0x0861, 0x0861, 0x0861, 0x0861, 0x0861,
  0x0861, 0x0841, 0x1082, 0x10C1, 0x1901, 0x3A63, 0xC6B2, 0x7C6A, 0x1960, 0x18E1, 0x0881, 0x0841,
  0x0861, 0x0841, 0x0841, 0x0841, 0x0861, 0x0861, 0x0861, 0x0861, 0x0861, 0x0861, 0x0861, 0x0861,
  0x0861, 0x0861, 0x0861, 0x0861, 0x0861, 0x0861, 0x0861, 0x0841, 0x0861, 0x0861, 0x0861, 0x0861,
  0x0861, 0x52E8, 0xF7FA, 0xA56E, 0x4AE2, 0xA60F, 0x4283, 0x1900, 0x1081, 0x0841, 0x0861, 0x0861,
  0x0861, 0x0861, 0x0861, 0x0861, 0x0861, 0x0861, 0x0861, 0x0861, 0x0861, 0x0861, 0x0861, 0x0861,
  0x0861, 0x0861, 0x0861, 0x0861, 0x0861, 0x0861, 0x0861, 0x0861, 0x1082, 0x0841, 0x0861, 0x0861,
  0x10A2, 0x18E2, 0x1940, 0x84EB, 0xA5AE, 0x31E2, 0x2122, 0x1082, 0x0861, 0x0841, 0x0861, 0x0861,
  0x0861, 0x0861, 0x0861, 0x0861, 0x0861, 0x1081, 0x18C2, 0x2122, 0x3183, 0x2141, 0x63A8, 0xCED4,
  0x4A85, 0x2982, 0x2983, 0x2963, 0x2942, 0x3183, 0x31A3, 0x4264, 0xBEB4, 0x7C2A, 0x31C2, 0x39C3,
  0x3163, 0x2122, 0x2123, 0x2123, 0x2943, 0x3163, 0x3143, 0x3182, 0x31C2, 0x4A84, 0x84AC, 0xBE92,
  0xCF15, 0x63A8, 0x2981, 0x2943, 0x2102, 0x1081, 0x0881, 0x0861, 0x0841, 0x0841, 0x0841, 0x0861,
  0x0861, 0x0861, 0x0861, 0x0861, 0x0861, 0x0861, 0x0861, 0x0861, 0x0861, 0x0861, 0x0861, 0x0861,
  0x0861, 0x0861, 0x0861, 0x0861, 0x0861, 0x0861, 0x0861, 0x0861, 0x0861, 0x0861, 0x0861, 0x0861,
  0x0861, 0x0861, 0x0861, 0x0861, 0x0861, 0x0861, 0x0861, 0x0861, 0x0861, 0x0861, 0x0861, 0x0861,
  0x0861, 0x0861, 0x0861, 0x0861, 0x0861, 0x0861, 0x0861, 0x0861, 0x0861, 0x0861, 0x0861, 0x0861,
  0x0861, 0x0861, 0x0861, 0x0861, 0x0861, 0x0861, 0x0861, 0x0861, 0x0861, 0x0861, 0x1081, 0x18C1,
  0x2102, 0x3163, 0x2982, 0x73E9, 0xBE93, 0x6C08, 0xA5CF, 0xC6F4, 0xB632, 0x740A, 0x3A24, 0x2962,
  0x3183, 0x39A4, 0x31A3, 0x31A3, 0x31C3, 0x39E3, 0x3202, 0xB611, 0x950E, 0x29A1, 0x31A3, 0x2963,
  0x3184, 0x2963, 0x31A3, 0x31A3, 0x950E, 0xB631, 0x31E2, 0x31A4, 0x2943, 0x2102, 0x10A1, 0x1081,
  0x0861, 0x0861, 0x0861, 0x0861, 0x0861, 0x0861, 0x0861, 0x0861, 0x0861, 0x0861, 0x0861, 0x0861,
  0x0881, 0x0841, 0x10A1, 0x1101, 0x29C1, 0x9DCE, 0x9D8E, 0x29C1, 0x1901, 0x10A2, 0x0861, 0x0861,
  0x0861, 0x0862, 0x0861, 0x0861, 0x0861, 0x0861, 0x0861, 0x0861, 0x0861, 0x0861, 0x0861, 0x0861,
  0x0861, 0x0861, 0x0861, 0x0861, 0x0861, 0x0861, 0x0861, 0x0861, 0x0861, 0x0861, 0x0861, 0x0861,
  0x10A1, 0x2142, 0x5327, 0x4A83, 0x4AE2, 0xAE50, 0x4284, 0x1901, 0x1081, 0x0861, 0x0861, 0x0861,
  0x0861, 0x0861, 0x0861, 0x0861, 0x0861, 0x0861, 0x0861, 0x0861, 0x0861, 0x0861, 0x0861, 0x0861,
  0x0861, 0x0861, 0x0861, 0x0861, 0x0861, 0x0861, 0x0861, 0x0861, 0x0861, 0x0881, 0x10C1, 0x0881,
  0x0862, 0x1082, 0x1921, 0x2180, 0x952C, 0x954D, 0x2181, 0x18E2, 0x10C2, 0x0841, 0x1082, 0x0861,
  0x0861, 0x0861, 0x0861, 0x0861, 0x0861, 0x1082, 0x10A2, 0x18C1, 0x2943, 0x31A3, 0x2981, 0x8CED,
  0xBE32, 0x3202, 0x31A3, 0x3163, 0x3163, 0x3163, 0x39C4, 0x29A2, 0x73E9, 0xCF14, 0x4AA4, 0x39E3,
  0x39C4, 0x3183, 0x3183, 0x39C4, 0x3183, 0x2982, 0x39C3, 0x5B27, 0x9D4F, 0xCED4, 0xBE72, 0x746A,
  0x8D0C, 0xB631, 0x29A1, 0x39A4, 0x2923, 0x20E2, 0x1082, 0x0861, 0x0861, 0x0861, 0x0841, 0x0861,
  0x0861, 0x0861, 0x0861, 0x0861, 0x0861, 0x0861, 0x0861, 0x0861, 0x0861, 0x0861, 0x0861, 0x0861,
  0x0861, 0x0861, 0x0861, 0x0861, 0x0861, 0x0861, 0x0861, 0x0861, 0x0861, 0x0861, 0x0861, 0x0861,
  0x0000, 0x0000, 0x0000, 0x0000, 0x0000, 0x0000, 0x0000, 0x0000, 0x0000, 0x0000, 0x0000, 0x0000,
  0x0000, 0x0000, 0x0000, 0x0000, 0x0000, 0x0000, 0x0000, 0x0000, 0x0000, 0x0000, 0x0000, 0x0000,
  0x0000, 0x0000, 0x0000, 0x0000, 0x0000, 0x0000, 0x0000, 0x0000, 0x0000, 0x0000, 0x0020, 0x0880,
  0x18E1, 0x20E1, 0x2141, 0xA58F, 0x84AC, 0x2180, 0x31A1, 0x4A64, 0x7C2A, 0xB632, 0xA5F1, 0x7C8B,
  0x42A4, 0x2140, 0x2961, 0x3182, 0x39A3, 0x2981, 0x6387, 0xAE31, 0x31E2, 0x2141, 0x2121, 0x2122,
  0x1901, 0x2101, 0x2121, 0x5B47, 0xBE53, 0x3A02, 0x2141, 0x20E2, 0x10A1, 0x0860, 0x0020, 0x0000,
  0x0000, 0x0000, 0x0000, 0x0000, 0x0000, 0x0000, 0x0000, 0x0000, 0x0000, 0x0000, 0x0000, 0x0000,
  0x0000, 0x0000, 0x0860, 0x10E0, 0x63A7, 0x9DAE, 0x29E1, 0x10C0, 0x0860, 0x0000, 0x0000, 0x0000,
  0x0000, 0x0000, 0x0000, 0x0000, 0x0000, 0x0000, 0x0000, 0x0000, 0x0000, 0x0000, 0x0000, 0x0000,
  0x0000, 0x0000, 0x0000, 0x0000, 0x0000, 0x0000, 0x0000, 0x0000, 0x0000, 0x0000, 0x0000, 0x0000,
  0x0840, 0x0860, 0x00A0, 0x2160, 0x3A41, 0x956D, 0x3A42, 0x10A0, 0x0020, 0x0000, 0x0000, 0x0000,
  0x0000, 0x0000, 0x0000, 0x0000, 0x0000, 0x0000, 0x0000, 0x0000, 0x0000, 0x0000, 0x0000, 0x0000,
  0x0000, 0x0000, 0x0000, 0x0000, 0x0000, 0x0000, 0x0000, 0x0000, 0x0040, 0x0060, 0x08A0, 0x2182,
  0x0860, 0x0040, 0x0860, 0x0080, 0x1960, 0x8D0C, 0x7429, 0x10E0, 0x0060, 0x0020, 0x0020, 0x0000,
  0x0000, 0x0000, 0x0000, 0x0000, 0x0000, 0x0000, 0x0000, 0x0840, 0x1080, 0x18C1, 0x2102, 0x2161,
  0x954E, 0x7C4A, 0x2120, 0x2922, 0x2101, 0x2101, 0x2121, 0x2941, 0x29A1, 0x9DAF, 0x8CCD, 0x2961,
  0x39C3, 0x31A2, 0x3162, 0x2100, 0x29A1, 0x5B67, 0x958F, 0xB673, 0x8CED, 0x5B47, 0x3A02, 0x2940,
  0x5305, 0xAE51, 0x4A86, 0x2121, 0x2102, 0x1060, 0x0020, 0x0000, 0x0000, 0x0000, 0x0000, 0x0000,
  0x0000, 0x0000, 0x0000, 0x0000, 0x0000, 0x0000, 0x0000, 0x0000, 0x0000, 0x0000, 0x0000, 0x0000,
  0x0000, 0x0000, 0x0000, 0x0000, 0x0000, 0x0000, 0x0000, 0x0000, 0x0000, 0x0000, 0x0000, 0x0000,
  0x1082, 0x1082, 0x1082, 0x1082, 0x1082, 0x1082, 0x1082, 0x1082, 0x1082, 0x1082, 0x1082, 0x1082,
  0x1082, 0x1082, 0x1082, 0x1082, 0x1082, 0x1082, 0x1082, 0x1082, 0x1082, 0x1082, 0x1082, 0x1082,
  0x1082, 0x1082, 0x1082, 0x1082, 0x1082, 0x1082, 0x1082, 0x1082, 0x1082, 0x10A2, 0x18C2, 0x2142,
  0x3183, 0x31A3, 0x5B67, 0xCF15, 0x5B27, 0x4224, 0x4A45, 0x4204, 0x39E3, 0x3A23, 0x7C4B, 0xB672,
  0xC6F5, 0xAE11, 0x6BA8, 0x4264, 0x4224, 0x4A85, 0xCEB4, 0x84AC, 0x31A2, 0x39C4, 0x31A3, 0x3184,
  0x39C4, 0x39E4, 0x4285, 0xC6D4, 0x740A, 0x2982, 0x39E4, 0x2942, 0x18E2, 0x10C2, 0x10A2, 0x1082,
  0x1082, 0x1082, 0x1082, 0x1082, 0x1082, 0x1082, 0x1082, 0x1082, 0x1082, 0x1082, 0x1082, 0x1082,
  0x0882, 0x10A2, 0x2142, 0x4AC5, 0xBEB2, 0x6C09, 0x2161, 0x2102, 0x1082, 0x1082, 0x10A2, 0x1082,
  0x1082, 0x1082, 0x1082, 0x1082, 0x1082, 0x1082, 0x1082, 0x1082, 0x1082, 0x1082, 0x1081, 0x1082,
  0x1082, 0x1081, 0x1082, 0x1082, 0x1082, 0x1082, 0x1082, 0x1082, 0x1082, 0x1082, 0x1082, 0x1082,
  0x18C2, 0x2142, 0x29C2, 0x3A01, 0x52E3, 0xB671, 0x4AC5, 0x2121, 0x10A2, 0x1082, 0x10A2, 0x1082,
  0x1082, 0x1082, 0x1082, 0x1082, 0x1082, 0x1082, 0x1082, 0x1082, 0x1082, 0x1082, 0x1082, 0x1082,
  0x1082, 0x1082, 0x1082, 0x10A2, 0x1082, 0x1082, 0x10A2, 0x10A2, 0x1901, 0x29A2, 0x7C4B, 0x846C,
  0x1922, 0x0881, 0x10A2, 0x18E2, 0x1921, 0x4B04, 0xBE91, 0x6BE8, 0x1941, 0x18E2, 0x0861, 0x1082,
  0x1082, 0x1082, 0x1082, 0x1082, 0x1082, 0x1082, 0x1082, 0x18C2, 0x18E2, 0x2943, 0x3164, 0x3183,
  0x5306, 0xD6F5, 0x5B07, 0x39C4, 0x3163, 0x39C5, 0x2963, 0x4204, 0x39C3, 0x63C9, 0xCEF5, 0x6368,
  0x4223, 0x4223, 0x52E6, 0x84AC, 0xCED4, 0xC6D4, 0x954E, 0x4AE6, 0x3A03, 0x3A24, 0x4A45, 0x5265,
  0x4224, 0xAE11, 0x9D90, 0x39C3, 0x3984, 0x2964, 0x18E2, 0x10A2, 0x1082, 0x1082, 0x1082, 0x1082,
  0x1082, 0x1082, 0x1082, 0x1082, 0x1082, 0x1082, 0x1082, 0x1082, 0x1082, 0x1082, 0x1082, 0x1082,
  0x1082, 0x1082, 0x1082, 0x1082, 0x1082, 0x1082, 0x1082, 0x1082, 0x1082, 0x1082, 0x1082, 0x1082,
  0x0020, 0x0020, 0x0020, 0x0020, 0x0020, 0x0020, 0x0020, 0x0020, 0x0020, 0x0020, 0x0020, 0x0020,
  0x0020, 0x0020, 0x0020, 0x0020, 0x0020, 0x0020, 0x0020, 0x0020, 0x0020, 0x0020, 0x0020, 0x0020,
  0x0020, 0x0020, 0x0020, 0x0020, 0x0020, 0x0020, 0x0020, 0x0000, 0x0020, 0x0840, 0x1080, 0x18E1,
  0x2943, 0x2141, 0x8CEC, 0x9DAF, 0x31A2, 0x39C3, 0x31A2, 0x2983, 0x2942, 0x2942, 0x2121, 0x2961,
  0x4AC6, 0x9D4E, 0xBEB3, 0xA610, 0x6C08, 0x848B, 0xADB1, 0x31C3, 0x3183, 0x2142, 0x2122, 0x2922,
  0x2943, 0x2140, 0x84CC, 0x9D90, 0x29A2, 0x2942, 0x2102, 0x10A1, 0x0841, 0x0821, 0x0020, 0x0020,
  0x0020, 0x0020, 0x0020, 0x0020, 0x0020, 0x0020, 0x0020, 0x0020, 0x0020, 0x0020, 0x0020, 0x0020,
  0x0021, 0x10A0, 0x1900, 0x8CEC, 0x9D8E, 0x2180, 0x10C0, 0x0020, 0x0021, 0x0020, 0x0020, 0x0020,
  0x0020, 0x0020, 0x0020, 0x0020, 0x0020, 0x0020, 0x0020, 0x0000, 0x0020, 0x0020, 0x0040, 0x0840,
  0x0001, 0x0040, 0x0020, 0x0020, 0x0020, 0x0020, 0x0020, 0x0020, 0x0020, 0x0020, 0x0020, 0x0020,
  0x0820, 0x3A25, 0xC694, 0x8C8A, 0x4261, 0xA5EE, 0x4263, 0x10C0, 0x0840, 0x0021, 0x0020, 0x0020,
  0x0020, 0x0020, 0x0020, 0x0020, 0x0020, 0x0020, 0x0020, 0x0020, 0x0020, 0x0020, 0x0020, 0x0020,
  0x0020, 0x0020, 0x0020, 0x0040, 0x0021, 0x0821, 0x0840, 0x10C1, 0x1920, 0x744A, 0x7C6B, 0x1941,
  0x10A1, 0x0020, 0x0040, 0x0021, 0x0880, 0x10E0, 0x6BE8, 0x9D8E, 0x31E1, 0x10C0, 0x0840, 0x0001,
  0x0020, 0x0020, 0x0020, 0x0020, 0x0020, 0x0000, 0x0020, 0x0020, 0x0860, 0x10A1, 0x18C2, 0x2122,
  0x2960, 0x844B, 0x9D70, 0x2161, 0x3142, 0x2122, 0x2122, 0x2942, 0x3162, 0x2981, 0xA590, 0x956D,
  0x42C3, 0x950D, 0xB672, 0xAE10, 0x742A, 0x3A23, 0x2121, 0x2962, 0x2962, 0x2962, 0x3182, 0x39C2,
  0x39A2, 0x6388, 0xAEB1, 0x4223, 0x3123, 0x2122, 0x18A1, 0x1061, 0x0820, 0x0020, 0x0020, 0x0020,
  0x0020, 0x0020, 0x0020, 0x0020, 0x0020, 0x0020, 0x0020, 0x0020, 0x0020, 0x0020, 0x0020, 0x0020,
  0x0020, 0x0020, 0x0020, 0x0020, 0x0020, 0x0020, 0x0020, 0x0020, 0x0020, 0x0020, 0x0020, 0x0020,
  0x0020, 0x0020, 0x0020, 0x0020, 0x0020, 0x0020, 0x0020, 0x0020, 0x0020, 0x0020, 0x0020, 0x0020,
  0x0020, 0x0020, 0x0020, 0x0020, 0x0020, 0x0020, 0x0020, 0x0020, 0x0020, 0x0020, 0x0020, 0x0020,
  0x0020, 0x0020, 0x0020, 0x0020, 0x0020, 0x0020, 0x0020, 0x0020, 0x0841, 0x1081, 0x18C1, 0x2122,
  0x2962, 0x3A23, 0xC6B3, 0x5B47, 0x2962, 0x31A3, 0x2142, 0x2122, 0x2102, 0x2122, 0x2942, 0x2962,
  0x2962, 0x2161, 0x4243, 0x7C4B, 0xADD1, 0xD715, 0x5B48, 0x2121, 0x2963, 0x2122, 0x2102, 0x3183,
  0x2141, 0x5B27, 0xC6B3, 0x4A85, 0x2141, 0x2122, 0x18E2, 0x1080, 0x0841, 0x0841, 0x0020, 0x0020,
  0x0020, 0x0020, 0x0020, 0x0020, 0x0020, 0x0020, 0x0020, 0x0020, 0x0020, 0x0020, 0x0020, 0x0020,
  0x0860, 0x10E0, 0x3A43, 0xB630, 0x4B25, 0x10E0, 0x0880, 0x0020, 0x0021, 0x0021, 0x0020, 0x0020,
  0x0020, 0x0020, 0x0020, 0x0020, 0x0020, 0x0841, 0x0020, 0x0020, 0x0841, 0x0841, 0x0020, 0x0860,
  0x0841, 0x0841, 0x0020, 0x0020, 0x0020, 0x0020, 0x0020, 0x0020, 0x0020, 0x0020, 0x0020, 0x0841,
  0x0020, 0x4246, 0xC6B5, 0x94CC, 0x4281, 0xA5EE, 0x4263, 0x10C0, 0x0840, 0x0021, 0x0040, 0x0020,
  0x0020, 0x0020, 0x0020, 0x0020, 0x0020, 0x0020, 0x0020, 0x0020, 0x0020, 0x0020, 0x0020, 0x0020,
  0x0020, 0x0020, 0x0841, 0x0841, 0x0021, 0x0840, 0x10C0, 0x1920, 0x7C4B, 0x740A, 0x1940, 0x08A0,
  0x0861, 0x0841, 0x0020, 0x0021, 0x0881, 0x10C1, 0x1980, 0x956D, 0x7409, 0x1900, 0x10A0, 0x0021,
  0x0020, 0x0020, 0x0020, 0x0020, 0x0020, 0x0020, 0x0020, 0x0020, 0x0040, 0x0880, 0x10C1, 0x20E1,
  0x2942, 0x2962, 0xB612, 0x7C2A, 0x2121, 0x2962, 0x2942, 0x2922, 0x3162, 0x2961, 0x4AA5, 0xC6D4,
  0xBE93, 0xAD8F, 0x6B68, 0x3A03, 0x2141, 0x2942, 0x2983, 0x2122, 0x2122, 0x2122, 0x2922, 0x3162,
  0x31A2, 0x31E2, 0xAE11, 0x7C2B, 0x2121, 0x2963, 0x18E1, 0x1081, 0x0841, 0x0020, 0x0020, 0x0020,
  0x0020, 0x0020, 0x0020, 0x0020, 0x0020, 0x0020, 0x0020, 0x0020, 0x0020, 0x0020, 0x0020, 0x0020,
  0x0020, 0x0020, 0x0020, 0x0020, 0x0020, 0x0020, 0x0020, 0x0020, 0x0020, 0x0020, 0x0020, 0x0020,
  0x1082, 0x1082, 0x1082, 0x1082, 0x1082, 0x1082, 0x1082, 0x1082, 0x1082, 0x1082, 0x1082, 0x1082,
  0x1082, 0x1082, 0x1082, 0x1082, 0x1082, 0x1082, 0x1082, 0x1082, 0x1082, 0x1082, 0x1082, 0x1082,
  0x1082, 0x1082, 0x1082, 0x1082, 0x1082, 0x1082, 0x1082, 0x1082, 0x10A2, 0x20E2, 0x2943, 0x31A3,
  0x31A2, 0x8CAC, 0xBE73, 0x4244, 0x39C4, 0x3183, 0x2142, 0x2103, 0x2102, 0x2102, 0x2943, 0x2943,
  0x39A4, 0x39C4, 0x31A3, 0x3163, 0x4224, 0x4AC6, 0x31E3, 0x31C4, 0x2943, 0x3164, 0x31A4, 0x31A3,
  0x4244, 0xBE53, 0x8CCC, 0x31A2, 0x39C4, 0x2943, 0x18E2, 0x18C2, 0x1082, 0x1082, 0x1082, 0x1082,
  0x1082, 0x1082, 0x1082, 0x1082, 0x1082, 0x1082, 0x1082, 0x1082, 0x1082, 0x1082, 0x1082, 0x1082,
  0x10C1, 0x1940, 0x84CB, 0x9DAE, 0x29C1, 0x2142, 0x10A1, 0x1082, 0x1082, 0x1082, 0x1082, 0x1082,
  0x1082, 0x1082, 0x1082, 0x1082, 0x1082, 0x1082, 0x1082, 0x1082, 0x10A2, 0x1902, 0x2983, 0x1902,
  0x18A3, 0x1082, 0x1082, 0x1082, 0x1082, 0x1082, 0x1082, 0x1082, 0x1082, 0x1082, 0x1082, 0x1082,
  0x18C2, 0x1922, 0x3223, 0x3A22, 0x4AC3, 0xAE50, 0x4AC5, 0x2121, 0x10A2, 0x1082, 0x1081, 0x1082,
  0x1082, 0x1082, 0x1082, 0x1082, 0x1082, 0x1082, 0x1082, 0x1082, 0x1082, 0x1082, 0x1082, 0x1082,
  0x1082, 0x1082, 0x1082, 0x0861, 0x1082, 0x1922, 0x2181, 0x7C6B, 0x8CED, 0x2161, 0x1922, 0x10A2,
  0x1082, 0x1082, 0x1083, 0x0842, 0x1082, 0x18C2, 0x2141, 0x63A6, 0xB671, 0x42A3, 0x1921, 0x18C2,
  0x1082, 0x1082, 0x1082, 0x1082, 0x1082, 0x1082, 0x1082, 0x1082, 0x0881, 0x10A2, 0x18E1, 0x2123,
  0x3144, 0x31A4, 0x5B67, 0xCEF4, 0x4264, 0x31C3, 0x31A3, 0x3183, 0x3163, 0x3183, 0x31E3, 0x5B27,
  0x5B06, 0x31E2, 0x3982, 0x39C4, 0x39C4, 0x2943, 0x2964, 0x2123, 0x2123, 0x2123, 0x2943, 0x3183,
  0x39E4, 0x31A2, 0x8CCD, 0xBE73, 0x3A23, 0x31A3, 0x2963, 0x2102, 0x18A2, 0x1082, 0x1082, 0x1082,
  0x1082, 0x1082, 0x1082, 0x1082, 0x1082, 0x1082, 0x1082, 0x1082, 0x1082, 0x1082, 0x1082, 0x1082,
  0x1082, 0x1082, 0x1082, 0x1082, 0x1082, 0x1082, 0x1082, 0x1082, 0x1082, 0x1082, 0x1082, 0x1082,
  0x0000, 0x0000, 0x0000, 0x0000, 0x0000, 0x0000, 0x0000, 0x0000, 0x0000, 0x0000, 0x0000, 0x0000,
  0x0000, 0x0000, 0x0000, 0x0000, 0x0000, 0x0000, 0x0000, 0x0000, 0x0000, 0x0000, 0x0000, 0x0000,
  0x0000, 0x0000, 0x0000, 0x0000, 0x0000, 0x0000, 0x0000, 0x0000, 0x0820, 0x1080, 0x18E1, 0x2121,
  0x31A2, 0xA5F0, 0x73E9, 0x2101, 0x18C1, 0x10E0, 0x0860, 0x0840, 0x0020, 0x0020, 0x0860, 0x0880,
  0x1080, 0x18C0, 0x2101, 0x2902, 0x2101, 0x10C0, 0x1901, 0x10A0, 0x18E1, 0x18C1, 0x2962, 0x1920,
  0x6BC9, 0xADF1, 0x2981, 0x2901, 0x18E1, 0x0860, 0x0020, 0x0020, 0x0000, 0x0000, 0x0000, 0x0000,
  0x0000, 0x0000, 0x0000, 0x0000, 0x0000, 0x0000, 0x0000, 0x0000, 0x0000, 0x0000, 0x0000, 0x0000,
  0x1080, 0x1960, 0x956C, 0x5BA7, 0x0880, 0x0840, 0x0000, 0x0000, 0x0000, 0x0000, 0x0000, 0x0000,
  0x0000, 0x0000, 0x0000, 0x0000, 0x0000, 0x0000, 0x0000, 0x0000, 0x0020, 0x1901, 0x6BC9, 0x1921,
  0x0000, 0x0020, 0x0000, 0x0000, 0x0000, 0x0000, 0x0000, 0x0000, 0x0000, 0x0000, 0x0000, 0x0000,
  0x0820, 0x0060, 0x08C0, 0x2140, 0x3200, 0x958D, 0x3A43, 0x10A0, 0x0020, 0x0000, 0x0000, 0x0000,
  0x0000, 0x0000, 0x0000, 0x0000, 0x0000, 0x0000, 0x0000, 0x0000, 0x0000, 0x0000, 0x0000, 0x0000,
  0x0000, 0x0000, 0x0000, 0x0000, 0x0040, 0x0060, 0x5327, 0x84AB, 0x1120, 0x0860, 0x0840, 0x0000,
  0x0020, 0x0000, 0x0000, 0x0000, 0x0000, 0x0000, 0x10A0, 0x1920, 0x956D, 0x6C08, 0x08C0, 0x0020,
  0x0000, 0x0000, 0x0000, 0x0000, 0x0000, 0x0000, 0x0000, 0x0000, 0x0000, 0x0000, 0x0040, 0x0860,
  0x1881, 0x2922, 0x18E0, 0x8CED, 0x7C8B, 0x1900, 0x2942, 0x18C0, 0x18E1, 0x18C0, 0x18C0, 0x10C0,
  0x10C0, 0x2101, 0x2922, 0x18C1, 0x18C1, 0x1081, 0x0860, 0x0840, 0x0820, 0x0020, 0x0840, 0x10A0,
  0x1901, 0x2101, 0x41E4, 0xAE31, 0x5367, 0x2101, 0x2121, 0x10A1, 0x0840, 0x0000, 0x0000, 0x0000,
  0x0000, 0x0000, 0x0000, 0x0000, 0x0000, 0x0000, 0x0000, 0x0000, 0x0000, 0x0000, 0x0000, 0x0000,
  0x0000, 0x0000, 0x0000, 0x0000, 0x0000, 0x0000, 0x0000, 0x0000, 0x0000, 0x0000, 0x0000, 0x0000,
  0x0861, 0x0861, 0x0861, 0x0861, 0x0861, 0x0861, 0x0861, 0x0861, 0x0861, 0x0861, 0x0861, 0x0861,
  0x0861, 0x0861, 0x0861, 0x0861, 0x0861, 0x0861, 0x0861, 0x0861, 0x0861, 0x0861, 0x0861, 0x0861,
  0x0861, 0x0861, 0x0861, 0x0861, 0x0861, 0x0861, 0x0861, 0x1081, 0x18C2, 0x2122, 0x3183, 0x3182,
  0x6BA9, 0xC713, 0x4AA4, 0x3984, 0x3164, 0x2122, 0x10A1, 0x1081, 0x0861, 0x1061, 0x1081, 0x10A1,
  0x10C1, 0x1901, 0x2102, 0x2102, 0x2123, 0x2103, 0x2102, 0x2102, 0x2963, 0x3183, 0x39C3, 0x4284,
  0xC6D4, 0x73EA, 0x2982, 0x3983, 0x2102, 0x18E2, 0x1082, 0x0861, 0x0861, 0x0861, 0x0861, 0x0861,
  0x1082, 0x0861, 0x0861, 0x0861, 0x0861, 0x0861, 0x0861, 0x0881, 0x1062, 0x1082, 0x1081, 0x1082,
  0x20E2, 0x5346, 0xBEB1, 0x3A63, 0x2102, 0x0862, 0x0861, 0x1082, 0x1082, 0x0861, 0x1062, 0x0861,
  0x0861, 0x0861, 0x0861, 0x0861, 0x0881, 0x1082, 0x0861, 0x1082, 0x10A2, 0x29C2, 0x950D, 0x29E2,
  0x18E2, 0x0881, 0x1081, 0x0861, 0x0861, 0x0861, 0x0861, 0x0861, 0x1082, 0x1082, 0x0861, 0x0882,
  0x18A2, 0x1922, 0x3224, 0x4243, 0x4AA2, 0xAE30, 0x4AC5, 0x1921, 0x1081, 0x0862, 0x0861, 0x0881,
  0x0861, 0x0861, 0x0861, 0x0861, 0x0861, 0x0861, 0x0861, 0x0861, 0x0861, 0x0861, 0x0861, 0x0861,
  0x0861, 0x0861, 0x0881, 0x10A1, 0x1901, 0x42A5, 0x9D8F, 0x3201, 0x1101, 0x18C2, 0x1062, 0x1062,
  0x0881, 0x10A2, 0x1082, 0x0841, 0x1082, 0x1081, 0x18C2, 0x1921, 0x6C09, 0xB671, 0x31E2, 0x18E2,
  0x0861, 0x0861, 0x0861, 0x0861, 0x0861, 0x0861, 0x1082, 0x1082, 0x0861, 0x1062, 0x0861, 0x10C2,
  0x2122, 0x2962, 0x3163, 0x4AA6, 0xBED3, 0x52E6, 0x3183, 0x3163, 0x2943, 0x2922, 0x2123, 0x2102,
  0x2923, 0x2903, 0x2122, 0x1902, 0x10C1, 0x10C1, 0x1081, 0x10A2, 0x1081, 0x1061, 0x10A2, 0x20E2,
  0x2943, 0x39A4, 0x39A3, 0x958E, 0x9DF0, 0x39C3, 0x31C3, 0x2963, 0x18C2, 0x10A2, 0x1082, 0x0861,
  0x0861, 0x0861, 0x0861, 0x0861, 0x0861, 0x0861, 0x0861, 0x0861, 0x0861, 0x0861, 0x0861, 0x0861,
  0x0861, 0x0861, 0x0861, 0x0861, 0x0861, 0x0861, 0x0861, 0x0861, 0x0861, 0x0861, 0x0861, 0x0861,
  0x0841, 0x0841, 0x0841, 0x0841, 0x0841, 0x0841, 0x0841, 0x0841, 0x0841, 0x0841, 0x0841, 0x0841,
  0x0841, 0x0841, 0x0841, 0x0841, 0x0841, 0x0841, 0x0841, 0x0841, 0x0841, 0x0841, 0x0841, 0x0841,
  0x0841, 0x0841, 0x0841, 0x0841, 0x0841, 0x0841, 0x0841, 0x0861, 0x18E2, 0x20E2, 0x3183, 0x31A2,
  0xADF1, 0x8D2C, 0x31E2, 0x39C4, 0x2943, 0x1901, 0x10A1, 0x0860, 0x0840, 0x0841, 0x0841, 0x0841,
  0x0861, 0x0861, 0x0881, 0x10A1, 0x10A1, 0x1081, 0x18C1, 0x2102, 0x2122, 0x3183, 0x2961, 0x84AC,
  0xAE11, 0x2981, 0x3183, 0x2962, 0x18E1, 0x1061, 0x0861, 0x0841, 0x0841, 0x0841, 0x0841, 0x0841,
  0x0841, 0x0841, 0x0841, 0x0841, 0x0841, 0x0841, 0x0841, 0x0841, 0x0841, 0x0841, 0x0841, 0x10A1,
  0x18E0, 0x7CAA, 0xA5CE, 0x2981, 0x10C1, 0x0841, 0x0841, 0x0841, 0x0841, 0x0841, 0x0841, 0x0841,
  0x0841, 0x0841, 0x0841, 0x0841, 0x0841, 0x0841, 0x0841, 0x0861, 0x10A1, 0x31C2, 0x84AB, 0x31E2,
  0x10A1, 0x0861, 0x0841, 0x0841, 0x0841, 0x0841, 0x0841, 0x0841, 0x0841, 0x0841, 0x0841, 0x0861,
  0x1081, 0x4245, 0xDF98, 0xADAE, 0x4281, 0xA60E, 0x4AA4, 0x1900, 0x1061, 0x0841, 0x0841, 0x0841,
  0x0841, 0x0841, 0x0841, 0x0841, 0x0841, 0x0841, 0x0841, 0x0841, 0x0841, 0x0841, 0x0841, 0x0841,
  0x0861, 0x0861, 0x0841, 0x10A1, 0x1940, 0x8D2C, 0x5326, 0x10C0, 0x0861, 0x0841, 0x0841, 0x0841,
  0x0841, 0x0841, 0x0841, 0x0841, 0x0841, 0x0841, 0x0861, 0x18E1, 0x3A23, 0xB670, 0x5305, 0x10C1,
  0x0881, 0x0841, 0x0841, 0x0841, 0x0840, 0x0841, 0x0841, 0x0841, 0x0841, 0x0841, 0x0841, 0x0861,
  0x10C1, 0x2102, 0x2963, 0x2122, 0x8CCD, 0x952D, 0x2161, 0x2943, 0x2922, 0x18E2, 0x18C1, 0x10A1,
  0x10C1, 0x10C1, 0x1081, 0x1081, 0x0861, 0x0861, 0x0861, 0x0841, 0x0841, 0x0841, 0x1081, 0x18C2,
  0x2923, 0x3162, 0x3A02, 0x5B26, 0xCEF4, 0x4AC5, 0x2982, 0x2963, 0x18C1, 0x10A1, 0x0841, 0x0841,
  0x0841, 0x0841, 0x0841, 0x0841, 0x0841, 0x0841, 0x0841, 0x0841, 0x0841, 0x0841, 0x0841, 0x0841,
  0x0841, 0x0841, 0x0841, 0x0841, 0x0841, 0x0841, 0x0841, 0x0841, 0x0841, 0x0841, 0x0841, 0x0841,
  0x0000, 0x0000, 0x0000, 0x0000, 0x0000, 0x0000, 0x0000, 0x0000, 0x0000, 0x0000, 0x0000, 0x0000,
  0x0000, 0x0000, 0x0000, 0x0000, 0x0000, 0x0000, 0x0000, 0x0000, 0x0000, 0x0000, 0x0000, 0x0000,
  0x0000, 0x0000, 0x0000, 0x0000, 0x0000, 0x0000, 0x0000, 0x0020, 0x1060, 0x20E1, 0x2141, 0x4284,
  0xB651, 0x5B06, 0x31A2, 0x3183, 0x2962, 0x10C0, 0x1080, 0x0860, 0x0820, 0x0020, 0x0000, 0x0000,
  0x0000, 0x0000, 0x0000, 0x0020, 0x0000, 0x0840, 0x1080, 0x10A0, 0x18E1, 0x2141, 0x3A24, 0xBE73,
  0x5326, 0x2141, 0x2101, 0x10C0, 0x0860, 0x0020, 0x0000, 0x0000, 0x0000, 0x0000, 0x0000, 0x0000,
  0x0000, 0x0000, 0x0000, 0x0000, 0x0000, 0x0000, 0x0000, 0x0000, 0x0000, 0x0000, 0x0000, 0x0860,
  0x1900, 0x8D2C, 0x84CA, 0x10C0, 0x0860, 0x0000, 0x0000, 0x0000, 0x0000, 0x0000, 0x0000, 0x0000,
  0x0000, 0x0000, 0x0000, 0x0000, 0x0000, 0x0000, 0x0000, 0x0020, 0x0860, 0x2181, 0x848B, 0x29A1,
  0x0860, 0x0020, 0x0000, 0x0000, 0x0000, 0x0000, 0x0000, 0x0000, 0x0000, 0x0000, 0x0000, 0x0020,
  0x0020, 0x31A4, 0x9D70, 0x7C09, 0x3A41, 0x9DAE, 0x4283, 0x10C0, 0x0820, 0x0000, 0x0000, 0x0000,
  0x0000, 0x0000, 0x0000, 0x0000, 0x0000, 0x0000, 0x0000, 0x0000, 0x0000, 0x0000, 0x0000, 0x0000,
  0x0000, 0x0020, 0x0040, 0x0880, 0x4AE6, 0x7409, 0x10E0, 0x0860, 0x0020, 0x0000, 0x0000, 0x0000,
  0x0000, 0x0000, 0x0000, 0x0000, 0x0000, 0x0000, 0x0000, 0x1080, 0x1920, 0x954B, 0x6C08, 0x08A0,
  0x0040, 0x0000, 0x0000, 0x0000, 0x0000, 0x0000, 0x0000, 0x0000, 0x0000, 0x0000, 0x0000, 0x0000,
  0x0840, 0x10A0, 0x18E1, 0x2101, 0x31C2, 0xB631, 0x4265, 0x2122, 0x20E1, 0x1081, 0x0860, 0x0840,
  0x0020, 0x0020, 0x0020, 0x0000, 0x0000, 0x0000, 0x0000, 0x0000, 0x0020, 0x0020, 0x0860, 0x18A1,
  0x18E1, 0x2983, 0x39A3, 0x41E3, 0x9D4E, 0x7CAB, 0x2120, 0x1901, 0x10A1, 0x0861, 0x0020, 0x0020,
  0x0000, 0x0000, 0x0000, 0x0000, 0x0000, 0x0000, 0x0000, 0x0000, 0x0000, 0x0000, 0x0000, 0x0000,
  0x0000, 0x0000, 0x0000, 0x0000, 0x0000, 0x0000, 0x0000, 0x0000, 0x0000, 0x0000, 0x0000, 0x0000,
  0x1082, 0x1082, 0x1082, 0x1082, 0x1082, 0x1082, 0x1082, 0x1082, 0x1082, 0x1082, 0x1082, 0x1082,
  0x1082, 0x1082, 0x1082, 0x1082, 0x1082, 0x1082, 0x1082, 0x1082, 0x1082, 0x1082, 0x1082, 0x1082,
  0x1082, 0x1082, 0x10A2, 0x10A2, 0x10A2, 0x10A2, 0x1082, 0x18C2, 0x2902, 0x3984, 0x29A2, 0x954E,
  0xAE31, 0x4224, 0x5286, 0x4A25, 0x3A04, 0x31A3, 0x2963, 0x2122, 0x20E2, 0x18E2, 0x18A2, 0x10A2,
  0x10A2, 0x10A2, 0x1082, 0x1082, 0x1082, 0x18C2, 0x18E2, 0x2942, 0x39E4, 0x31A2, 0x9D2F, 0xBE33,
  0x3A03, 0x39C4, 0x3163, 0x2102, 0x18C2, 0x1082, 0x1082, 0x1082, 0x1082, 0x1082, 0x1082, 0x1082,
  0x1082, 0x1082, 0x1082, 0x1082, 0x1082, 0x1082, 0x10A2, 0x10A2, 0x1082, 0x1082, 0x10A2, 0x18E2,
  0x39E3, 0xAE30, 0x7449, 0x2100, 0x18E2, 0x1082, 0x1082, 0x1082, 0x1082, 0x1082, 0x1082, 0x1082,
  0x1082, 0x1082, 0x1082, 0x1082, 0x1082, 0x1082, 0x1082, 0x10A2, 0x18E2, 0x3A03, 0x950D, 0x3A43,
  0x1902, 0x10A2, 0x1082, 0x1082, 0x1082, 0x1082, 0x1082, 0x1082, 0x1082, 0x10A2, 0x1082, 0x10A2,
  0x18A2, 0x1902, 0x29C3, 0x31C1, 0x4282, 0xAE30, 0x5306, 0x2141, 0x18C2, 0x1082, 0x1082, 0x1082,
  0x1082, 0x1082, 0x1082, 0x1082, 0x1082, 0x1082, 0x1082, 0x1082, 0x1082, 0x1082, 0x1082, 0x1082,
  0x1082, 0x10C2, 0x1902, 0x29C1, 0x9D6F, 0x42A5, 0x1901, 0x10A3, 0x1082, 0x10A2, 0x10A2, 0x10A2,
  0x10A2, 0x1082, 0x1082, 0x1082, 0x1082, 0x1082, 0x1082, 0x1902, 0x2160, 0x8D0B, 0x9D6D, 0x2982,
  0x18E2, 0x1081, 0x1082, 0x1082, 0x1082, 0x1082, 0x1082, 0x1082, 0x1082, 0x1082, 0x1082, 0x1082,
  0x10A2, 0x1902, 0x2943, 0x3183, 0x31A3, 0x950F, 0x9D70, 0x31A3, 0x39A4, 0x2923, 0x2103, 0x18C2,
  0x1082, 0x1082, 0x1082, 0x1082, 0x1082, 0x10A2, 0x18A2, 0x18C2, 0x18E2, 0x2102, 0x2943, 0x3184,
  0x39E4, 0x4224, 0x5A47, 0x51E4, 0x7C6A, 0xBEF3, 0x4245, 0x31A4, 0x2123, 0x18C2, 0x10A2, 0x10A2,
  0x1082, 0x1082, 0x1082, 0x1082, 0x1082, 0x1082, 0x1082, 0x1082, 0x1082, 0x1082, 0x1082, 0x1082,
  0x1082, 0x1082, 0x1082, 0x1082, 0x1082, 0x1082, 0x1082, 0x1082, 0x1082, 0x1082, 0x1082, 0x1082,
  0x0000, 0x0000, 0x0000, 0x0000, 0x0000, 0x0000, 0x0000, 0x0000, 0x0000, 0x0000, 0x0000, 0x0000,
  0x0000, 0x0000, 0x0000, 0x0000, 0x0000, 0x0000, 0x0000, 0x0000, 0x0000, 0x0000, 0x0000, 0x0000,
  0x0000, 0x0000, 0x0000, 0x0000, 0x0000, 0x0000, 0x0000, 0x0820, 0x1060, 0x2102, 0x2962, 0xADF1,
  0x9DAF, 0x4AA5, 0x31E2, 0x2981, 0x31A2, 0x3182, 0x2122, 0x2101, 0x18C1, 0x10A1, 0x1060, 0x0860,
  0x0840, 0x0040, 0x0020, 0x0000, 0x0020, 0x0840, 0x10A1, 0x2121, 0x2121, 0x3A03, 0xB652, 0x6368,
  0x2101, 0x2122, 0x18C1, 0x0840, 0x0820, 0x0000, 0x0000, 0x0000, 0x0000, 0x0000, 0x0000, 0x0000,
  0x0000, 0x0000, 0x0000, 0x0000, 0x0000, 0x0000, 0x0000, 0x0020, 0x0000, 0x0000, 0x0020, 0x0860,
  0x31C1, 0x9DAD, 0x4B04, 0x10A0, 0x0860, 0x0000, 0x0000, 0x0000, 0x0000, 0x0000, 0x0000, 0x0000,
  0x0000, 0x0000, 0x0000, 0x0000, 0x0000, 0x0000, 0x0000, 0x0020, 0x0860, 0x2181, 0x848B, 0x29C1,
  0x0880, 0x0020, 0x0000, 0x0000, 0x0000, 0x0000, 0x0000, 0x0000, 0x0000, 0x0000, 0x0000, 0x0000,
  0x0840, 0x0880, 0x08C0, 0x2140, 0x3A21, 0x958E, 0x4AA4, 0x10C0, 0x0840, 0x0000, 0x0000, 0x0000,
  0x0000, 0x0000, 0x0000, 0x0000, 0x0000, 0x0000, 0x0000, 0x0000, 0x0000, 0x0000, 0x0000, 0x0000,
  0x0000, 0x0860, 0x0880, 0x5B66, 0x7C6B, 0x10E0, 0x0880, 0x0841, 0x0000, 0x0000, 0x0000, 0x0000,
  0x0000, 0x0000, 0x0000, 0x0000, 0x0000, 0x0000, 0x0000, 0x0040, 0x10C0, 0x63C7, 0x952C, 0x1940,
  0x0880, 0x0020, 0x0000, 0x0000, 0x0000, 0x0000, 0x0000, 0x0000, 0x0000, 0x0000, 0x0000, 0x0000,
  0x0020, 0x0860, 0x10A0, 0x20E1, 0x2101, 0x3A24, 0xB611, 0x3A43, 0x18C1, 0x18C1, 0x1080, 0x0840,
  0x0000, 0x0000, 0x0000, 0x0020, 0x0840, 0x0860, 0x1081, 0x10A1, 0x10A1, 0x18E1, 0x2101, 0x2942,
  0x31A2, 0x2960, 0x39C2, 0x4A64, 0x7429, 0xBED3, 0x6328, 0x10A0, 0x18E2, 0x0820, 0x0020, 0x0000,
  0x0000, 0x0000, 0x0000, 0x0000, 0x0000, 0x0000, 0x0000, 0x0000, 0x0000, 0x0000, 0x0000, 0x0000,
  0x0000, 0x0000, 0x0000, 0x0000, 0x0000, 0x0000, 0x0000, 0x0000, 0x0000, 0x0000, 0x0000, 0x0000,
  0x0841, 0x0841, 0x0841, 0x0841, 0x0841, 0x0841, 0x0841, 0x0841, 0x0841, 0x0841, 0x0841, 0x0841,
  0x0841, 0x0841, 0x0841, 0x0841, 0x0841, 0x0841, 0x0841, 0x0841, 0x0841, 0x0841, 0x0841, 0x0841,
  0x0841, 0x0841, 0x0841, 0x0841, 0x0841, 0x0841, 0x0841, 0x0881, 0x18C1, 0x18E1, 0x3183, 0x6368,
  0x9D8F, 0xC6F4, 0xAE11, 0x846B, 0x4A85, 0x3162, 0x2962, 0x2962, 0x3163, 0x2943, 0x2102, 0x18E2,
  0x10E1, 0x10A1, 0x0881, 0x0860, 0x1081, 0x1081, 0x2102, 0x2142, 0x2962, 0x844B, 0xB651, 0x31C2,
  0x3183, 0x2122, 0x18C1, 0x1061, 0x0841, 0x0821, 0x0841, 0x0861, 0x0841, 0x0841, 0x0841, 0x0841,
  0x0841, 0x0841, 0x0841, 0x0841, 0x0841, 0x0841, 0x0841, 0x0861, 0x0841, 0x0841, 0x0861, 0x10A1,
  0x3A22, 0xA5EF, 0x4AE4, 0x18C0, 0x1081, 0x0841, 0x0841, 0x0841, 0x0841, 0x0841, 0x0841, 0x0841,
  0x0841, 0x0841, 0x0841, 0x0841, 0x0840, 0x0841, 0x0841, 0x0841, 0x10A1, 0x29C2, 0x8CCC, 0x3202,
  0x10C1, 0x0861, 0x0841, 0x0841, 0x0841, 0x0841, 0x0841, 0x0841, 0x0841, 0x0841, 0x0841, 0x0861,
  0x1081, 0x2142, 0x5B48, 0x52C4, 0x3A61, 0xA60F, 0x52E5, 0x1900, 0x1081, 0x0841, 0x0841, 0x0841,
  0x0841, 0x0841, 0x0841, 0x0841, 0x0841, 0x0841, 0x0841, 0x0841, 0x0841, 0x0841, 0x0841, 0x0841,
  0x0821, 0x10A1, 0x1921, 0x8CEC, 0x4AE6, 0x10E0, 0x0880, 0x0841, 0x0861, 0x0841, 0x0841, 0x0841,
  0x0841, 0x0841, 0x0841, 0x0841, 0x0841, 0x0841, 0x0841, 0x1081, 0x1900, 0x5B65, 0xAE0F, 0x29E1,
  0x10A1, 0x0860, 0x0841, 0x0841, 0x0841, 0x0841, 0x0841, 0x0841, 0x0841, 0x0841, 0x0841, 0x0841,
  0x0840, 0x0880, 0x18C1, 0x2102, 0x2922, 0x2962, 0x954D, 0x84AC, 0x2102, 0x2942, 0x1901, 0x10A1,
  0x0861, 0x0861, 0x1061, 0x1081, 0x10A1, 0x18E1, 0x1902, 0x2143, 0x2963, 0x3183, 0x2962, 0x3162,
  0x39E3, 0x73A9, 0x956E, 0xB6D2, 0xB672, 0x7C4B, 0x4204, 0x2121, 0x18C2, 0x1081, 0x0841, 0x0841,
  0x0841, 0x0841, 0x0841, 0x0841, 0x0841, 0x0841, 0x0841, 0x0841, 0x0841, 0x0841, 0x0841, 0x0841,
  0x0841, 0x0841, 0x0841, 0x0841, 0x0841, 0x0841, 0x0841, 0x0841, 0x0841, 0x0841, 0x0841, 0x0841,
  0x0861, 0x0861, 0x0861, 0x0861, 0x0861, 0x0861, 0x0861, 0x0861, 0x0861, 0x0861, 0x0861, 0x0861,
  0x0861, 0x0861, 0x0861, 0x0861, 0x0861, 0x0861, 0x0861, 0x0861, 0x0861, 0x0861, 0x0861, 0x0861,
  0x0861, 0x0861, 0x0861, 0x0861, 0x0861, 0x0861, 0x0882, 0x1082, 0x18C2, 0x2103, 0x2963, 0x2942,
  0x39E4, 0x52C6, 0x8CAD, 0xC6B4, 0xC6D4, 0x9DAF, 0x6389, 0x4264, 0x2982, 0x31A3, 0x3184, 0x3164,
  0x2943, 0x2943, 0x18C2, 0x10A1, 0x18A2, 0x2123, 0x2922, 0x31A5, 0x3203, 0xBEB2, 0x848C, 0x29A2,
  0x31A3, 0x2943, 0x18C2, 0x1082, 0x1082, 0x1082, 0x1082, 0x1082, 0x0861, 0x0861, 0x0861, 0x0861,
  0x0861, 0x0861, 0x0861, 0x0861, 0x0861, 0x0861, 0x0881, 0x0881, 0x0861, 0x0881, 0x10A1, 0x1902,
  0x3A63, 0xAE0F, 0x4AE5, 0x1901, 0x10A2, 0x0881, 0x0861, 0x0861, 0x0861, 0x0861, 0x0861, 0x0861,
  0x0861, 0x0861, 0x0861, 0x0861, 0x0861, 0x1062, 0x0862, 0x0881, 0x18E2, 0x31E3, 0x8CEC, 0x3A43,
  0x18E1, 0x1082, 0x0861, 0x0861, 0x0861, 0x0861, 0x0861, 0x0861, 0x1082, 0x1082, 0x0861, 0x1082,
  0x10A1, 0x4AC6, 0xF7FB, 0xBE11, 0x4AC2, 0xAE30, 0x5325, 0x1920, 0x10A1, 0x0862, 0x0881, 0x0861,
  0x0861, 0x0861, 0x0861, 0x0861, 0x0862, 0x1062, 0x1062, 0x0861, 0x1081, 0x0881, 0x0881, 0x0881,
  0x0881, 0x10E1, 0x3204, 0x8CEC, 0x31E3, 0x10E1, 0x0881, 0x0861, 0x1082, 0x0861, 0x0861, 0x0861,
  0x0861, 0x0861, 0x0861, 0x0861, 0x0861, 0x0861, 0x0881, 0x10A1, 0x2942, 0x5365, 0xB691, 0x3A22,
  0x18E2, 0x1081, 0x0862, 0x0862, 0x1082, 0x0881, 0x0861, 0x0861, 0x0861, 0x0861, 0x1082, 0x1082,
  0x0881, 0x1081, 0x10A2, 0x1902, 0x3183, 0x2943, 0x5B26, 0xBE72, 0x3A24, 0x3183, 0x2942, 0x2102,
  0x18C2, 0x10C2, 0x10A1, 0x2123, 0x2923, 0x3163, 0x39A3, 0x39C4, 0x2962, 0x3A03, 0x5306, 0x8CCD,
  0xBEB3, 0xBED3, 0x9DB0, 0x6388, 0x3A04, 0x3183, 0x2962, 0x2942, 0x18C1, 0x10A2, 0x1082, 0x1061,
  0x0861, 0x0861, 0x0861, 0x0861, 0x0861, 0x0861, 0x0861, 0x0861, 0x0861, 0x0861, 0x0861, 0x0861,
  0x0861, 0x0861, 0x0861, 0x0861, 0x0861, 0x0861, 0x0861, 0x0861, 0x0861, 0x0861, 0x0861, 0x0861,
  0x0000, 0x0000, 0x0000, 0x0000, 0x0000, 0x0000, 0x0000, 0x0000, 0x0000, 0x0000, 0x0000, 0x0000,
  0x0000, 0x0000, 0x0000, 0x0000, 0x0000, 0x0000, 0x0000, 0x0000, 0x0000, 0x0000, 0x0000, 0x0000,
  0x0000, 0x0000, 0x0000, 0x0000, 0x0000, 0x0000, 0x0000, 0x0000, 0x0020, 0x0840, 0x10A0, 0x2101,
  0x2101, 0x2120, 0x2141, 0x29A1, 0x5326, 0x84CC, 0xBE52, 0xADD0, 0x848B, 0x42A4, 0x2180, 0x2120,
  0x1901, 0x18C1, 0x1080, 0x10A1, 0x1061, 0x10A1, 0x2101, 0x18E1, 0x4AC5, 0xB630, 0x4244, 0x2140,
  0x1901, 0x1081, 0x0820, 0x0000, 0x0000, 0x0000, 0x0000, 0x0000, 0x0000, 0x0000, 0x0000, 0x0000,
  0x0000, 0x0000, 0x0000, 0x0000, 0x0000, 0x0000, 0x0000, 0x0000, 0x0000, 0x0000, 0x0020, 0x0880,
  0x29E1, 0x9D8D, 0x3A63, 0x0880, 0x0000, 0x0000, 0x0000, 0x0000, 0x0000, 0x0000, 0x0000, 0x0000,
  0x0000, 0x0000, 0x0000, 0x0000, 0x0000, 0x0000, 0x0000, 0x0000, 0x0860, 0x2140, 0x7C6A, 0x29C1,
  0x0860, 0x0000, 0x0000, 0x0000, 0x0000, 0x0000, 0x0000, 0x0000, 0x0000, 0x0000, 0x0000, 0x0000,
  0x0020, 0x1922, 0x7C4C, 0x6387, 0x31E0, 0x958D, 0x4AA3, 0x08A0, 0x0020, 0x0000, 0x0000, 0x0000,
  0x0000, 0x0000, 0x0000, 0x0000, 0x0000, 0x0000, 0x0000, 0x0000, 0x0000, 0x0000, 0x0000, 0x0000,
  0x0860, 0x0060, 0x3A44, 0x7409, 0x10E0, 0x0860, 0x0020, 0x0000, 0x0000, 0x0000, 0x0000, 0x0000,
  0x0000, 0x0000, 0x0000, 0x0000, 0x0000, 0x0000, 0x0000, 0x0020, 0x1080, 0x4B04, 0x9DCE, 0x2980,
  0x0860, 0x0000, 0x0000, 0x0000, 0x0000, 0x0000, 0x0000, 0x0000, 0x0000, 0x0000, 0x0000, 0x0000,
  0x0000, 0x0000, 0x0020, 0x0860, 0x18C1, 0x20E2, 0x2960, 0x9D4E, 0x5B27, 0x18C0, 0x2101, 0x10A0,
  0x0860, 0x0861, 0x1081, 0x10A0, 0x1901, 0x1900, 0x2140, 0x3A22, 0x7409, 0x9D6F, 0xBE52, 0xA58E,
  0x6387, 0x3223, 0x1920, 0x2100, 0x2122, 0x18C1, 0x18C0, 0x1060, 0x0820, 0x0000, 0x0000, 0x0000,
  0x0000, 0x0000, 0x0000, 0x0000, 0x0000, 0x0000, 0x0000, 0x0000, 0x0000, 0x0000, 0x0000, 0x0000,
  0x0000, 0x0000, 0x0000, 0x0000, 0x0000, 0x0000, 0x0000, 0x0000, 0x0000, 0x0000, 0x0000, 0x0000,
  0x1082, 0x1082, 0x1082, 0x1082, 0x1082, 0x1082, 0x1082, 0x1082, 0x1082, 0x1082, 0x1082, 0x1082,
  0x1082, 0x1082, 0x1082, 0x1082, 0x1082, 0x1082, 0x1082, 0x1082, 0x1082, 0x1082, 0x1082, 0x1082,
  0x1082, 0x1082, 0x1082, 0x1082, 0x1082, 0x1082, 0x1082, 0x1082, 0x1082, 0x10A2, 0x18E2, 0x2123,
  0x2943, 0x31A4, 0x31A4, 0x39A3, 0x3183, 0x39A3, 0x4A84, 0x7C4B, 0xB632, 0xC6F4, 0xB671, 0x742A,
  0x52E6, 0x2981, 0x31A3, 0x2102, 0x3164, 0x2943, 0x39C4, 0x31A2, 0x9D6F, 0xA5D0, 0x31A2, 0x31C3,
  0x2963, 0x18E2, 0x10A2, 0x1082, 0x1082, 0x1082, 0x1082, 0x1082, 0x1082, 0x1082, 0x1082, 0x1082,
  0x1082, 0x1082, 0x1082, 0x1082, 0x1082, 0x1082, 0x1082, 0x1082, 0x1082, 0x1082, 0x10A1, 0x1902,
  0x42A4, 0xAE30, 0x42C4, 0x1922, 0x10A2, 0x1082, 0x1082, 0x1082, 0x1082, 0x1082, 0x1082, 0x1082,
  0x1082, 0x1082, 0x1082, 0x1082, 0x1082, 0x1082, 0x1082, 0x1081, 0x18E2, 0x31E3, 0x8D0D, 0x4264,
  0x1902, 0x10A2, 0x1082, 0x1082, 0x1082, 0x1082, 0x1082, 0x1082, 0x1082, 0x1082, 0x1082, 0x1082,
  0x18A2, 0x18E1, 0x1941, 0x31C0, 0x4261, 0xAE4F, 0x5B46, 0x2120, 0x10A2, 0x1082, 0x1082, 0x1082,
  0x1082, 0x1082, 0x1082, 0x1082, 0x10A1, 0x1081, 0x1082, 0x1082, 0x1062, 0x1081, 0x10A2, 0x1062,
  0x10C2, 0x10C0, 0x6388, 0x7C6B, 0x1920, 0x18E2, 0x0861, 0x1082, 0x0881, 0x1082, 0x1082, 0x1082,
  0x1082, 0x1082, 0x1082, 0x1082, 0x1082, 0x1082, 0x0881, 0x18C2, 0x2941, 0x7C69, 0xAE2F, 0x31C2,
  0x18E2, 0x1081, 0x1082, 0x1082, 0x1082, 0x1082, 0x1082, 0x1082, 0x1082, 0x1082, 0x1082, 0x1082,
  0x1082, 0x1081, 0x10A2, 0x18E2, 0x2103, 0x3164, 0x2962, 0x846B, 0xADF1, 0x2982, 0x31A3, 0x2943,
  0x2123, 0x2123, 0x2943, 0x2983, 0x3A65, 0x63A9, 0xAE11, 0xCEF4, 0xBE93, 0x950D, 0x5B06, 0x3A02,
  0x31A2, 0x3983, 0x39A4, 0x3184, 0x2943, 0x2102, 0x2102, 0x18C2, 0x10A1, 0x1081, 0x0862, 0x1082,
  0x1082, 0x1082, 0x1082, 0x1082, 0x1082, 0x1082, 0x1082, 0x1082, 0x1082, 0x1082, 0x1082, 0x1082,
  0x1082, 0x1082, 0x1082, 0x1082, 0x1082, 0x1082, 0x1082, 0x1082, 0x1082, 0x1082, 0x1082, 0x1082,
  0x0020, 0x0020, 0x0020, 0x0020, 0x0020, 0x0020, 0x0020, 0x0020, 0x0020, 0x0020, 0x0020, 0x0020,
  0x0020, 0x0020, 0x0020, 0x0020, 0x0020, 0x0020, 0x0020, 0x0020, 0x0020, 0x0020, 0x0020, 0x0020,
  0x0020, 0x0020, 0x0020, 0x0020, 0x0020, 0x0020, 0x0020, 0x0021, 0x0041, 0x0841, 0x0861, 0x1081,
  0x10A1, 0x18E2, 0x20E2, 0x2102, 0x2922, 0x3163, 0x2962, 0x2962, 0x31C3, 0x52E6, 0x84AD, 0xBE93,
  0xB632, 0x73EA, 0x2141, 0x2942, 0x2101, 0x2942, 0x2942, 0x4243, 0xB632, 0x6388, 0x2962, 0x2942,
  0x18E1, 0x0881, 0x0020, 0x0841, 0x0841, 0x0841, 0x0841, 0x0841, 0x0020, 0x0020, 0x0020, 0x0020,
  0x0020, 0x0020, 0x0020, 0x0020, 0x0020, 0x0020, 0x0040, 0x0020, 0x0020, 0x0040, 0x0860, 0x10C0,
  0x3A63, 0xA5EF, 0x3201, 0x10C0, 0x0861, 0x0020, 0x0020, 0x0020, 0x0020, 0x0020, 0x0020, 0x0020,
  0x0020, 0x0020, 0x0020, 0x0020, 0x0021, 0x0821, 0x0021, 0x0840, 0x10A1, 0x29A1, 0x84AB, 0x3202,
  0x10A0, 0x0840, 0x0020, 0x0020, 0x0020, 0x0020, 0x0020, 0x0020, 0x0841, 0x0841, 0x0020, 0x0021,
  0x1061, 0x10A1, 0x1100, 0x2980, 0x3200, 0xA5EE, 0x5305, 0x10E0, 0x0861, 0x0821, 0x0020, 0x0020,
  0x0020, 0x0020, 0x0020, 0x0020, 0x0040, 0x0040, 0x0841, 0x0841, 0x0040, 0x10A0, 0x0880, 0x0841,
  0x1081, 0x10E0, 0x63A8, 0x6388, 0x08C0, 0x1081, 0x0000, 0x0841, 0x0841, 0x0020, 0x0020, 0x0020,
  0x0020, 0x0020, 0x0020, 0x0020, 0x0020, 0x0020, 0x0040, 0x10A1, 0x18E0, 0x84EB, 0x8D2C, 0x2961,
  0x0881, 0x0040, 0x0841, 0x0821, 0x0021, 0x0020, 0x0020, 0x0020, 0x0020, 0x0020, 0x0020, 0x0841,
  0x0841, 0x0040, 0x0840, 0x1081, 0x18C2, 0x20E1, 0x2922, 0x3A44, 0xAE11, 0x4264, 0x2121, 0x2143,
  0x2102, 0x2101, 0x2943, 0x4A86, 0xA5D1, 0xC6D4, 0x950D, 0x6368, 0x3A24, 0x2962, 0x2963, 0x2943,
  0x2923, 0x2902, 0x20C1, 0x18C1, 0x18C1, 0x10A1, 0x1061, 0x0861, 0x0841, 0x0041, 0x0041, 0x0020,
  0x0020, 0x0020, 0x0020, 0x0020, 0x0020, 0x0020, 0x0020, 0x0020, 0x0020, 0x0020, 0x0020, 0x0020,
  0x0020, 0x0020, 0x0020, 0x0020, 0x0020, 0x0020, 0x0020, 0x0020, 0x0020, 0x0020, 0x0020, 0x0020,
  0x0020, 0x0020, 0x0020, 0x0020, 0x0020, 0x0020, 0x0020, 0x0020, 0x0020, 0x0020, 0x0020, 0x0020,
  0x0020, 0x0020, 0x0020, 0x0020, 0x0020, 0x0020, 0x0020, 0x0020, 0x0020, 0x0020, 0x0020, 0x0020,
  0x0020, 0x0020, 0x0020, 0x0020, 0x0020, 0x0020, 0x0020, 0x0020, 0x0020, 0x0020, 0x0020, 0x0820,
  0x0840, 0x0840, 0x1081, 0x1080, 0x10A1, 0x18C1, 0x2122, 0x2963, 0x3182, 0x39C3, 0x31A2, 0x3A42,
  0xB632, 0x7C4C, 0x2100, 0x3162, 0x2941, 0x2142, 0x2922, 0x6346, 0xB671, 0x31E3, 0x3142, 0x2102,
  0x10A1, 0x0840, 0x0040, 0x0020, 0x0020, 0x0020, 0x0020, 0x0020, 0x0020, 0x0020, 0x0020, 0x0020,
  0x0020, 0x0020, 0x0020, 0x0020, 0x0020, 0x0020, 0x0020, 0x0020, 0x0020, 0x0020, 0x0040, 0x0880,
  0x3A43, 0xA5EE, 0x29E0, 0x10A0, 0x0020, 0x0020, 0x0020, 0x0020, 0x0020, 0x0020, 0x0020, 0x0020,
  0x0020, 0x0020, 0x0020, 0x0020, 0x0020, 0x0020, 0x0020, 0x0020, 0x0880, 0x2181, 0x848B, 0x31E2,
  0x0880, 0x0020, 0x0020, 0x0020, 0x0020, 0x0020, 0x0020, 0x0020, 0x0020, 0x0020, 0x0020, 0x0020,
  0x0840, 0x2162, 0x744B, 0x73E9, 0x3A20, 0x9DAD, 0x5304, 0x10E0, 0x0840, 0x0020, 0x0020, 0x0020,
  0x0020, 0x0020, 0x0020, 0x0020, 0x0020, 0x0000, 0x0821, 0x0000, 0x0860, 0x52E7, 0x3A44, 0x0060,
  0x1081, 0x08C0, 0x7409, 0x5326, 0x08A0, 0x0860, 0x0021, 0x0021, 0x0020, 0x0020, 0x0020, 0x0020,
  0x0020, 0x0020, 0x0020, 0x0020, 0x0020, 0x0020, 0x0020, 0x10A2, 0x2120, 0x9DCE, 0x7469, 0x18E0,
  0x0880, 0x0020, 0x0020, 0x0020, 0x0000, 0x0020, 0x0020, 0x0020, 0x0020, 0x0020, 0x0000, 0x0020,
  0x0020, 0x0020, 0x0020, 0x0840, 0x1080, 0x18E0, 0x2103, 0x1901, 0x956E, 0x740A, 0x1900, 0x2123,
  0x2122, 0x2942, 0x2101, 0x52C6, 0xBE73, 0x5B46, 0x3181, 0x3182, 0x31A3, 0x3183, 0x2122, 0x18E1,
  0x10C1, 0x10C0, 0x1080, 0x1081, 0x0840, 0x0820, 0x0820, 0x0020, 0x0020, 0x0020, 0x0020, 0x0020,
  0x0020, 0x0020, 0x0020, 0x0020, 0x0020, 0x0020, 0x0020, 0x0020, 0x0020, 0x0020, 0x0020, 0x0020,
  0x0020, 0x0020, 0x0020, 0x0020, 0x0020, 0x0020, 0x0020, 0x0020, 0x0020, 0x0020, 0x0020, 0x0020,
  0x1082, 0x1082, 0x1082, 0x1082, 0x1082, 0x1082, 0x1082, 0x1082, 0x1082, 0x1082, 0x1082, 0x1082,
  0x1082, 0x1082, 0x1082, 0x1082, 0x1082, 0x1082, 0x1082, 0x1082, 0x1082, 0x1082, 0x1082, 0x1082,
  0x1082, 0x1082, 0x1082, 0x1082, 0x1082, 0x1082, 0x1082, 0x1082, 0x1082, 0x1082, 0x1082, 0x1082,
  0x10A2, 0x10A2, 0x10A2, 0x18C2, 0x18E3, 0x18E3, 0x2942, 0x2962, 0x4204, 0x4A44, 0x4A44, 0x5325,
  0xCEF5, 0x5B07, 0x31A2, 0x39C4, 0x41E4, 0x39C4, 0x31E3, 0xA5B0, 0xA570, 0x39E3, 0x31A4, 0x2943,
  0x18E2, 0x10A2, 0x10A2, 0x1082, 0x1082, 0x1082, 0x1082, 0x1082, 0x1082, 0x1082, 0x1082, 0x1082,
  0x1082, 0x1082, 0x1082, 0x1082, 0x1082, 0x1082, 0x1082, 0x1082, 0x10A2, 0x1082, 0x10A2, 0x1921,
  0x5325, 0xB650, 0x3222, 0x2102, 0x18C2, 0x1082, 0x1082, 0x1082, 0x10A2, 0x10A2, 0x1082, 0x1082,
  0x1082, 0x1082, 0x1082, 0x1082, 0x1062, 0x1082, 0x1082, 0x10C1, 0x1902, 0x31E3, 0x950C, 0x4284,
  0x1902, 0x10A2, 0x1082, 0x10A2, 0x10A2, 0x1082, 0x10A2, 0x1082, 0x1082, 0x1082, 0x1082, 0x10A2,
  0x10A1, 0x52E7, 0xF7FA, 0xC672, 0x42A2, 0xB690, 0x6366, 0x2140, 0x18C2, 0x1082, 0x1082, 0x1082,
  0x1082, 0x1082, 0x1082, 0x1082, 0x10A2, 0x1082, 0x1082, 0x10A2, 0x10E1, 0x7C4B, 0x954E, 0x1920,
  0x2122, 0x2141, 0x84AB, 0x6BC9, 0x1900, 0x10C2, 0x10A2, 0x1082, 0x1082, 0x1082, 0x1082, 0x1082,
  0x1082, 0x1082, 0x1082, 0x1082, 0x1082, 0x10A2, 0x10A2, 0x2102, 0x4AC4, 0xC713, 0x6C08, 0x1900,
  0x10C2, 0x10A2, 0x1082, 0x1082, 0x1082, 0x1082, 0x1082, 0x1082, 0x1082, 0x1082, 0x1082, 0x1082,
  0x1082, 0x1082, 0x1082, 0x10A2, 0x18C2, 0x2122, 0x3164, 0x31A4, 0x7C4B, 0xAE30, 0x39E4, 0x39A4,
  0x39C3, 0x31A4, 0x39E4, 0x4204, 0xCED4, 0x7449, 0x4A44, 0x5265, 0x39E4, 0x3183, 0x2142, 0x2102,
  0x2103, 0x18C2, 0x10C2, 0x1082, 0x1082, 0x1082, 0x1082, 0x1082, 0x1082, 0x1082, 0x1082, 0x1082,
  0x1082, 0x1082, 0x1082, 0x1082, 0x1082, 0x1082, 0x1082, 0x1082, 0x1082, 0x1082, 0x1082, 0x1082,
  0x1082, 0x1082, 0x1082, 0x1082, 0x1082, 0x1082, 0x1082, 0x1082, 0x1082, 0x1082, 0x1082, 0x1082,
  0x0000, 0x0000, 0x0000, 0x0000, 0x0000, 0x0000, 0x0000, 0x0000, 0x0000, 0x0000, 0x0000, 0x0000,
  0x0000, 0x0000, 0x0000, 0x0000, 0x0000, 0x0000, 0x0000, 0x0000, 0x0000, 0x0000, 0x0000, 0x0000,
  0x0000, 0x0000, 0x0000, 0x0000, 0x0000, 0x0000, 0x0000, 0x0000, 0x0000, 0x0000, 0x0000, 0x0000,
  0x0000, 0x0000, 0x0000, 0x0000, 0x0000, 0x0020, 0x0840, 0x18A0, 0x2101, 0x2961, 0x3161, 0x5B87,
  0xADF0, 0x3A03, 0x2941, 0x2962, 0x2942, 0x2941, 0x21C0, 0xAE11, 0x6348, 0x20E0, 0x2101, 0x10A1,
  0x0840, 0x0000, 0x0000, 0x0000, 0x0000, 0x0000, 0x0000, 0x0000, 0x0000, 0x0000, 0x0000, 0x0000,
  0x0000, 0x0000, 0x0000, 0x0000, 0x0000, 0x0000, 0x0000, 0x0000, 0x0000, 0x0000, 0x0000, 0x08A0,
  0x42A3, 0x954C, 0x2180, 0x0860, 0x0820, 0x0000, 0x0000, 0x0000, 0x0000, 0x0000, 0x0000, 0x0000,
  0x0000, 0x0000, 0x0000, 0x0000, 0x0000, 0x0000, 0x0000, 0x0020, 0x0860, 0x1940, 0x7C4A, 0x29E1,
  0x0860, 0x0001, 0x0000, 0x0000, 0x0000, 0x0000, 0x0000, 0x0000, 0x0000, 0x0000, 0x0000, 0x0000,
  0x0020, 0x10E0, 0x4AC6, 0x52E5, 0x31E0, 0x958C, 0x4AE4, 0x08A0, 0x0840, 0x0000, 0x0000, 0x0000,
  0x0000, 0x0000, 0x0000, 0x0000, 0x0000, 0x0000, 0x0000, 0x0020, 0x0840, 0x4284, 0x8CEC, 0x1940,
  0x10A0, 0x10C0, 0x6BC8, 0x5B87, 0x08A0, 0x0840, 0x0000, 0x0000, 0x0000, 0x0000, 0x0000, 0x0000,
  0x0000, 0x0000, 0x0000, 0x0000, 0x0000, 0x0000, 0x0840, 0x10A0, 0x5B86, 0xAE2F, 0x3202, 0x10A0,
  0x0000, 0x0000, 0x0000, 0x0000, 0x0000, 0x0000, 0x0000, 0x0000, 0x0000, 0x0000, 0x0000, 0x0000,
  0x0000, 0x0000, 0x0000, 0x0000, 0x0020, 0x1080, 0x18E0, 0x18E0, 0x3A03, 0xAE30, 0x31E4, 0x2100,
  0x2940, 0x2943, 0x2162, 0x2961, 0x950D, 0x7CCA, 0x3181, 0x3162, 0x2121, 0x18C1, 0x0860, 0x0840,
  0x0000, 0x0000, 0x0000, 0x0000, 0x0000, 0x0000, 0x0000, 0x0000, 0x0000, 0x0000, 0x0000, 0x0000,
  0x0000, 0x0000, 0x0000, 0x0000, 0x0000, 0x0000, 0x0000, 0x0000, 0x0000, 0x0000, 0x0000, 0x0000,
  0x0000, 0x0000, 0x0000, 0x0000, 0x0000, 0x0000, 0x0000, 0x0000, 0x0000, 0x0000, 0x0000, 0x0000,
  0x0861, 0x0861, 0x0861, 0x0861, 0x0861, 0x0861, 0x0861, 0x0861, 0x0861, 0x0861, 0x0861, 0x0861,
  0x0861, 0x0861, 0x0861, 0x0861, 0x0861, 0x0861, 0x0861, 0x0861, 0x0861, 0x0861, 0x0861, 0x0861,
  0x0861, 0x0861, 0x0861, 0x0861, 0x0861, 0x0861, 0x0861, 0x0861, 0x0861, 0x0861, 0x0861, 0x0861,
  0x0861, 0x0861, 0x0841, 0x0861, 0x0861, 0x0841, 0x1061, 0x20E2, 0x2922, 0x39A3, 0x39A3, 0x9D6E,
  0x9D6E, 0x31A2, 0x4204, 0x39C3, 0x39C3, 0x31A2, 0x5B88, 0xB652, 0x4244, 0x3162, 0x2943, 0x18E2,
  0x1082, 0x0861, 0x0861, 0x0861, 0x0861, 0x0861, 0x0861, 0x0861, 0x0861, 0x0861, 0x0861, 0x0861,
  0x0861, 0x0861, 0x0861, 0x0861, 0x0861, 0x0861, 0x0861, 0x0861, 0x0861, 0x0842, 0x1081, 0x1900,
  0x5B67, 0xA5AE, 0x29C1, 0x10C1, 0x10A2, 0x0861, 0x0861, 0x0861, 0x0861, 0x0861, 0x0861, 0x0861,
  0x0861, 0x0861, 0x0861, 0x0861, 0x0861, 0x0861, 0x0841, 0x1081, 0x10C2, 0x29A2, 0x84AC, 0x3A43,
  0x10C1, 0x1061, 0x0841, 0x0842, 0x0861, 0x0861, 0x0861, 0x0861, 0x0861, 0x0861, 0x0861, 0x0861,
  0x1081, 0x1901, 0x1120, 0x2160, 0x3200, 0xA60F, 0x5B66, 0x1900, 0x10A1, 0x0861, 0x0861, 0x0861,
  0x0861, 0x0861, 0x0861, 0x0861, 0x0862, 0x0861, 0x0861, 0x1062, 0x18E1, 0x31E2, 0x954E, 0x4284,
  0x2101, 0x18E0, 0x6387, 0x744A, 0x1920, 0x10A1, 0x0861, 0x0861, 0x0861, 0x0861, 0x0861, 0x0861,
  0x0861, 0x0861, 0x0861, 0x0861, 0x0861, 0x0861, 0x10A2, 0x2121, 0x8CEC, 0x958D, 0x2160, 0x18E1,
  0x1082, 0x0861, 0x0861, 0x0861, 0x0861, 0x0861, 0x0861, 0x0861, 0x0861, 0x0861, 0x0861, 0x0861,
  0x0861, 0x0861, 0x0861, 0x0861, 0x1061, 0x18E2, 0x2142, 0x2962, 0x31A2, 0xA5D0, 0x6BAA, 0x2962,
  0x39E3, 0x31A3, 0x39E3, 0x3182, 0x73E9, 0xBE92, 0x4223, 0x3183, 0x2963, 0x20E2, 0x1081, 0x1061,
  0x0861, 0x0861, 0x0861, 0x0861, 0x0861, 0x0861, 0x0861, 0x0861, 0x0861, 0x0861, 0x0861, 0x0861,
  0x0861, 0x0861, 0x0861, 0x0861, 0x0861, 0x0861, 0x0861, 0x0861, 0x0861, 0x0861, 0x0861, 0x0861,
  0x0861, 0x0861, 0x0861, 0x0861, 0x0861, 0x0861, 0x0861, 0x0861, 0x0861, 0x0861, 0x0861, 0x0861,
  0x0861, 0x0861, 0x0861, 0x0861, 0x0861, 0x0861, 0x0861, 0x0861, 0x0861, 0x0861, 0x0861, 0x0861,
  0x0861, 0x0861, 0x0861, 0x0861, 0x0861, 0x0861, 0x0861, 0x0861, 0x0861, 0x0861, 0x0861, 0x0861,
  0x0861, 0x0861, 0x0861, 0x0861, 0x0861, 0x0861, 0x0861, 0x0861, 0x0861, 0x0861, 0x0861, 0x0861,
  0x0861, 0x0861, 0x0861, 0x0861, 0x0861, 0x0841, 0x1081, 0x18C2, 0x2122, 0x31A3, 0x2962, 0xAE11,
  0x848B, 0x2961, 0x41E4, 0x39C3, 0x41E4, 0x2961, 0x84AC, 0xADF1, 0x2961, 0x31A3, 0x2122, 0x18C2,
  0x1061, 0x0861, 0x0861, 0x0861, 0x0861, 0x0861, 0x0861, 0x0861, 0x0861, 0x0861, 0x0861, 0x0861,
  0x0861, 0x0861, 0x0861, 0x0861, 0x0861, 0x0861, 0x0861, 0x0861, 0x0861, 0x0861, 0x10C1, 0x1920,
  0x7409, 0x9D8D, 0x21A1, 0x2122, 0x0880, 0x0861, 0x0861, 0x0861, 0x0861, 0x0861, 0x0861, 0x0861,
  0x0861, 0x0861, 0x0861, 0x0861, 0x0861, 0x0861, 0x0861, 0x10A1, 0x18E1, 0x29A2, 0x8CEC, 0x4284,
  0x18E1, 0x10A1, 0x0861, 0x0841, 0x0841, 0x0861, 0x0861, 0x0861, 0x0861, 0x0861, 0x0861, 0x0861,
  0x1081, 0x1901, 0x1961, 0x31C1, 0x3A21, 0xA60F, 0x6366, 0x1900, 0x10A2, 0x0861, 0x0861, 0x0861,
  0x0861, 0x0861, 0x0861, 0x0861, 0x0861, 0x0861, 0x0861, 0x1062, 0x18E2, 0x2160, 0x952D, 0x4AE5,
  0x1901, 0x1901, 0x52E6, 0x8CED, 0x1941, 0x08A0, 0x1081, 0x0861, 0x0861, 0x0861, 0x0861, 0x0861,
  0x0861, 0x0861, 0x0861, 0x0861, 0x0861, 0x0861, 0x10A1, 0x2161, 0x8D2D, 0x7469, 0x1940, 0x18A1,
  0x0861, 0x0861, 0x0861, 0x0861, 0x0861, 0x0861, 0x0861, 0x0861, 0x0861, 0x0861, 0x0861, 0x0861,
  0x0861, 0x0861, 0x0861, 0x0861, 0x1061, 0x10A2, 0x2102, 0x3163, 0x2942, 0x848C, 0xADD1, 0x2161,
  0x39E4, 0x39A3, 0x39E3, 0x3983, 0x5B27, 0xC6D4, 0x4264, 0x3163, 0x2943, 0x20E2, 0x1082, 0x0862,
  0x0841, 0x0861, 0x0861, 0x0861, 0x0861, 0x0861, 0x0861, 0x0861, 0x0861, 0x0861, 0x0861, 0x0861,
  0x0861, 0x0861, 0x0861, 0x0861, 0x0861, 0x0861, 0x0861, 0x0861, 0x0861, 0x0861, 0x0861, 0x0861,
  0x0861, 0x0861, 0x0861, 0x0861, 0x0861, 0x0861, 0x0861, 0x0861, 0x0861, 0x0861, 0x0861, 0x0861,
  0x0000, 0x0000, 0x0000, 0x0000, 0x0000, 0x0000, 0x0000, 0x0000, 0x0000, 0x0000, 0x0000, 0x0000,
  0x0000, 0x0000, 0x0000, 0x0000, 0x0000, 0x0000, 0x0000, 0x0000, 0x0000, 0x0000, 0x0000, 0x0000,
  0x0000, 0x0000, 0x0000, 0x0000, 0x0000, 0x0000, 0x0000, 0x0000, 0x0000, 0x0000, 0x0000, 0x0000,
  0x0000, 0x0000, 0x0000, 0x0000, 0x0000, 0x0000, 0x0840, 0x0860, 0x18C0, 0x2121, 0x3182, 0xA5D0,
  0x5B47, 0x2101, 0x3162, 0x2981, 0x3181, 0x2941, 0x952E, 0x746B, 0x1900, 0x20E1, 0x10A0, 0x0840,
  0x0000, 0x0000, 0x0000, 0x0000, 0x0000, 0x0000, 0x0000, 0x0000, 0x0000, 0x0000, 0x0000, 0x0000,
  0x0000, 0x0000, 0x0000, 0x0000, 0x0000, 0x0000, 0x0000, 0x0000, 0x0020, 0x0000, 0x0860, 0x10E0,
  0x6C08, 0x84C9, 0x29E0, 0x2141, 0x08A0, 0x0020, 0x0000, 0x0000, 0x0000, 0x0000, 0x0000, 0x0000,
  0x0000, 0x0000, 0x0000, 0x0000, 0x0000, 0x0000, 0x0020, 0x0060, 0x08C0, 0x2160, 0x7C69, 0x3201,
  0x10C0, 0x0880, 0x0880, 0x0040, 0x0000, 0x0000, 0x0000, 0x0000, 0x0000, 0x0000, 0x0000, 0x0000,
  0x0020, 0x29A3, 0x9D71, 0x94CD, 0x3200, 0x958C, 0x5325, 0x10A0, 0x0020, 0x0000, 0x0000, 0x0000,
  0x0000, 0x0000, 0x0000, 0x0000, 0x0000, 0x0000, 0x0000, 0x0000, 0x0880, 0x10E0, 0x7C8B, 0x4AC5,
  0x0880, 0x0880, 0x31E2, 0x848B, 0x1921, 0x0020, 0x0000, 0x0000, 0x0000, 0x0000, 0x0000, 0x0000,
  0x0000, 0x0000, 0x0000, 0x0000, 0x0000, 0x0000, 0x0860, 0x10E0, 0x7CAA, 0x6C08, 0x10E0, 0x0820,
  0x0000, 0x0000, 0x0000, 0x0000, 0x0000, 0x0000, 0x0000, 0x0000, 0x0000, 0x0000, 0x0000, 0x0000,
  0x0000, 0x0000, 0x0000, 0x0000, 0x0000, 0x0020, 0x1080, 0x18E1, 0x18E0, 0x52E6, 0xA5D0, 0x2181,
  0x2102, 0x3161, 0x3161, 0x3142, 0x31E3, 0x9DD0, 0x5307, 0x20E0, 0x2101, 0x1080, 0x0820, 0x0000,
  0x0000, 0x0000, 0x0000, 0x0000, 0x0000, 0x0000, 0x0000, 0x0000, 0x0000, 0x0000, 0x0000, 0x0000,
  0x0000, 0x0000, 0x0000, 0x0000, 0x0000, 0x0000, 0x0000, 0x0000, 0x0000, 0x0000, 0x0000, 0x0000,
  0x0000, 0x0000, 0x0000, 0x0000, 0x0000, 0x0000, 0x0000, 0x0000, 0x0000, 0x0000, 0x0000, 0x0000,
  0x1082, 0x1082, 0x1082, 0x1082, 0x1082, 0x1082, 0x1082, 0x1082, 0x1082, 0x1082, 0x1082, 0x1082,
  0x1082, 0x1082, 0x1082, 0x1082, 0x1082, 0x1082, 0x1082, 0x1082, 0x1082, 0x1082, 0x1082, 0x1082,
  0x1082, 0x1082, 0x1082, 0x1082, 0x1082, 0x1082, 0x1082, 0x1082, 0x1082, 0x1082, 0x1082, 0x1082,
  0x1082, 0x1082, 0x1082, 0x1082, 0x1082, 0x1082, 0x18C2, 0x2102, 0x3184, 0x2983, 0x6348, 0xBE93,
  0x52E6, 0x39C3, 0x41E4, 0x4204, 0x39C3, 0x52A6, 0xCEF5, 0x5B47, 0x31A3, 0x3184, 0x2123, 0x18C2,
  0x1082, 0x1082, 0x1082, 0x1082, 0x1082, 0x1082, 0x1082, 0x1082, 0x1082, 0x1082, 0x1082, 0x1082,
  0x1082, 0x1082, 0x0862, 0x1082, 0x10A2, 0x1082, 0x10A2, 0x10A3, 0x1082, 0x1082, 0x2122, 0x31E1,
  0x9DAD, 0x954B, 0xB630, 0xB613, 0x31C3, 0x18C2, 0x10A2, 0x1082, 0x1082, 0x1082, 0x10A2, 0x10A2,
  0x10A2, 0x10A2, 0x10A2, 0x10A2, 0x10C2, 0x18E2, 0x2142, 0x5B28, 0x5B47, 0x42C3, 0x956D, 0x4AE4,
  0x4264, 0x73EB, 0x4AC7, 0x1921, 0x10C1, 0x10A2, 0x1082, 0x10A2, 0x10A2, 0x10A2, 0x10A2, 0x10A2,
  0x18C2, 0x4A86, 0xD737, 0xCE93, 0x42A1, 0xAE4F, 0x6BA7, 0x2141, 0x18C2, 0x1082, 0x10A2, 0x1082,
  0x1082, 0x1082, 0x1082, 0x1082, 0x1082, 0x0882, 0x10A2, 0x1083, 0x18E2, 0x2160, 0x952D, 0x6BC9,
  0x2141, 0x1901, 0x2962, 0x52E7, 0x2163, 0x10A2, 0x1082, 0x10A2, 0x1082, 0x1082, 0x1082, 0x1082,
  0x1082, 0x1082, 0x1082, 0x1082, 0x1082, 0x1082, 0x1902, 0x2981, 0x8D2C, 0x84EB, 0x2161, 0x18C2,
  0x1082, 0x1082, 0x1082, 0x1082, 0x10A2, 0x1082, 0x1082, 0x1082, 0x1082, 0x1082, 0x1082, 0x1082,
  0x1082, 0x1082, 0x1082, 0x1082, 0x1082, 0x18C2, 0x2123, 0x2963, 0x3183, 0x4265, 0xBE72, 0x6389,
  0x3183, 0x4204, 0x39E3, 0x41E4, 0x31A2, 0xADF1, 0x952E, 0x3182, 0x31A4, 0x2122, 0x18C2, 0x10A2,
  0x1082, 0x1082, 0x1082, 0x1082, 0x1082, 0x1082, 0x1082, 0x1082, 0x1082, 0x1082, 0x1082, 0x1082,
  0x1082, 0x1082, 0x1082, 0x1082, 0x1082, 0x1082, 0x1082, 0x1082, 0x1082, 0x1082, 0x1082, 0x1082,
  0x1082, 0x1082, 0x1082, 0x1082, 0x1082, 0x1082, 0x1082, 0x1082, 0x1082, 0x1082, 0x1082, 0x1082,
  0x0020, 0x0020, 0x0020, 0x0020, 0x0020, 0x0020, 0x0020, 0x0020, 0x0020, 0x0020, 0x0020, 0x0020,
  0x0020, 0x0020, 0x0020, 0x0020, 0x0020, 0x0020, 0x0020, 0x0020, 0x0020, 0x0020, 0x0020, 0x0020,
  0x0020, 0x0020, 0x0020, 0x0020, 0x0020, 0x0020, 0x0020, 0x0020, 0x0020, 0x0020, 0x0020, 0x0020,
  0x0020, 0x0020, 0x0020, 0x0020, 0x0020, 0x0020, 0x1060, 0x18C0, 0x2923, 0x18E1, 0x63A9, 0xAE11,
  0x2980, 0x3182, 0x3182, 0x3182, 0x2942, 0x4AC6, 0xB692, 0x3A03, 0x2922, 0x18E1, 0x10A1, 0x0840,
  0x0000, 0x0020, 0x0020, 0x0020, 0x0020, 0x0020, 0x0020, 0x0020, 0x0020, 0x0020, 0x0020, 0x0020,
  0x0000, 0x0020, 0x0000, 0x0841, 0x0841, 0x0840, 0x0880, 0x0880, 0x0861, 0x1081, 0x1900, 0x3221,
  0xA60E, 0x63E6, 0xB631, 0xBE73, 0x2182, 0x10A0, 0x0880, 0x0860, 0x1081, 0x0880, 0x0880, 0x0880,
  0x0880, 0x0880, 0x0880, 0x0860, 0x0880, 0x10A0, 0x29A2, 0xCEB5, 0xCED4, 0x4AE1, 0x7CCB, 0x3AA2,
  0x6B86, 0xE7B8, 0xA570, 0x1900, 0x10A0, 0x10A0, 0x0860, 0x0880, 0x1081, 0x0860, 0x0860, 0x0880,
  0x18C0, 0x2961, 0x3A42, 0x4242, 0x3220, 0x9DEE, 0x5B25, 0x10C0, 0x0861, 0x0020, 0x0020, 0x0020,
  0x0020, 0x0020, 0x0020, 0x0020, 0x0020, 0x0020, 0x0020, 0x0021, 0x1081, 0x1100, 0x84AB, 0x5327,
  0x00A0, 0x0881, 0x0881, 0x0860, 0x0840, 0x0821, 0x0000, 0x0820, 0x0040, 0x0020, 0x0020, 0x0020,
  0x0020, 0x0021, 0x0000, 0x0020, 0x0020, 0x0020, 0x0860, 0x1920, 0x7CAA, 0x6C48, 0x1100, 0x0860,
  0x0000, 0x0020, 0x0020, 0x0020, 0x0020, 0x0020, 0x0020, 0x0020, 0x0020, 0x0020, 0x0020, 0x0020,
  0x0020, 0x0020, 0x0020, 0x0020, 0x0020, 0x0840, 0x1080, 0x18E1, 0x2122, 0x2120, 0xADD0, 0x6BC9,
  0x1901, 0x3163, 0x2963, 0x3182, 0x2120, 0x8CAD, 0x8D2D, 0x1920, 0x2922, 0x18C1, 0x1061, 0x0820,
  0x0020, 0x0020, 0x0020, 0x0020, 0x0020, 0x0020, 0x0020, 0x0020, 0x0020, 0x0020, 0x0020, 0x0020,
  0x0020, 0x0020, 0x0020, 0x0020, 0x0020, 0x0020, 0x0020, 0x0020, 0x0020, 0x0020, 0x0020, 0x0020,
  0x0020, 0x0020, 0x0020, 0x0020, 0x0020, 0x0020, 0x0020, 0x0020, 0x0020, 0x0020, 0x0020, 0x0020,
  0x0020, 0x0020, 0x0020, 0x0020, 0x0020, 0x0020, 0x0020, 0x0020, 0x0020, 0x0020, 0x0020, 0x0020,
  0x0020, 0x0020, 0x0020, 0x0020, 0x0020, 0x0020, 0x0020, 0x0020, 0x0020, 0x0020, 0x0020, 0x0020,
  0x0020, 0x0020, 0x0020, 0x0020, 0x0020, 0x0020, 0x0020, 0x0841, 0x0841, 0x0841, 0x0841, 0x0841,
  0x0841, 0x0841, 0x0841, 0x0841, 0x0841, 0x0841, 0x1080, 0x20E1, 0x2922, 0x18E1, 0x742A, 0xADD0,
  0x2981, 0x3182, 0x39C3, 0x31A3, 0x2962, 0x6BCA, 0xA5F0, 0x31A2, 0x2942, 0x2102, 0x10A1, 0x0861,
  0x0021, 0x0041, 0x0041, 0x0020, 0x0020, 0x0020, 0x0020, 0x0020, 0x0020, 0x0020, 0x0020, 0x0020,
  0x0020, 0x0021, 0x0841, 0x0880, 0x10C0, 0x2161, 0x1960, 0x2180, 0x2161, 0x2181, 0x29E0, 0x63C6,
  0xB650, 0x4B42, 0x3AC0, 0x3A81, 0x31E1, 0x29C1, 0x21A1, 0x2181, 0x2160, 0x2180, 0x2161, 0x2141,
  0x2141, 0x2141, 0x2141, 0x2141, 0x2161, 0x2160, 0x3A42, 0x950C, 0x954D, 0x5362, 0x8D4B, 0x5B84,
  0x5322, 0x8D2C, 0x6BE7, 0x29C1, 0x29C1, 0x2160, 0x1940, 0x2161, 0x2161, 0x2161, 0x2141, 0x2141,
  0x2161, 0x21A0, 0x2200, 0x3A41, 0x3240, 0x9E0E, 0x5B66, 0x10E0, 0x1081, 0x0821, 0x0841, 0x0020,
  0x0020, 0x0020, 0x0020, 0x0020, 0x0021, 0x0040, 0x0040, 0x0821, 0x1081, 0x1920, 0x84AB, 0x5306,
  0x10E0, 0x10E0, 0x08A0, 0x10E0, 0x10A0, 0x0861, 0x0841, 0x0821, 0x0821, 0x0841, 0x0841, 0x0841,
  0x0020, 0x0841, 0x0021, 0x0841, 0x0020, 0x0040, 0x1081, 0x1920, 0x8CEB, 0x7449, 0x10E0, 0x1061,
  0x0020, 0x0020, 0x0020, 0x0020, 0x0020, 0x0020, 0x0020, 0x0020, 0x0020, 0x0020, 0x0020, 0x0020,
  0x0020, 0x0020, 0x0020, 0x0020, 0x0020, 0x0840, 0x1081, 0x18E1, 0x2122, 0x2141, 0x8CCC, 0x8CCD,
  0x2141, 0x3183, 0x3183, 0x31A3, 0x2941, 0x740A, 0xA5D0, 0x2981, 0x2942, 0x18E1, 0x10A1, 0x0841,
  0x0820, 0x0841, 0x0841, 0x0841, 0x0841, 0x0841, 0x0841, 0x0841, 0x0841, 0x0841, 0x0841, 0x0020,
  0x0020, 0x0020, 0x0020, 0x0020, 0x0020, 0x0020, 0x0020, 0x0020, 0x0020, 0x0020, 0x0020, 0x0020,
  0x0020, 0x0020, 0x0020, 0x0020, 0x0020, 0x0020, 0x0020, 0x0020, 0x0020, 0x0020, 0x0020, 0x0020,
  0x1082, 0x1082, 0x1082, 0x1082, 0x1082, 0x1082, 0x1082, 0x1082, 0x1082, 0x1082, 0x1082, 0x1082,
  0x1082, 0x1082, 0x1082, 0x1082, 0x1082, 0x1082, 0x1082, 0x1082, 0x1082, 0x1082, 0x1082, 0x1082,
  0x1082, 0x1082, 0x1082, 0x1082, 0x1082, 0x1082, 0x1082, 0x1082, 0x1082, 0x1082, 0x1082, 0x1082,
  0x1082, 0x1082, 0x1082, 0x1082, 0x1082, 0x1082, 0x18C2, 0x2922, 0x3184, 0x31A3, 0x952D, 0x9D6F,
  0x39E3, 0x39E4, 0x41E4, 0x4204, 0x39C3, 0x9D6F, 0x956E, 0x3182, 0x39A4, 0x2143, 0x18E2, 0x10A2,
  0x1082, 0x1082, 0x0882, 0x1082, 0x1082, 0x1082, 0x1082, 0x1082, 0x1082, 0x1082, 0x1082, 0x1082,
  0x1082, 0x1082, 0x10A1, 0x1921, 0x63A9, 0x9D6F, 0x9D4E, 0x9D4D, 0x9D4E, 0x9D6E, 0x9D8D, 0xC6F1,
  0xC6D2, 0xAE0D, 0xA60B, 0x9DAC, 0x9D8E, 0x9D6D, 0x954C, 0x9D8D, 0x9D6E, 0x9D6E, 0x952D, 0x9D4D,
  0x954D, 0x954D, 0x954D, 0x9D4D, 0x952D, 0x9D8E, 0xA5AD, 0x958B, 0x9DAB, 0xA5EC, 0xBED1, 0xAE2E,
  0xADEC, 0x8D4B, 0x9D6D, 0x9D8D, 0x9D4D, 0x9D4E, 0x9D6E, 0x9D4D, 0x9D4E, 0x9D6E, 0x9D4D, 0x954D,
  0x9D4D, 0x9D8E, 0x958D, 0xA5CD, 0xA5CD, 0xBEF2, 0x63A7, 0x2141, 0x18C2, 0x1062, 0x10A2, 0x1082,
  0x1082, 0x1082, 0x1082, 0x1082, 0x1082, 0x0882, 0x1081, 0x1082, 0x18E2, 0x29E1, 0xA5CF, 0x5306,
  0x29A1, 0x31E2, 0x5326, 0x4284, 0x29A1, 0x1901, 0x18E1, 0x18A2, 0x1082, 0x1082, 0x1082, 0x1082,
  0x1082, 0x1082, 0x1062, 0x1082, 0x1082, 0x1082, 0x18E2, 0x2981, 0x9D8E, 0x7469, 0x1941, 0x18C2,
  0x1082, 0x1082, 0x1082, 0x1082, 0x1082, 0x1082, 0x1082, 0x1082, 0x1082, 0x1082, 0x1082, 0x1082,
  0x1082, 0x1082, 0x1082, 0x1082, 0x1082, 0x1082, 0x18C2, 0x2123, 0x2963, 0x2963, 0x7409, 0xB632,
  0x39E4, 0x39E4, 0x39E4, 0x39E4, 0x39C3, 0x6348, 0xBEB3, 0x4265, 0x3183, 0x2963, 0x2102, 0x10A2,
  0x1082, 0x1082, 0x1082, 0x1082, 0x1082, 0x1082, 0x1082, 0x1082, 0x1082, 0x1082, 0x1082, 0x1082,
  0x1082, 0x1082, 0x1082, 0x1082, 0x1082, 0x1082, 0x1082, 0x1082, 0x1082, 0x1082, 0x1082, 0x1082,
  0x1082, 0x1082, 0x1082, 0x1082, 0x1082, 0x1082, 0x1082, 0x1082, 0x1082, 0x1082, 0x1082, 0x1082,
  0x0000, 0x0000, 0x0000, 0x0000, 0x0000, 0x0000, 0x0000, 0x0000, 0x0000, 0x0000, 0x0000, 0x0000,
  0x0000, 0x0000, 0x0000, 0x0000, 0x0000, 0x0000, 0x0000, 0x0000, 0x0000, 0x0000, 0x0000, 0x0000,
  0x0000, 0x0000, 0x0000, 0x0000, 0x0000, 0x0000, 0x0000, 0x0000, 0x0000, 0x0000, 0x0000, 0x0000,
  0x0000, 0x0000, 0x0000, 0x0000, 0x0000, 0x0000, 0x0840, 0x10A0, 0x2101, 0x2962, 0x956D, 0x6BC9,
  0x2141, 0x3162, 0x3142, 0x3182, 0x2140, 0xA5B0, 0x63C8, 0x20C0, 0x20E1, 0x08A0, 0x0840, 0x0000,
  0x0000, 0x0000, 0x0000, 0x0000, 0x0000, 0x0000, 0x0000, 0x0000, 0x0000, 0x0000, 0x0000, 0x0000,
  0x0000, 0x0000, 0x0040, 0x10E0, 0x7409, 0x5B87, 0x3A43, 0x4223, 0x3A23, 0x3A63, 0x5345, 0x9DCD,
  0x6C26, 0x4B02, 0x5344, 0x5324, 0x4AE3, 0x42C3, 0x4B03, 0x5344, 0x4282, 0x4284, 0x3A23, 0x3A22,
  0x3A22, 0x3A22, 0x3A22, 0x3A43, 0x3A42, 0x3A62, 0x42A2, 0x6C27, 0x7467, 0x5BA3, 0x8D6B, 0x5BC5,
  0x5322, 0x7448, 0x5BA6, 0x42A3, 0x3A43, 0x31E2, 0x3203, 0x3222, 0x3A23, 0x3A42, 0x3A42, 0x3A42,
  0x4263, 0x42A3, 0x42E2, 0x4AE2, 0x5303, 0x9DEE, 0x5B25, 0x10A0, 0x0820, 0x0000, 0x0000, 0x0000,
  0x0000, 0x0000, 0x0000, 0x0000, 0x0000, 0x0000, 0x0000, 0x0020, 0x0860, 0x3222, 0x956D, 0x29A1,
  0x10E0, 0x5305, 0xB692, 0xAE0F, 0x7C8A, 0x42C4, 0x1940, 0x08A0, 0x0860, 0x0020, 0x0000, 0x0000,
  0x0000, 0x0000, 0x0000, 0x0000, 0x0000, 0x0000, 0x0860, 0x1920, 0x8D2C, 0x5345, 0x08A0, 0x0800,
  0x0000, 0x0000, 0x0000, 0x0000, 0x0000, 0x0000, 0x0000, 0x0000, 0x0000, 0x0000, 0x0000, 0x0000,
  0x0000, 0x0000, 0x0000, 0x0000, 0x0000, 0x0000, 0x0020, 0x1080, 0x18C1, 0x18C1, 0x4283, 0xB611,
  0x31C3, 0x2101, 0x2982, 0x2942, 0x2941, 0x31E2, 0xAE10, 0x4285, 0x18E0, 0x18E1, 0x0880, 0x0020,
  0x0000, 0x0000, 0x0000, 0x0000, 0x0000, 0x0000, 0x0000, 0x0000, 0x0000, 0x0000, 0x0000, 0x0000,
  0x0000, 0x0000, 0x0000, 0x0000, 0x0000, 0x0000, 0x0000, 0x0000, 0x0000, 0x0000, 0x0000, 0x0000,
  0x0000, 0x0000, 0x0000, 0x0000, 0x0000, 0x0000, 0x0000, 0x0000, 0x0000, 0x0000, 0x0000, 0x0000,
  0x0861, 0x0861, 0x0861, 0x0861, 0x0861, 0x0861, 0x0861, 0x0861, 0x0861, 0x0861, 0x0861, 0x0861,
  0x0861, 0x0861, 0x0861, 0x0861, 0x0861, 0x0861, 0x0861, 0x0861, 0x0861, 0x0861, 0x0861, 0x0861,
  0x0861, 0x0861, 0x0861, 0x0861, 0x1061, 0x1061, 0x1061, 0x1082, 0x0862, 0x1082, 0x1082, 0x1082,
  0x1082, 0x1082, 0x1082, 0x1082, 0x1082, 0x1082, 0x2103, 0x2963, 0x3163, 0x3A04, 0xBEB2, 0x6368,
  0x31A3, 0x4204, 0x41E4, 0x39E4, 0x3203, 0xBE93, 0x6BC9, 0x3162, 0x3164, 0x1922, 0x18A1, 0x1081,
  0x1082, 0x0882, 0x0882, 0x0861, 0x0861, 0x0861, 0x0861, 0x0861, 0x0861, 0x0861, 0x0861, 0x0861,
  0x0881, 0x1081, 0x18E1, 0x2181, 0x8CEC, 0x4B05, 0x2140, 0x2102, 0x2121, 0x2160, 0x42C3, 0xAE50,
  0x5362, 0x4B03, 0xD715, 0xBE32, 0x3A41, 0x3201, 0xADD0, 0xD715, 0x4AC5, 0x2140, 0x1901, 0x18E2,
  0x18E1, 0x18E1, 0x18E1, 0x18E1, 0x1901, 0x2141, 0x3A03, 0xD736, 0xDF55, 0x5B82, 0x8D4B, 0x4B24,
  0x63A5, 0xE7B8, 0xC693, 0x29E1, 0x1920, 0x1901, 0x18E1, 0x10C1, 0x10C1, 0x18E1, 0x18E1, 0x1902,
  0x2141, 0x7409, 0xBE52, 0x6BC6, 0x3A40, 0xAE70, 0x6BC8, 0x2120, 0x18A2, 0x0862, 0x1082, 0x0861,
  0x0861, 0x0861, 0x0861, 0x0861, 0x0882, 0x0861, 0x10A2, 0x10A2, 0x18E1, 0x6BE9, 0x954D, 0x29A0,
  0x31A1, 0x7C8A, 0xA60F, 0x63E6, 0x9D8C, 0xBE90, 0x9D8E, 0x4263, 0x1921, 0x1901, 0x10A1, 0x0861,
  0x0862, 0x1082, 0x0861, 0x1082, 0x0861, 0x0861, 0x18E2, 0x31E2, 0xA5EF, 0x5B86, 0x2121, 0x18A2,
  0x0861, 0x0861, 0x0861, 0x0861, 0x0861, 0x0861, 0x0861, 0x0861, 0x0861, 0x0861, 0x0861, 0x0861,
  0x0861, 0x0861, 0x0861, 0x1062, 0x0862, 0x1061, 0x10A2, 0x20E2, 0x2944, 0x2963, 0x42A4, 0xC6D4,
  0x4AA6, 0x3183, 0x3A04, 0x39C3, 0x39C4, 0x3A24, 0xBE93, 0x6BA9, 0x2962, 0x3183, 0x2123, 0x18C2,
  0x1082, 0x1082, 0x1082, 0x1082, 0x1082, 0x1082, 0x1082, 0x1082, 0x1082, 0x0862, 0x0862, 0x0862,
  0x0861, 0x0861, 0x1082, 0x0861, 0x0861, 0x0861, 0x0861, 0x0861, 0x0861, 0x0861, 0x0861, 0x0861,
  0x0861, 0x0861, 0x0861, 0x0861, 0x0861, 0x0861, 0x0861, 0x0861, 0x0861, 0x0861, 0x0861, 0x0861,
  0x0841, 0x0841, 0x0841, 0x0841, 0x0841, 0x0841, 0x0841, 0x0841, 0x0841, 0x0841, 0x0841, 0x0841,
  0x0841, 0x0841, 0x0841, 0x0841, 0x0841, 0x0841, 0x0841, 0x0841, 0x0841, 0x0841, 0x0841, 0x0841,
  0x0841, 0x0841, 0x0841, 0x0841, 0x0841, 0x0841, 0x0841, 0x0861, 0x0861, 0x1081, 0x10A1, 0x10A1,
  0x1081, 0x18A1, 0x18A2, 0x10A1, 0x18A2, 0x18C2, 0x2122, 0x3163, 0x3983, 0x4264, 0xB692, 0x5B07,
  0x3182, 0x39C3, 0x39C3, 0x31A3, 0x4284, 0xB632, 0x5307, 0x2142, 0x2123, 0x18C2, 0x0881, 0x0861,
  0x0841, 0x0841, 0x0841, 0x0841, 0x0841, 0x0841, 0x0841, 0x0841, 0x0861, 0x0840, 0x0040, 0x0840,
  0x0861, 0x0861, 0x10A1, 0x2161, 0x7C6A, 0x4AE5, 0x18E1, 0x10A1, 0x0882, 0x1901, 0x4283, 0xA62F,
  0x4281, 0x3A42, 0xB633, 0xA590, 0x2982, 0x2141, 0x94EE, 0xC674, 0x3A24, 0x10C0, 0x1081, 0x0862,
  0x0861, 0x1081, 0x1081, 0x0861, 0x0861, 0x18A2, 0x2942, 0x94CE, 0x8D0C, 0x42A1, 0x8D0A, 0x5344,
  0x3A63, 0x9D2F, 0x844D, 0x1900, 0x18E1, 0x0861, 0x0861, 0x0861, 0x0861, 0x1081, 0x0861, 0x10A1,
  0x18E1, 0x7C4C, 0xE779, 0x73E9, 0x31E0, 0xA60F, 0x6387, 0x10E0, 0x0861, 0x0841, 0x0841, 0x0841,
  0x0841, 0x0841, 0x0841, 0x0841, 0x0840, 0x0840, 0x0861, 0x10A1, 0x1920, 0x8CEC, 0x6367, 0x1920,
  0x29A0, 0x8D2C, 0x746A, 0x29A0, 0x29E0, 0x4B03, 0xAE0F, 0xAE30, 0x42A4, 0x10E0, 0x10A1, 0x0861,
  0x0841, 0x0841, 0x0840, 0x0861, 0x0821, 0x0841, 0x18E1, 0x3201, 0x9DEE, 0x5305, 0x18C0, 0x0881,
  0x0841, 0x0841, 0x0841, 0x0841, 0x0841, 0x0841, 0x0841, 0x0841, 0x0841, 0x0841, 0x0841, 0x0841,
  0x0841, 0x0841, 0x0841, 0x0841, 0x0841, 0x0841, 0x0861, 0x18A2, 0x2122, 0x2962, 0x39C3, 0xB612,
  0x5346, 0x3162, 0x39A3, 0x39E3, 0x3182, 0x39E3, 0xB651, 0x6BC9, 0x2941, 0x39A3, 0x2942, 0x20E2,
  0x18A1, 0x1081, 0x10A1, 0x18A1, 0x18A2, 0x18A1, 0x1081, 0x18A1, 0x1081, 0x0882, 0x0041, 0x0841,
  0x0821, 0x0841, 0x0861, 0x0841, 0x0841, 0x0841, 0x0841, 0x0841, 0x0841, 0x0841, 0x0841, 0x0841,
  0x0841, 0x0841, 0x0841, 0x0841, 0x0841, 0x0841, 0x0841, 0x0841, 0x0841, 0x0841, 0x0841, 0x0841,
  0x0000, 0x0000, 0x0000, 0x0000, 0x0000, 0x0000, 0x0000, 0x0000, 0x0000, 0x0000, 0x0000, 0x0000,
  0x0000, 0x0000, 0x0000, 0x0000, 0x0000, 0x0000, 0x0000, 0x0000, 0x0000, 0x0000, 0x0000, 0x0000,
  0x0000, 0x0000, 0x0000, 0x0000, 0x0000, 0x0020, 0x0820, 0x0840, 0x1080, 0x1080, 0x1080, 0x1901,
  0x18E1, 0x18C0, 0x18C0, 0x18C0, 0x18C0, 0x20E1, 0x2141, 0x3162, 0x39A2, 0x4243, 0xAE50, 0x4A65,
  0x2962, 0x3182, 0x3182, 0x2941, 0x5B27, 0xA5D0, 0x31C2, 0x2121, 0x18E2, 0x0860, 0x0040, 0x0020,
  0x0000, 0x0000, 0x0000, 0x0000, 0x0000, 0x0000, 0x0000, 0x0000, 0x0000, 0x0000, 0x0000, 0x0000,
  0x0000, 0x0020, 0x0880, 0x2140, 0x7C49, 0x4284, 0x0860, 0x0840, 0x0020, 0x10A0, 0x3A22, 0x9DCE,
  0x3A21, 0x2140, 0x1920, 0x1920, 0x10A0, 0x0880, 0x10C0, 0x1941, 0x08A0, 0x0040, 0x0000, 0x0000,
  0x0000, 0x0000, 0x0000, 0x0000, 0x0000, 0x0840, 0x0860, 0x1900, 0x1980, 0x3200, 0x84CA, 0x4AC2,
  0x21A0, 0x2180, 0x1100, 0x1900, 0x10C0, 0x0860, 0x0020, 0x0000, 0x0000, 0x0000, 0x0000, 0x0020,
  0x0840, 0x1941, 0x3A64, 0x2981, 0x2180, 0x958D, 0x5B46, 0x10C0, 0x0820, 0x0000, 0x0000, 0x0000,
  0x0000, 0x0000, 0x0000, 0x0000, 0x0000, 0x0020, 0x0020, 0x10C0, 0x29E2, 0x8CEC, 0x29A1, 0x18E0,
  0x29E0, 0x9D8D, 0x42C4, 0x1900, 0x1920, 0x08C0, 0x29A1, 0x8D0C, 0xADF0, 0x3202, 0x08A0, 0x0860,
  0x0821, 0x0021, 0x0000, 0x0020, 0x0000, 0x0020, 0x10A0, 0x3A62, 0x9DEE, 0x3A22, 0x0860, 0x0020,
  0x0000, 0x0000, 0x0000, 0x0000, 0x0000, 0x0000, 0x0000, 0x0000, 0x0000, 0x0000, 0x0000, 0x0000,
  0x0000, 0x0000, 0x0000, 0x0000, 0x0000, 0x0000, 0x0020, 0x1061, 0x18C1, 0x2121, 0x2921, 0x950D,
  0x746A, 0x2921, 0x2942, 0x2981, 0x3162, 0x3182, 0xA5F0, 0x63A7, 0x2160, 0x29C2, 0x2161, 0x2141,
  0x10C0, 0x18C0, 0x18C0, 0x18C0, 0x18E1, 0x18C0, 0x18A0, 0x18C1, 0x1080, 0x0860, 0x1080, 0x0020,
  0x0000, 0x0000, 0x0020, 0x0000, 0x0000, 0x0000, 0x0000, 0x0000, 0x0000, 0x0000, 0x0000, 0x0000,
  0x0000, 0x0000, 0x0000, 0x0000, 0x0000, 0x0000, 0x0000, 0x0000, 0x0000, 0x0000, 0x0000, 0x0000,
  0x1082, 0x1082, 0x1082, 0x1082, 0x1082, 0x1082, 0x1082, 0x1082, 0x1082, 0x1082, 0x1082, 0x1082,
  0x1082, 0x1082, 0x1082, 0x1082, 0x1082, 0x1082, 0x1082, 0x1082, 0x1082, 0x1082, 0x1082, 0x1082,
  0x1082, 0x1082, 0x1082, 0x1082, 0x1082, 0x18C2, 0x18E2, 0x20E3, 0x2923, 0x39A4, 0x39C4, 0x3183,
  0x39A4, 0x39C4, 0x39A4, 0x39A4, 0x39A4, 0x39E4, 0x4204, 0x4A25, 0x4A25, 0x5B07, 0xCEF4, 0x52A6,
  0x39E4, 0x4204, 0x4224, 0x39C3, 0x846B, 0xB652, 0x31C2, 0x31C4, 0x2964, 0x1902, 0x10A2, 0x10A2,
  0x1082, 0x1082, 0x1082, 0x1082, 0x1082, 0x1082, 0x1082, 0x1082, 0x1082, 0x1082, 0x10A2, 0x10A2,
  0x10A3, 0x18C2, 0x2963, 0x29C2, 0x84CB, 0x5B67, 0x18E0, 0x18C2, 0x10A2, 0x2121, 0x4AC4, 0xAE71,
  0x4A83, 0x2982, 0x2162, 0x1921, 0x18E2, 0x18E3, 0x18C2, 0x10A2, 0x10C2, 0x1062, 0x10A2, 0x10A2,
  0x1083, 0x1083, 0x1082, 0x1082, 0x18C2, 0x1902, 0x2982, 0x3202, 0x4AE3, 0x63E5, 0xB64F, 0x954B,
  0x6C46, 0x6406, 0x5B45, 0x4AA4, 0x29A1, 0x2162, 0x2142, 0x18E2, 0x18C2, 0x10A2, 0x1082, 0x10A2,
  0x18C2, 0x10C1, 0x10C1, 0x2962, 0x3A02, 0xB651, 0x6BE8, 0x2141, 0x18C2, 0x1082, 0x1082, 0x1082,
  0x1082, 0x1082, 0x1082, 0x1082, 0x10A3, 0x0861, 0x2122, 0x1100, 0x7C4A, 0x848B, 0x2961, 0x29A2,
  0x5345, 0xB650, 0x4283, 0x2141, 0x1081, 0x2104, 0x2982, 0x3241, 0xB650, 0xAE10, 0x3A43, 0x1921,
  0x18C2, 0x0862, 0x10A2, 0x10A1, 0x1082, 0x18C2, 0x2141, 0x6BC8, 0xB671, 0x3A23, 0x2102, 0x08A1,
  0x1082, 0x1082, 0x1082, 0x1082, 0x1082, 0x1082, 0x1082, 0x1082, 0x1082, 0x1082, 0x1082, 0x1082,
  0x1082, 0x1082, 0x1082, 0x1082, 0x1082, 0x1082, 0x10A2, 0x20E2, 0x2963, 0x31A4, 0x3162, 0x950D,
  0x9DAF, 0x31A2, 0x4205, 0x39E3, 0x4224, 0x39E4, 0xA5D0, 0x950E, 0x4224, 0x4A45, 0x4A25, 0x4205,
  0x39A4, 0x39A4, 0x39A4, 0x39C4, 0x39C4, 0x39C4, 0x39A4, 0x3164, 0x3184, 0x2923, 0x2102, 0x18E2,
  0x10A2, 0x10A2, 0x10A2, 0x1082, 0x1082, 0x1082, 0x1082, 0x1082, 0x1082, 0x1082, 0x1082, 0x1082,
  0x1082, 0x1082, 0x1082, 0x1082, 0x1082, 0x1082, 0x1082, 0x1082, 0x1082, 0x1082, 0x1082, 0x1082,
  0x0000, 0x0000, 0x0000, 0x0000, 0x0000, 0x0000, 0x0000, 0x0000, 0x0000, 0x0000, 0x0000, 0x0000,
  0x0000, 0x0000, 0x0000, 0x0000, 0x0000, 0x0000, 0x0000, 0x0000, 0x0000, 0x0000, 0x0000, 0x0000,
  0x0000, 0x0000, 0x0000, 0x0000, 0x0020, 0x0860, 0x10A0, 0x18E2, 0x18C1, 0x10C0, 0x1920, 0x1900,
  0x18E1, 0x18E0, 0x18E0, 0x10E0, 0x10E0, 0x1900, 0x2941, 0x2141, 0x2120, 0x4AA6, 0xA5D0, 0x39E3,
  0x2961, 0x2962, 0x3182, 0x2101, 0x742A, 0x9D8F, 0x1920, 0x2122, 0x10A1, 0x0860, 0x0020, 0x0000,
  0x0000, 0x0000, 0x0000, 0x0000, 0x0000, 0x0000, 0x0000, 0x0000, 0x0000, 0x0020, 0x0040, 0x0040,
  0x0880, 0x08C0, 0x1920, 0x42A3, 0x952C, 0x4284, 0x10A0, 0x0820, 0x0020, 0x10A0, 0x3A22, 0x9DCF,
  0x3A21, 0x2140, 0x2141, 0x2161, 0x1080, 0x0020, 0x0020, 0x0000, 0x0020, 0x0000, 0x0020, 0x0020,
  0x0000, 0x0000, 0x0020, 0x0880, 0x18E0, 0x1960, 0x42E4, 0x84C9, 0xA5CC, 0xA5EC, 0xAE0E, 0xA5CD,
  0x9DAC, 0x9DCC, 0xA5CC, 0xA5AC, 0x952B, 0x63C7, 0x29C1, 0x1100, 0x08A0, 0x0860, 0x0020, 0x0000,
  0x0820, 0x0000, 0x0040, 0x18A0, 0x18E0, 0x9DAE, 0x6366, 0x10C0, 0x0840, 0x0000, 0x0000, 0x0000,
  0x0000, 0x0000, 0x0000, 0x0000, 0x0020, 0x0020, 0x08C0, 0x3202, 0x952E, 0x3202, 0x1900, 0x1100,
  0x7C8A, 0x84CB, 0x1900, 0x0880, 0x0020, 0x0000, 0x0860, 0x1900, 0x42A3, 0xB650, 0x5B66, 0x1120,
  0x0860, 0x0000, 0x0020, 0x0020, 0x0000, 0x0860, 0x10E0, 0x7C6A, 0x852C, 0x1920, 0x1060, 0x0020,
  0x0000, 0x0000, 0x0000, 0x0000, 0x0000, 0x0000, 0x0000, 0x0000, 0x0000, 0x0000, 0x0000, 0x0000,
  0x0000, 0x0000, 0x0000, 0x0000, 0x0000, 0x0000, 0x0000, 0x0860, 0x18C1, 0x2102, 0x20E0, 0x744A,
  0x954E, 0x2120, 0x3162, 0x2941, 0x3162, 0x2101, 0x84AC, 0x8CAC, 0x2941, 0x2961, 0x2941, 0x20E0,
  0x2100, 0x10E0, 0x18E0, 0x18E0, 0x1900, 0x18E0, 0x18E0, 0x18E1, 0x10A0, 0x20E2, 0x1881, 0x0860,
  0x0040, 0x0020, 0x0000, 0x0000, 0x0000, 0x0000, 0x0000, 0x0000, 0x0000, 0x0000, 0x0000, 0x0000,
  0x0000, 0x0000, 0x0000, 0x0000, 0x0000, 0x0000, 0x0000, 0x0000, 0x0000, 0x0000, 0x0000, 0x0000,
  0x0841, 0x0841, 0x0841, 0x0841, 0x0841, 0x0841, 0x0841, 0x0841, 0x0841, 0x0841, 0x0841, 0x0841,
  0x0841, 0x0841, 0x0841, 0x0841, 0x0841, 0x0841, 0x0841, 0x0841, 0x0841, 0x0841, 0x0841, 0x0841,
  0x0841, 0x0841, 0x0841, 0x0841, 0x0861, 0x18C1, 0x2102, 0x2121, 0x5B68, 0x952D, 0x8D0C, 0x952D,
  0x8CED, 0x8D0D, 0x8D0D, 0x8CED, 0x8CED, 0x952D, 0x952D, 0x952D, 0x8D0D, 0xAE31, 0xA60F, 0x39E3,
  0x3182, 0x31A2, 0x39C3, 0x2941, 0x848C, 0xA5D0, 0x2141, 0x2963, 0x2102, 0x10C1, 0x0861, 0x0840,
  0x0841, 0x0841, 0x0841, 0x0841, 0x0841, 0x0841, 0x0841, 0x0841, 0x0841, 0x1081, 0x10C1, 0x1100,
  0x21A1, 0x5325, 0x954D, 0xA5CE, 0xAE2E, 0x4AC5, 0x10C1, 0x1082, 0x0862, 0x18E1, 0x4263, 0xA610,
  0x4261, 0x3A43, 0xC674, 0xADD2, 0x2962, 0x10A1, 0x0861, 0x0861, 0x0841, 0x0861, 0x0861, 0x0861,
  0x0841, 0x0861, 0x10E1, 0x2160, 0x4AC4, 0x9D8E, 0xBED1, 0xA62B, 0x9DA8, 0x9E09, 0xAE6C, 0xAE4D,
  0xAE4C, 0xA62C, 0xA62B, 0x9DEA, 0xA60B, 0xB68F, 0xB670, 0x7449, 0x29E1, 0x1100, 0x10C1, 0x0040,
  0x0841, 0x0862, 0x0861, 0x20E1, 0x2160, 0xA60F, 0x6BA7, 0x1900, 0x1081, 0x0841, 0x0841, 0x0841,
  0x0841, 0x0841, 0x0841, 0x0841, 0x0861, 0x10E1, 0x1940, 0x84CC, 0x63C8, 0x1940, 0x2960, 0x4283,
  0xB650, 0x5346, 0x18C1, 0x0881, 0x0861, 0x0841, 0x1060, 0x18C1, 0x1940, 0x7C8A, 0xAE0F, 0x29C1,
  0x18E1, 0x0862, 0x0841, 0x0860, 0x0861, 0x10C1, 0x2161, 0xA5CF, 0x7CAA, 0x1920, 0x1081, 0x0861,
  0x0841, 0x0841, 0x0841, 0x0841, 0x0841, 0x0841, 0x0841, 0x0841, 0x0841, 0x0841, 0x0841, 0x0841,
  0x0841, 0x0841, 0x0841, 0x0841, 0x0841, 0x0841, 0x0841, 0x10A1, 0x18E1, 0x2943, 0x2942, 0x742A,
  0xA5F0, 0x3181, 0x3183, 0x39C3, 0x39A3, 0x2962, 0x8CED, 0xBEB2, 0x8D0D, 0x8D2D, 0x8D0D, 0x8D0D,
  0x8D0D, 0x8D0D, 0x8D0D, 0x8D0D, 0x8D0D, 0x952E, 0x8D2D, 0x950D, 0x848D, 0x39E3, 0x2101, 0x18E1,
  0x0881, 0x0860, 0x0841, 0x0841, 0x0841, 0x0841, 0x0841, 0x0841, 0x0841, 0x0841, 0x0841, 0x0841,
  0x0841, 0x0841, 0x0841, 0x0841, 0x0841, 0x0841, 0x0841, 0x0841, 0x0841, 0x0841, 0x0841, 0x0841,
  0x0861, 0x0861, 0x0861, 0x0861, 0x0861, 0x0861, 0x0861, 0x0861, 0x0861, 0x0861, 0x0861, 0x0861,
  0x0861, 0x0861, 0x0861, 0x0861, 0x0861, 0x0861, 0x0861, 0x0861, 0x0861, 0x0861, 0x0861, 0x0861,
  0x0861, 0x0861, 0x1061, 0x1081, 0x18C2, 0x2102, 0x2963, 0x29A2, 0xB652, 0xBEB2, 0xA54F, 0xA54F,
  0x9D6F, 0x9D6E, 0x9D4E, 0x9D4F, 0x9D4F, 0x954E, 0x9D4E, 0x9D6F, 0x950E, 0x9D4F, 0x6BC9, 0x31C3,
  0x3183, 0x39A4, 0x39E4, 0x2962, 0x8CED, 0x9D6F, 0x2962, 0x3183, 0x2943, 0x18C2, 0x1082, 0x0861,
  0x0861, 0x1082, 0x0861, 0x1082, 0x1062, 0x0861, 0x1082, 0x0881, 0x18C2, 0x1921, 0x29C1, 0x5B86,
  0x954D, 0x9D4D, 0x7429, 0x4AC3, 0x84EA, 0x5326, 0x1901, 0x10A2, 0x0861, 0x1901, 0x3A63, 0xAE2F,
  0x4B03, 0x3A62, 0xC653, 0xADB2, 0x2962, 0x1081, 0x1082, 0x1082, 0x0861, 0x1082, 0x1081, 0x0861,
  0x10A2, 0x18E2, 0x29A1, 0x6C08, 0xB64F, 0xB6AE, 0x9E0A, 0x95CC, 0x952F, 0x8CD0, 0x7C4E, 0x740D,
  0x740D, 0x742D, 0x848D, 0x950E, 0x9D6E, 0x9DAC, 0xB68C, 0xBEEF, 0xA5CE, 0x4285, 0x2943, 0x18E0,
  0x1061, 0x1081, 0x0881, 0x1902, 0x2180, 0xAE30, 0x6BE8, 0x1920, 0x10A2, 0x1062, 0x1061, 0x1082,
  0x0861, 0x1082, 0x0841, 0x0881, 0x20E2, 0x2101, 0x5B67, 0x8D0D, 0x2161, 0x2981, 0x2181, 0x7CAB,
  0xA5F0, 0x29C2, 0x18E1, 0x0861, 0x1082, 0x1082, 0x1061, 0x1082, 0x2141, 0x4AC4, 0xBED2, 0x5346,
  0x1900, 0x18C2, 0x0862, 0x1062, 0x1081, 0x1901, 0x3A63, 0xB691, 0x5B67, 0x2121, 0x1081, 0x0862,
  0x1082, 0x0861, 0x0861, 0x0861, 0x0861, 0x0861, 0x0861, 0x0861, 0x0861, 0x0861, 0x0861, 0x0861,
  0x0861, 0x0861, 0x0861, 0x0861, 0x0862, 0x0862, 0x1082, 0x18C2, 0x2102, 0x3163, 0x3163, 0x6BEA,
  0xAE52, 0x31A2, 0x39C4, 0x31A3, 0x31A4, 0x2983, 0x6349, 0x952E, 0x954E, 0x954E, 0x956E, 0x956E,
  0x954E, 0x952F, 0x9D4E, 0x9D6E, 0x9D6E, 0xA58F, 0xA54F, 0x9D8F, 0xD756, 0x4AA5, 0x2942, 0x2122,
  0x18E2, 0x1081, 0x0861, 0x0881, 0x0881, 0x0861, 0x0861, 0x0861, 0x0861, 0x0861, 0x0861, 0x0861,
  0x0861, 0x0861, 0x0861, 0x0861, 0x0861, 0x0861, 0x0861, 0x0861, 0x0861, 0x0861, 0x0861, 0x0861,
  0x0000, 0x0000, 0x0000, 0x0000, 0x0000, 0x0000, 0x0000, 0x0000, 0x0000, 0x0000, 0x0000, 0x0000,
  0x0000, 0x0000, 0x0000, 0x0000, 0x0000, 0x0000, 0x0000, 0x0000, 0x0000, 0x0000, 0x0000, 0x0000,
  0x0000, 0x0000, 0x0000, 0x0000, 0x0840, 0x10A0, 0x2101, 0x2120, 0xA5AF, 0x5BA7, 0x2120, 0x3181,
  0x2160, 0x1920, 0x18E0, 0x18E1, 0x18E1, 0x1900, 0x1900, 0x18E0, 0x1900, 0x18E0, 0x18E1, 0x18C1,
  0x20E1, 0x2101, 0x2121, 0x18E0, 0x84AB, 0x84AC, 0x18E1, 0x2101, 0x10A0, 0x0020, 0x0000, 0x0000,
  0x0000, 0x0000, 0x0000, 0x0000, 0x0000, 0x0020, 0x0020, 0x0860, 0x08A0, 0x21A0, 0x84AB, 0xBE91,
  0x6C08, 0x2180, 0x1920, 0x2180, 0x7449, 0x3A63, 0x0060, 0x0000, 0x0000, 0x0880, 0x21A0, 0x9D8D,
  0x4AE3, 0x2160, 0x2141, 0x10C0, 0x0860, 0x0020, 0x0000, 0x0000, 0x0000, 0x0000, 0x0000, 0x0020,
  0x0840, 0x1920, 0x5B86, 0xB66F, 0x9589, 0x8D88, 0x84CC, 0x636B, 0x42A6, 0x2A04, 0x21A2, 0x19A2,
  0x21A2, 0x1982, 0x21C3, 0x29C4, 0x4AA7, 0x6BEA, 0x8CED, 0x8DA8, 0x9DCC, 0xA5CE, 0x2A20, 0x1080,
  0x0840, 0x0000, 0x0000, 0x0880, 0x0900, 0x9DAE, 0x5B66, 0x08A0, 0x0840, 0x0000, 0x0000, 0x0000,
  0x0000, 0x0000, 0x0000, 0x0860, 0x0880, 0x3A44, 0x950E, 0x21C1, 0x18E0, 0x18E0, 0x29C1, 0x9DCF,
  0x3AA3, 0x08C0, 0x0840, 0x0000, 0x0000, 0x0000, 0x0000, 0x0000, 0x0880, 0x1960, 0x954C, 0x744A,
  0x10C0, 0x0840, 0x0000, 0x0000, 0x0840, 0x10C0, 0x4AE4, 0xA5CF, 0x31E1, 0x10A0, 0x0000, 0x0000,
  0x0000, 0x0000, 0x0000, 0x0000, 0x0000, 0x0000, 0x0000, 0x0000, 0x0000, 0x0000, 0x0000, 0x0000,
  0x0000, 0x0000, 0x0000, 0x0000, 0x0000, 0x0000, 0x0000, 0x0840, 0x1080, 0x18E1, 0x20E1, 0x5B47,
  0x9DD0, 0x2120, 0x2121, 0x2101, 0x2102, 0x10C0, 0x10C0, 0x18E0, 0x18E0, 0x1900, 0x1900, 0x1900,
  0x1900, 0x18E1, 0x1900, 0x2100, 0x2140, 0x2941, 0x2940, 0x3221, 0xA5D0, 0x3A44, 0x20E1, 0x18C0,
  0x1080, 0x0000, 0x0000, 0x0000, 0x0000, 0x0000, 0x0000, 0x0000, 0x0000, 0x0000, 0x0000, 0x0000,
  0x0000, 0x0000, 0x0000, 0x0000, 0x0000, 0x0000, 0x0000, 0x0000, 0x0000, 0x0000, 0x0000, 0x0000,
  0x1082, 0x1082, 0x1082, 0x1082, 0x1082, 0x1082, 0x1082, 0x1082, 0x1082, 0x1082, 0x1082, 0x1082,
  0x1082, 0x1082, 0x1082, 0x1082, 0x1082, 0x1082, 0x1082, 0x1082, 0x1082, 0x1082, 0x1082, 0x1082,
  0x1082, 0x1082, 0x1082, 0x10A2, 0x18E2, 0x2943, 0x31A4, 0x39A3, 0xBE72, 0x7C6A, 0x41E3, 0x5266,
  0x3A03, 0x39C4, 0x31A4, 0x3184, 0x3184, 0x31A4, 0x3183, 0x3164, 0x39A4, 0x2943, 0x2923, 0x2122,
  0x2943, 0x3184, 0x31A3, 0x39E4, 0xA5D0, 0x8CEC, 0x2983, 0x3183, 0x2942, 0x18C2, 0x1082, 0x1082,
  0x1082, 0x1082, 0x1082, 0x1082, 0x10A3, 0x1081, 0x18E1, 0x2142, 0x5325, 0xB630, 0x954C, 0x8D0B,
  0x84CB, 0x29A1, 0x31C3, 0x29C1, 0x84CB, 0x5B47, 0x18E1, 0x10A2, 0x10A2, 0x18E2, 0x31E2, 0xA5EF,
  0x6C08, 0x2181, 0x1902, 0x18A2, 0x10A2, 0x1082, 0x1082, 0x1082, 0x1082, 0x1082, 0x1082, 0x2103,
  0x2161, 0x63C7, 0xC6D1, 0xA60A, 0xA60C, 0x94F0, 0x52E9, 0x3A85, 0x2A24, 0x2263, 0x2243, 0x2263,
  0x2263, 0x2242, 0x2222, 0x2244, 0x2A25, 0x3A67, 0x636B, 0x9D50, 0x9E0A, 0xBEEE, 0xAE2F, 0x3A62,
  0x2122, 0x10A2, 0x1082, 0x2123, 0x21A1, 0xAE50, 0x7409, 0x1921, 0x18C2, 0x1082, 0x1082, 0x1082,
  0x1082, 0x1082, 0x2123, 0x10C0, 0x3A44, 0x9D8F, 0x5B47, 0x1920, 0x3183, 0x29A1, 0x9D8D, 0x952D,
  0x29A1, 0x1922, 0x1081, 0x1082, 0x1082, 0x1082, 0x1082, 0x1082, 0x18E2, 0x2160, 0x84CB, 0xB651,
  0x3A03, 0x18C1, 0x1082, 0x10A2, 0x18E2, 0x2181, 0x8CEC, 0x9DAF, 0x29A1, 0x1901, 0x1082, 0x0882,
  0x1082, 0x1082, 0x1082, 0x1082, 0x1082, 0x1082, 0x1082, 0x1082, 0x1082, 0x1082, 0x1082, 0x1082,
  0x1082, 0x1082, 0x1082, 0x0882, 0x0882, 0x1082, 0x1082, 0x18C2, 0x2122, 0x2963, 0x3163, 0x6388,
  0xB673, 0x4A65, 0x39C4, 0x2963, 0x2122, 0x2943, 0x2163, 0x2963, 0x3183, 0x3184, 0x31A4, 0x31A4,
  0x31A4, 0x3184, 0x3184, 0x39A4, 0x41E4, 0x4A25, 0x4244, 0x5306, 0xC6D4, 0x5B27, 0x3163, 0x2963,
  0x2102, 0x10A2, 0x1082, 0x1082, 0x1082, 0x1082, 0x1082, 0x1082, 0x1082, 0x1082, 0x1082, 0x1082,
  0x1082, 0x1082, 0x1082, 0x1082, 0x1082, 0x1082, 0x1082, 0x1082, 0x1082, 0x1082, 0x1082, 0x1082,
  0x0020, 0x0020, 0x0020, 0x0020, 0x0020, 0x0020, 0x0020, 0x0020, 0x0020, 0x0020, 0x0020, 0x0020,
  0x0020, 0x0020, 0x0020, 0x0020, 0x0020, 0x0020, 0x0020, 0x0020, 0x0020, 0x0020, 0x0020, 0x0020,
  0x0020, 0x0020, 0x0821, 0x0841, 0x1081, 0x2101, 0x2942, 0x3182, 0xADD0, 0x7429, 0x3182, 0x3983,
  0x2982, 0x2141, 0x1901, 0x18E1, 0x18E1, 0x1901, 0x18E1, 0x18E1, 0x18A1, 0x18E1, 0x18C1, 0x1080,
  0x18E2, 0x2102, 0x2142, 0x31A2, 0x9D8F, 0x6BE9, 0x2101, 0x2122, 0x18E1, 0x1081, 0x0841, 0x0020,
  0x0020, 0x0841, 0x0020, 0x0821, 0x0000, 0x10C1, 0x10C0, 0x42A4, 0xADEF, 0x6BE8, 0x29C0, 0x5B65,
  0x7C8A, 0x29C0, 0x2161, 0x2180, 0x7449, 0x4AC5, 0x10A0, 0x0861, 0x0020, 0x0880, 0x1940, 0x952D,
  0x84CB, 0x10E0, 0x10C1, 0x0841, 0x0020, 0x0021, 0x0020, 0x0020, 0x0020, 0x0841, 0x0861, 0x10C0,
  0x42A3, 0xB66F, 0x9DCB, 0x9D8D, 0x7C8D, 0x3A85, 0x2A25, 0x11E2, 0x1240, 0x0A40, 0x0A40, 0x0A40,
  0x0A40, 0x0A60, 0x0A40, 0x0A20, 0x1201, 0x11C2, 0x2203, 0x426A, 0x950F, 0x95C9, 0xB651, 0x8CEC,
  0x21C0, 0x10C1, 0x0860, 0x10C1, 0x1940, 0xA5EF, 0x6BC7, 0x10E0, 0x0861, 0x0820, 0x0840, 0x0841,
  0x0020, 0x10A1, 0x0880, 0x3203, 0x954E, 0x4AE5, 0x10E0, 0x2120, 0x1900, 0x63A8, 0xAE30, 0x3A23,
  0x1901, 0x0861, 0x0841, 0x0841, 0x0020, 0x0020, 0x0020, 0x0020, 0x1061, 0x10E0, 0x5B66, 0xB651,
  0x3A22, 0x10A0, 0x0840, 0x0840, 0x10A0, 0x29C1, 0xA5AE, 0x6BE8, 0x1900, 0x1061, 0x0820, 0x0020,
  0x0020, 0x0020, 0x0020, 0x0020, 0x0020, 0x0020, 0x0020, 0x0020, 0x0020, 0x0020, 0x0020, 0x0020,
  0x0020, 0x0020, 0x0020, 0x0020, 0x0020, 0x0021, 0x0020, 0x0861, 0x18C1, 0x2122, 0x2921, 0x4AC5,
  0xA611, 0x4244, 0x2922, 0x2942, 0x18E2, 0x10A1, 0x1081, 0x10A0, 0x18C0, 0x18E1, 0x18E1, 0x18E1,
  0x20E1, 0x2101, 0x2101, 0x2921, 0x3162, 0x39A3, 0x31A2, 0x42A4, 0xB652, 0x4285, 0x2942, 0x2102,
  0x18C1, 0x0861, 0x0020, 0x0020, 0x0020, 0x0020, 0x0020, 0x0020, 0x0020, 0x0020, 0x0020, 0x0020,
  0x0020, 0x0020, 0x0020, 0x0020, 0x0020, 0x0020, 0x0020, 0x0020, 0x0020, 0x0020, 0x0020, 0x0020,
  0x0020, 0x0020, 0x0020, 0x0020, 0x0020, 0x0020, 0x0020, 0x0020, 0x0020, 0x0020, 0x0020, 0x0020,
  0x0020, 0x0020, 0x0020, 0x0020, 0x0020, 0x0020, 0x0020, 0x0020, 0x0020, 0x0020, 0x0020, 0x0020,
  0x0020, 0x0020, 0x0000, 0x0820, 0x1081, 0x18E1, 0x2922, 0x2961, 0xA5D1, 0x6409, 0x2941, 0x3163,
  0x1941, 0x18E1, 0x1081, 0x0881, 0x1081, 0x10A1, 0x1080, 0x1081, 0x0861, 0x0840, 0x0861, 0x0860,
  0x10A1, 0x18E2, 0x2121, 0x2961, 0xA5AF, 0x63C8, 0x2122, 0x2101, 0x18C1, 0x1081, 0x0020, 0x0020,
  0x0020, 0x0020, 0x0020, 0x0020, 0x0881, 0x08A0, 0x3A64, 0xA5CE, 0x5B26, 0x1120, 0x1960, 0x3A62,
  0x8D2B, 0x2A00, 0x31E1, 0x5325, 0x9D6D, 0x42C4, 0x10A0, 0x0861, 0x0020, 0x0881, 0x10E0, 0x7429,
  0x9D8D, 0x1960, 0x10A1, 0x0020, 0x0020, 0x0020, 0x0020, 0x0020, 0x0020, 0x0021, 0x1080, 0x21A1,
  0x8D2B, 0xAE4D, 0x956A, 0x84CD, 0x3287, 0x1A41, 0x0A20, 0x0A20, 0x0A81, 0x0AA0, 0x0AC0, 0x12C0,
  0x12C0, 0x0AC0, 0x0AA1, 0x0A61, 0x1261, 0x1200, 0x11E0, 0x2A03, 0x4AA8, 0x8D2D, 0x95A9, 0xB6AF,
  0x5345, 0x1920, 0x0880, 0x10A1, 0x1120, 0xA5CE, 0x6BC7, 0x10E0, 0x0840, 0x0000, 0x0820, 0x0040,
  0x10A1, 0x0880, 0x3A24, 0x8CEC, 0x5305, 0x10E0, 0x1901, 0x18E0, 0x42C4, 0xA60F, 0x4AE4, 0x18E0,
  0x1081, 0x0020, 0x0041, 0x0020, 0x0020, 0x0020, 0x0020, 0x0020, 0x0821, 0x10A0, 0x3AA3, 0xB671,
  0x4AA4, 0x10A0, 0x0840, 0x0860, 0x10C0, 0x4AE4, 0xB670, 0x3A63, 0x10C0, 0x0840, 0x0020, 0x0020,
  0x0020, 0x0020, 0x0020, 0x0020, 0x0020, 0x0020, 0x0020, 0x0020, 0x0020, 0x0020, 0x0020, 0x0020,
  0x0020, 0x0020, 0x0020, 0x0020, 0x0020, 0x0020, 0x0020, 0x0860, 0x10C1, 0x2101, 0x2922, 0x42A5,
  0xA611, 0x4244, 0x2121, 0x2102, 0x18A1, 0x0840, 0x0860, 0x0860, 0x0860, 0x0881, 0x0881, 0x0881,
  0x0881, 0x1081, 0x1080, 0x18A1, 0x2102, 0x2943, 0x2961, 0x3A43, 0xB652, 0x4285, 0x2942, 0x2102,
  0x18C1, 0x0840, 0x0020, 0x0020, 0x0020, 0x0020, 0x0020, 0x0020, 0x0020, 0x0020, 0x0020, 0x0020,
  0x0020, 0x0020, 0x0020, 0x0020, 0x0020, 0x0020, 0x0020, 0x0020, 0x0020, 0x0020, 0x0020, 0x0020,
  0x1082, 0x1082, 0x1082, 0x1082, 0x1082, 0x1082, 0x1082, 0x1082, 0x1082, 0x1082, 0x1082, 0x1082,
  0x1082, 0x1082, 0x1082, 0x1082, 0x1082, 0x1082, 0x1082, 0x1082, 0x1082, 0x1082, 0x1082, 0x1082,
  0x1082, 0x1082, 0x1082, 0x10A2, 0x18E2, 0x2963, 0x31A3, 0x31C3, 0xB652, 0x744B, 0x3183, 0x39A4,
  0x2123, 0x18E2, 0x10A2, 0x1082, 0x10A2, 0x10A2, 0x1082, 0x10A2, 0x10A2, 0x1082, 0x1082, 0x18C2,
  0x18E2, 0x2943, 0x3183, 0x39E4, 0xB631, 0x744A, 0x3183, 0x31A4, 0x2122, 0x18E2, 0x10A2, 0x1082,
  0x1082, 0x1082, 0x1082, 0x1082, 0x2142, 0x3222, 0xADF0, 0x7C8A, 0x2181, 0x2162, 0x2141, 0x4283,
  0x954D, 0x7C89, 0xA5AE, 0x952C, 0xA5EE, 0x5B66, 0x1901, 0x10C2, 0x1082, 0x10A2, 0x1941, 0x5B66,
  0xC6F2, 0x4284, 0x2121, 0x18C2, 0x10A1, 0x1082, 0x10A2, 0x10A2, 0x1082, 0x18C2, 0x2141, 0x6367,
  0xC6F0, 0x9589, 0xA5F1, 0x5388, 0x2AE4, 0x22A3, 0x1B01, 0x1341, 0x1B43, 0x1B82, 0x1BA2, 0x1BC2,
  0x1BC2, 0x1BA2, 0x1B82, 0x1B62, 0x1B22, 0x1AE2, 0x1AA2, 0x2283, 0x32A4, 0x63CC, 0xAE2F, 0xB6CC,
  0xADCF, 0x2A01, 0x2142, 0x2122, 0x2181, 0xB670, 0x7449, 0x1940, 0x18C2, 0x1082, 0x10A2, 0x18C2,
  0x1920, 0x5B67, 0x9D6F, 0x4AC5, 0x1941, 0x2982, 0x29A2, 0x4AE5, 0xB671, 0x7469, 0x21A1, 0x1901,
  0x10A2, 0x1082, 0x1082, 0x1082, 0x1082, 0x1082, 0x1082, 0x1082, 0x10A2, 0x2121, 0x4AC4, 0xC6D3,
  0x63A7, 0x2141, 0x18C2, 0x2122, 0x29A1, 0x954D, 0xAE30, 0x31E2, 0x2122, 0x1082, 0x1081, 0x10A1,
  0x1082, 0x1082, 0x1082, 0x1082, 0x1082, 0x1082, 0x1082, 0x1082, 0x1082, 0x1082, 0x1082, 0x1082,
  0x1082, 0x1082, 0x1082, 0x1082, 0x1082, 0x1082, 0x1082, 0x18C2, 0x2122, 0x2963, 0x39A4, 0x5B27,
  0xBEB3, 0x52C6, 0x3183, 0x2943, 0x2103, 0x18A2, 0x1081, 0x1082, 0x1082, 0x10A2, 0x10A2, 0x10A2,
  0x10A2, 0x10A2, 0x1082, 0x18C2, 0x2143, 0x3184, 0x31A3, 0x4AA5, 0xC6B4, 0x5307, 0x3183, 0x2983,
  0x2123, 0x18C2, 0x1082, 0x1082, 0x1082, 0x1082, 0x1082, 0x1082, 0x1082, 0x1082, 0x1082, 0x1082,
  0x1082, 0x1082, 0x1082, 0x1082, 0x1082, 0x1082, 0x1082, 0x1082, 0x1082, 0x1082, 0x1082, 0x1082,
  0x0000, 0x0000, 0x0000, 0x0000, 0x0000, 0x0000, 0x0000, 0x0000, 0x0000, 0x0000, 0x0000, 0x0000,
  0x0000, 0x0000, 0x0000, 0x0000, 0x0000, 0x0000, 0x0000, 0x0000, 0x0000, 0x0000, 0x0000, 0x0000,
  0x0000, 0x0000, 0x0000, 0x0000, 0x0860, 0x18C1, 0x2121, 0x2121, 0xA5CF, 0x63A8, 0x18A1, 0x2100,
  0x0881, 0x0860, 0x0000, 0x0000, 0x0000, 0x0000, 0x0000, 0x0000, 0x0000, 0x0000, 0x0000, 0x0020,
  0x0040, 0x10A1, 0x2101, 0x2962, 0x9D6E, 0x63A8, 0x18E1, 0x2101, 0x10A0, 0x0840, 0x0000, 0x0000,
  0x0000, 0x0000, 0x0000, 0x0861, 0x0060, 0x5B86, 0x8CCB, 0x1120, 0x10E0, 0x0860, 0x1900, 0x2180,
  0x8D2C, 0x9DAE, 0x42A3, 0x21A0, 0x7C68, 0x4283, 0x08A0, 0x0020, 0x0000, 0x0000, 0x0880, 0x21C0,
  0x9DAE, 0x6387, 0x18E0, 0x0040, 0x0040, 0x0000, 0x0000, 0x0000, 0x0000, 0x0840, 0x1920, 0x7C6A,
  0xA5EA, 0x958A, 0x6C0C, 0x2263, 0x1260, 0x0A40, 0x0280, 0x0B00, 0x0B40, 0x0B60, 0x0B80, 0x0BA0,
  0x0BA0, 0x0B80, 0x0360, 0x0320, 0x02E0, 0x0AA0, 0x0260, 0x0A00, 0x11E0, 0x2A46, 0x7C8D, 0x9DAA,
  0xAE4E, 0x5345, 0x10A0, 0x18C1, 0x1920, 0x9D8D, 0x63A7, 0x08A0, 0x0040, 0x0000, 0x0020, 0x10C1,
  0x5307, 0x7C6B, 0x29E2, 0x08A0, 0x10C1, 0x1120, 0x29E1, 0xA5CF, 0x7449, 0x1120, 0x10C0, 0x0020,
  0x0000, 0x0000, 0x0000, 0x0000, 0x0000, 0x0000, 0x0000, 0x0000, 0x0000, 0x1080, 0x3202, 0xA610,
  0x5325, 0x08A0, 0x0860, 0x10A0, 0x3201, 0xAE2F, 0x5BA6, 0x10C0, 0x0860, 0x0000, 0x0000, 0x0000,
  0x0000, 0x0000, 0x0000, 0x0000, 0x0000, 0x0000, 0x0000, 0x0000, 0x0000, 0x0000, 0x0000, 0x0000,
  0x0000, 0x0000, 0x0000, 0x0000, 0x0000, 0x0000, 0x0000, 0x0840, 0x10A1, 0x1901, 0x20C1, 0x4264,
  0xA5D0, 0x3A24, 0x2101, 0x18C1, 0x1080, 0x0020, 0x0000, 0x0000, 0x0000, 0x0000, 0x0000, 0x0000,
  0x0000, 0x0000, 0x0000, 0x0020, 0x10A0, 0x18E1, 0x18E1, 0x3202, 0xB611, 0x4244, 0x18E1, 0x18E1,
  0x1080, 0x0020, 0x0000, 0x0000, 0x0000, 0x0000, 0x0000, 0x0000, 0x0000, 0x0000, 0x0000, 0x0000,
  0x0000, 0x0000, 0x0000, 0x0000, 0x0000, 0x0000, 0x0000, 0x0000, 0x0000, 0x0000, 0x0000, 0x0000,
  0x0861, 0x0861, 0x0861, 0x0861, 0x0861, 0x0861, 0x0861, 0x0861, 0x0861, 0x0861, 0x0861, 0x0861,
  0x0861, 0x0861, 0x0861, 0x0861, 0x0861, 0x0861, 0x0861, 0x0861, 0x0861, 0x0861, 0x0861, 0x0861,
  0x0861, 0x0861, 0x0861, 0x1081, 0x18C2, 0x2122, 0x3183, 0x3183, 0xB651, 0x742A, 0x2942, 0x3182,
  0x1903, 0x10C2, 0x1061, 0x0861, 0x0861, 0x0861, 0x0861, 0x0861, 0x0861, 0x0861, 0x0861, 0x1081,
  0x18C2, 0x2123, 0x2963, 0x39C3, 0xADD0, 0x744A, 0x2963, 0x2963, 0x2102, 0x10A2, 0x0861, 0x0861,
  0x0862, 0x0861, 0x1081, 0x18E0, 0x3A23, 0xAE10, 0x63A7, 0x29C1, 0x2162, 0x18E1, 0x29A2, 0x8D0C,
  0x954C, 0x29E1, 0x2981, 0x29E1, 0x84AA, 0x5306, 0x10C0, 0x10A1, 0x0862, 0x0862, 0x10E1, 0x1940,
  0x7CAA, 0x9D8E, 0x29A1, 0x1921, 0x0881, 0x0862, 0x0861, 0x0861, 0x0861, 0x18E1, 0x3A42, 0xB66F,
  0xA60B, 0xA60F, 0x4B48, 0x22C4, 0x1AE2, 0x1B22, 0x1B82, 0x1BE2, 0x1C22, 0x1C42, 0x1C82, 0x14A2,
  0x14A2, 0x1C82, 0x1441, 0x1421, 0x13C1, 0x1B62, 0x1322, 0x12C1, 0x1A81, 0x2A45, 0x63AB, 0xA5ED,
  0xBECE, 0x954D, 0x2161, 0x2121, 0x2160, 0xAE30, 0x7429, 0x1900, 0x10A1, 0x0861, 0x0861, 0x4265,
  0x73EB, 0x2162, 0x1900, 0x2181, 0x2161, 0x42C4, 0xB670, 0x84CA, 0x2181, 0x18E2, 0x1081, 0x0841,
  0x0842, 0x0862, 0x0861, 0x0861, 0x0861, 0x0861, 0x0861, 0x0861, 0x0882, 0x18E1, 0x4283, 0xB692,
  0x63A7, 0x2141, 0x10A1, 0x18C1, 0x5B46, 0xBEB1, 0x3A82, 0x2961, 0x10A1, 0x0841, 0x1062, 0x0862,
  0x0861, 0x0861, 0x0861, 0x0861, 0x0861, 0x0861, 0x0861, 0x0861, 0x0861, 0x0861, 0x0861, 0x0861,
  0x0861, 0x0861, 0x0861, 0x0861, 0x0861, 0x0861, 0x0861, 0x10A1, 0x2102, 0x2943, 0x3163, 0x5B07,
  0xB652, 0x4A85, 0x3163, 0x2943, 0x20E2, 0x1081, 0x0861, 0x0861, 0x0861, 0x0861, 0x0861, 0x0861,
  0x0861, 0x0861, 0x1061, 0x1082, 0x2102, 0x2942, 0x2963, 0x4264, 0xBE73, 0x4AC6, 0x2963, 0x2943,
  0x2102, 0x1082, 0x0861, 0x0861, 0x0861, 0x0861, 0x0861, 0x0861, 0x0861, 0x0861, 0x0861, 0x0861,
  0x0861, 0x0861, 0x0861, 0x0861, 0x0861, 0x0861, 0x0861, 0x0861, 0x0861, 0x0861, 0x0861, 0x0861,
  0x0861, 0x0861, 0x0861, 0x0861, 0x0861, 0x0861, 0x0861, 0x0861, 0x0861, 0x0861, 0x0861, 0x0861,
  0x0861, 0x0861, 0x0861, 0x0861, 0x0861, 0x0861, 0x0861, 0x0861, 0x0861, 0x0861, 0x0861, 0x0861,
  0x0861, 0x0861, 0x0841, 0x1061, 0x18C1, 0x2122, 0x3183, 0x3183, 0xB631, 0x742A, 0x2942, 0x31C2,
  0x2123, 0x18E2, 0x1081, 0x1081, 0x1081, 0x1081, 0x1081, 0x1081, 0x1081, 0x1061, 0x1061, 0x1081,
  0x18E2, 0x2123, 0x2942, 0x39C4, 0xADD0, 0x742A, 0x2142, 0x2942, 0x2122, 0x10A2, 0x0861, 0x0841,
  0x0861, 0x0861, 0x10C1, 0x1940, 0x6BE8, 0xBE71, 0x952D, 0x3A42, 0x2141, 0x2981, 0x7C4B, 0xA5CF,
  0x29E1, 0x1921, 0x1901, 0x2160, 0x7C6A, 0x5306, 0x10C0, 0x0881, 0x0861, 0x0862, 0x10A1, 0x1900,
  0x4AC4, 0xB651, 0x5345, 0x1941, 0x10A1, 0x0861, 0x0861, 0x0861, 0x1081, 0x1901, 0x5305, 0xB6AE,
  0xA60C, 0x8D0E, 0x32E5, 0x1AC3, 0x1321, 0x1361, 0x13E1, 0x1441, 0x1481, 0x14C1, 0x1501, 0x1521,
  0x1521, 0x14E1, 0x14C1, 0x1481, 0x1421, 0x13C1, 0x1361, 0x1300, 0x12A1, 0x1A43, 0x4AE9, 0x954D,
  0xAE6C, 0xAE0F, 0x3202, 0x2961, 0x2180, 0xB630, 0x7429, 0x1100, 0x10A1, 0x0861, 0x1081, 0x1900,
  0x1901, 0x18E1, 0x2141, 0x1920, 0x5306, 0xBE72, 0x7449, 0x2180, 0x1901, 0x1082, 0x0862, 0x0842,
  0x0842, 0x0861, 0x0861, 0x0861, 0x0861, 0x0861, 0x0861, 0x0861, 0x0861, 0x18E1, 0x4263, 0xB692,
  0x63A7, 0x1921, 0x10A1, 0x18C1, 0x3A23, 0xAE30, 0x6C28, 0x2140, 0x1901, 0x0861, 0x0842, 0x0842,
  0x0861, 0x0861, 0x0861, 0x0861, 0x0861, 0x0861, 0x0861, 0x0861, 0x0861, 0x0861, 0x0861, 0x0861,
  0x0861, 0x0861, 0x0861, 0x0861, 0x0861, 0x0841, 0x0841, 0x10A1, 0x18E2, 0x2143, 0x3163, 0x4AC5,
  0xB673, 0x4A65, 0x2942, 0x2122, 0x18E2, 0x1081, 0x0861, 0x1061, 0x1061, 0x1061, 0x1081, 0x1081,
  0x1081, 0x1081, 0x1082, 0x18C2, 0x2122, 0x2963, 0x3183, 0x4284, 0xBE72, 0x4AC5, 0x2962, 0x2942,
  0x18E2, 0x1081, 0x0861, 0x0861, 0x0861, 0x0861, 0x0861, 0x0861, 0x0861, 0x0861, 0x0861, 0x0861,
  0x0861, 0x0861, 0x0861, 0x0861, 0x0861, 0x0861, 0x0861, 0x0861, 0x0861, 0x0861, 0x0861, 0x0861,
  0x0000, 0x0000, 0x0000, 0x0000, 0x0000, 0x0000, 0x0000, 0x0000, 0x0000, 0x0000, 0x0000, 0x0000,
  0x0000, 0x0000, 0x0000, 0x0000, 0x0000, 0x0000, 0x0000, 0x0000, 0x0000, 0x0000, 0x0000, 0x0000,
  0x0000, 0x0000, 0x0000, 0x0020, 0x1080, 0x18E1, 0x2121, 0x2121, 0xA5CF, 0x63E8, 0x2101, 0x2981,
  0x1922, 0x18E1, 0x10A1, 0x1081, 0x1081, 0x10A0, 0x1080, 0x1080, 0x1060, 0x0860, 0x0860, 0x0840,
  0x1081, 0x18C1, 0x2122, 0x2121, 0x954E, 0x6C09, 0x18E1, 0x18E1, 0x18C1, 0x0840, 0x0020, 0x0000,
  0x0000, 0x0020, 0x0060, 0x1941, 0x950C, 0x4B24, 0x5B86, 0x8CEC, 0x31E0, 0x3A42, 0x8D0C, 0x2A01,
  0x0880, 0x1080, 0x0860, 0x10E0, 0x7409, 0x4AC4, 0x0880, 0x0020, 0x0000, 0x0000, 0x0020, 0x0880,
  0x10E0, 0x746A, 0x956C, 0x21A0, 0x10C0, 0x0020, 0x0020, 0x0000, 0x0020, 0x08C0, 0x6388, 0xA64C,
  0x8D6A, 0x63CB, 0x22A3, 0x0AA0, 0x02E0, 0x0B60, 0x03C0, 0x0C20, 0x0C80, 0x0CE0, 0x0D20, 0x0520,
  0x0520, 0x0500, 0x04E0, 0x0480, 0x0C20, 0x0BC0, 0x0B40, 0x0AE0, 0x0240, 0x0A40, 0x2A65, 0x742B,
  0x95CA, 0xA5EE, 0x3201, 0x1920, 0x1920, 0x9D8E, 0x63A7, 0x08C0, 0x0040, 0x0000, 0x0020, 0x0020,
  0x10A0, 0x08C0, 0x1940, 0x6BC8, 0xA5CF, 0x5326, 0x1100, 0x10A0, 0x0000, 0x0000, 0x0000, 0x0000,
  0x0000, 0x0000, 0x0000, 0x0000, 0x0000, 0x0000, 0x0000, 0x0000, 0x0000, 0x1080, 0x3202, 0xA610,
  0x5325, 0x08A0, 0x0840, 0x0841, 0x10A0, 0x5B86, 0xA5EF, 0x4262, 0x10E0, 0x10A0, 0x0000, 0x0000,
  0x0000, 0x0000, 0x0000, 0x0000, 0x0000, 0x0000, 0x0000, 0x0000, 0x0000, 0x0000, 0x0000, 0x0000,
  0x0000, 0x0000, 0x0000, 0x0000, 0x0000, 0x0000, 0x0000, 0x0840, 0x1080, 0x1902, 0x20C0, 0x52C6,
  0x9DB0, 0x31C2, 0x2121, 0x18E1, 0x10A0, 0x0860, 0x0840, 0x0860, 0x1080, 0x1080, 0x1080, 0x1081,
  0x1081, 0x1080, 0x1081, 0x18C1, 0x2101, 0x2941, 0x2942, 0x3A43, 0xB631, 0x4264, 0x1901, 0x18E1,
  0x10A1, 0x0820, 0x0000, 0x0000, 0x0000, 0x0000, 0x0000, 0x0000, 0x0000, 0x0000, 0x0000, 0x0000,
  0x0000, 0x0000, 0x0000, 0x0000, 0x0000, 0x0000, 0x0000, 0x0000, 0x0000, 0x0000, 0x0000, 0x0000,
  0x1082, 0x1082, 0x1082, 0x1082, 0x1082, 0x1082, 0x1082, 0x1082, 0x1082, 0x1082, 0x1082, 0x1082,
  0x1082, 0x1082, 0x1082, 0x1082, 0x1082, 0x1082, 0x1082, 0x1082, 0x1082, 0x1082, 0x1082, 0x1082,
  0x1082, 0x1082, 0x1082, 0x10A2, 0x18E2, 0x2943, 0x31A3, 0x39C4, 0xBE72, 0x7C6B, 0x41E4, 0x4A25,
  0x39E5, 0x31C4, 0x3183, 0x3163, 0x3183, 0x3183, 0x3163, 0x3163, 0x2943, 0x2963, 0x2122, 0x2123,
  0x2123, 0x2963, 0x39C4, 0x2942, 0xA58F, 0x952E, 0x31A4, 0x3183, 0x2943, 0x18C2, 0x10A2, 0x1082,
  0x1082, 0x18C2, 0x18E1, 0x5306, 0x9D4E, 0x3A42, 0x29C0, 0x7C6A, 0x952B, 0x8D0B, 0x744A, 0x1960,
  0x18E2, 0x18A2, 0x18E1, 0x29A2, 0x84AB, 0x5B66, 0x2181, 0x1902, 0x18C2, 0x18C3, 0x18C2, 0x2102,
  0x2981, 0x4AE4, 0xCF32, 0x8D0B, 0x29C1, 0x1922, 0x10C1, 0x10C3, 0x10A2, 0x2160, 0x8CCC, 0xC710,
  0x95CB, 0x746E, 0x3365, 0x1B82, 0x1BC2, 0x1C23, 0x1CA2, 0x1D22, 0x1D82, 0x25E2, 0x1E22, 0x1E62,
  0x1E42, 0x1E22, 0x1DE2, 0x1D82, 0x1D22, 0x24A2, 0x1C22, 0x1BC3, 0x1B23, 0x1B01, 0x4327, 0x848E,
  0xAE6D, 0xB690, 0x5B46, 0x29A1, 0x29C1, 0xB671, 0x7C6A, 0x1940, 0x18C2, 0x1082, 0x18C1, 0x1902,
  0x2182, 0x42A3, 0xA5AE, 0xBE31, 0x4AA4, 0x2181, 0x2143, 0x1082, 0x10A2, 0x1082, 0x10A2, 0x10A2,
  0x1082, 0x1082, 0x1082, 0x1082, 0x1082, 0x1082, 0x1082, 0x1082, 0x10A2, 0x2121, 0x4AE4, 0xC6F3,
  0x6367, 0x2141, 0x10A2, 0x1062, 0x2122, 0x21A1, 0x8D2D, 0xB651, 0x4AC4, 0x1960, 0x2121, 0x1902,
  0x18E2, 0x18C2, 0x18C2, 0x10A2, 0x1082, 0x1082, 0x1082, 0x1082, 0x1082, 0x1082, 0x1082, 0x1082,
  0x1082, 0x1082, 0x1082, 0x10A2, 0x10A2, 0x1082, 0x1082, 0x18E2, 0x2122, 0x2963, 0x3183, 0x7C4B,
  0xB652, 0x31C3, 0x39C4, 0x2983, 0x2943, 0x2122, 0x2103, 0x2943, 0x2963, 0x2963, 0x2983, 0x2983,
  0x2963, 0x3163, 0x3163, 0x39A3, 0x39E3, 0x4204, 0x4A05, 0x52E6, 0xC6D4, 0x5306, 0x31A3, 0x3183,
  0x2123, 0x18A2, 0x1082, 0x10A2, 0x10A2, 0x1082, 0x1082, 0x1082, 0x1082, 0x1082, 0x1082, 0x1082,
  0x1082, 0x1082, 0x1082, 0x1082, 0x1082, 0x1082, 0x1082, 0x1082, 0x1082, 0x1082, 0x1082, 0x1082,
  0x0020, 0x0020, 0x0020, 0x0020, 0x0020, 0x0020, 0x0020, 0x0020, 0x0020, 0x0020, 0x0020, 0x0020,
  0x0020, 0x0020, 0x0020, 0x0020, 0x0020, 0x0020, 0x0020, 0x0020, 0x0020, 0x0020, 0x0020, 0x0020,
  0x0020, 0x0020, 0x0000, 0x0020, 0x0860, 0x10C1, 0x2121, 0x2161, 0xADD0, 0x6BE8, 0x2961, 0x3983,
  0x3162, 0x2942, 0x2122, 0x2122, 0x2121, 0x2122, 0x2101, 0x2101, 0x20E1, 0x2101, 0x18C1, 0x20C1,
  0x20C1, 0x2101, 0x2962, 0x2101, 0x84AC, 0x84CC, 0x1901, 0x2101, 0x18E1, 0x0860, 0x0020, 0x0000,
  0x0000, 0x1060, 0x10C0, 0x63C8, 0x6BE8, 0x2120, 0x2100, 0x2160, 0x850B, 0xA5AE, 0x29C1, 0x10C0,
  0x0040, 0x0021, 0x0860, 0x1940, 0x7429, 0x4AE5, 0x08C0, 0x08C0, 0x0060, 0x08A0, 0x10C0, 0x08A0,
  0x2160, 0x21C0, 0x5363, 0xB66F, 0x63E7, 0x2140, 0x08A0, 0x0041, 0x0841, 0x18E0, 0x7468, 0xAE4F,
  0x8568, 0x63EB, 0x22E3, 0x0B00, 0x0B60, 0x0BC0, 0x0C60, 0x0CE0, 0x0D40, 0x0DA0, 0x0E00, 0x0E60,
  0x0E40, 0x0E00, 0x0DA0, 0x0D40, 0x0CC0, 0x0C40, 0x0BC0, 0x0B60, 0x0AC1, 0x0AA0, 0x2284, 0x6C2B,
  0x95AA, 0xA5ED, 0x52E4, 0x1920, 0x1940, 0xA5AF, 0x6BE8, 0x08C0, 0x0861, 0x0821, 0x08A0, 0x2180,
  0x5B87, 0x9DAE, 0x7C8B, 0x2180, 0x1900, 0x10A0, 0x0840, 0x0000, 0x0020, 0x0020, 0x0000, 0x0000,
  0x0000, 0x0020, 0x0000, 0x0020, 0x0020, 0x0020, 0x0020, 0x0000, 0x0820, 0x08A0, 0x3AA3, 0xBEB2,
  0x3A43, 0x10A0, 0x0040, 0x0000, 0x0840, 0x10C0, 0x1940, 0x7C8B, 0xA5CF, 0x7428, 0x31E2, 0x1940,
  0x18E0, 0x0880, 0x10A0, 0x0860, 0x0840, 0x0020, 0x0000, 0x0020, 0x0020, 0x0000, 0x0000, 0x0020,
  0x0020, 0x0020, 0x0020, 0x0020, 0x0020, 0x0000, 0x0020, 0x0860, 0x18C1, 0x2101, 0x2101, 0x5B87,
  0x9DD0, 0x2961, 0x2963, 0x2101, 0x2101, 0x18C1, 0x20E1, 0x20E1, 0x2122, 0x2101, 0x2942, 0x2121,
  0x2121, 0x2922, 0x2121, 0x2941, 0x3182, 0x31A2, 0x39A3, 0x3A43, 0xB632, 0x4264, 0x2921, 0x20E1,
  0x1080, 0x0820, 0x0020, 0x0020, 0x0020, 0x0020, 0x0020, 0x0020, 0x0020, 0x0020, 0x0020, 0x0020,
  0x0020, 0x0020, 0x0020, 0x0020, 0x0020, 0x0020, 0x0020, 0x0020, 0x0020, 0x0020, 0x0020, 0x0020,
  0x0841, 0x0841, 0x0841, 0x0841, 0x0841, 0x0841, 0x0841, 0x0841, 0x0841, 0x0841, 0x0841, 0x0841,
  0x0841, 0x0841, 0x0841, 0x0841, 0x0841, 0x0841, 0x0841, 0x0841, 0x0841, 0x0841, 0x0841, 0x0841,
  0x0841, 0x0841, 0x0021, 0x0841, 0x0881, 0x18E1, 0x2942, 0x2181, 0xADF1, 0x84CB, 0x4263, 0x5306,
  0x4AC4, 0x4285, 0x4285, 0x4265, 0x4265, 0x4285, 0x42A5, 0x4285, 0x4265, 0x4225, 0x2983, 0x2102,
  0x2942, 0x2942, 0x3183, 0x2101, 0x8CCC, 0x954E, 0x2101, 0x2142, 0x2101, 0x1081, 0x0861, 0x0021,
  0x0841, 0x10A0, 0x2141, 0x84CC, 0x4AE5, 0x18E0, 0x18E1, 0x2981, 0x7CCB, 0x6BE8, 0x18E0, 0x10A0,
  0x0840, 0x0021, 0x0860, 0x1921, 0x7C6A, 0x84EB, 0x63A7, 0x6BA8, 0x6388, 0x6387, 0x63C7, 0x63C7,
  0x63A6, 0x6C47, 0x7CE8, 0xB690, 0xC713, 0x4AE5, 0x1100, 0x0881, 0x10A2, 0x10C0, 0x7469, 0xAE6F,
  0x95CA, 0x6C2B, 0x2B04, 0x1341, 0x0BA0, 0x1421, 0x0CA0, 0x0D40, 0x0DA1, 0x0E00, 0x0E80, 0x0EE1,
  0x16E1, 0x1680, 0x1601, 0x0DA0, 0x0D20, 0x1481, 0x0C01, 0x13A0, 0x1321, 0x12E1, 0x2AA5, 0x7C6D,
  0x9DCB, 0xAE2F, 0x4AC4, 0x2140, 0x2160, 0xA5EF, 0x7409, 0x1100, 0x1081, 0x10A1, 0x29C2, 0x954D,
  0x9DAF, 0x4B05, 0x1940, 0x18C1, 0x0861, 0x0840, 0x0821, 0x0021, 0x0841, 0x0840, 0x0841, 0x0841,
  0x0840, 0x0841, 0x0841, 0x0841, 0x0841, 0x0841, 0x0841, 0x0841, 0x1061, 0x10E0, 0x5365, 0xBE91,
  0x3A22, 0x10C0, 0x0860, 0x0021, 0x0021, 0x0860, 0x18E1, 0x2160, 0x52E5, 0x9DAE, 0xAE10, 0x956E,
  0x7C6A, 0x63C7, 0x52E5, 0x2982, 0x10A0, 0x0840, 0x0040, 0x0841, 0x0841, 0x0821, 0x0021, 0x0841,
  0x0841, 0x0841, 0x0841, 0x0040, 0x0841, 0x0841, 0x0841, 0x1081, 0x18E1, 0x2942, 0x2101, 0x6C09,
  0xA5D0, 0x2961, 0x2962, 0x2942, 0x3163, 0x2101, 0x2983, 0x4225, 0x4A45, 0x4A45, 0x4A65, 0x5285,
  0x4245, 0x4265, 0x4265, 0x4285, 0x4AA5, 0x4AC5, 0x4AC4, 0x5B86, 0xB692, 0x4285, 0x2942, 0x2102,
  0x10A1, 0x0841, 0x0841, 0x0840, 0x0841, 0x0841, 0x0841, 0x0841, 0x0841, 0x0841, 0x0841, 0x0841,
  0x0841, 0x0841, 0x0841, 0x0841, 0x0841, 0x0841, 0x0841, 0x0841, 0x0841, 0x0841, 0x0841, 0x0841,
  0x1082, 0x1082, 0x1082, 0x1082, 0x1082, 0x1082, 0x1082, 0x1082, 0x1082, 0x1082, 0x1082, 0x1082,
  0x1082, 0x1082, 0x1082, 0x1082, 0x1082, 0x1082, 0x1082, 0x1082, 0x1082, 0x1082, 0x1082, 0x1082,
  0x1082, 0x1082, 0x1082, 0x1082, 0x10C2, 0x2102, 0x2943, 0x31A4, 0xA590, 0xCEF4, 0xBE73, 0xC693,
  0xBE92, 0xBE93, 0xBE92, 0xBE72, 0xBE72, 0xBE92, 0xBE92, 0xC6B3, 0xBE92, 0xC6D4, 0x952E, 0x39C3,
  0x39C4, 0x39C4, 0x39E4, 0x3162, 0x8CCC, 0xADF1, 0x2983, 0x31A3, 0x2943, 0x18E2, 0x10A1, 0x0862,
  0x10A2, 0x18E1, 0x4264, 0x9DAF, 0x3A83, 0x2981, 0x2962, 0x4264, 0x9D8E, 0x3222, 0x2142, 0x1081,
  0x0882, 0x0882, 0x10A1, 0x10E0, 0x5307, 0x84CC, 0x8CEC, 0x8CEC, 0x952C, 0x9D6C, 0x8D4A, 0x9DEC,
  0xC712, 0xDFF6, 0xBED1, 0x7CEA, 0xB690, 0x9DAF, 0x29C1, 0x1922, 0x18C2, 0x2121, 0x7429, 0xC6D1,
  0xA64B, 0x7CCD, 0x3B86, 0x23A3, 0x1401, 0x1C82, 0x1D22, 0x1DA2, 0x1E22, 0x1681, 0x1702, 0x1F82,
  0x1F62, 0x1F22, 0x1E82, 0x1E02, 0x1D82, 0x1CE2, 0x1C62, 0x1C01, 0x1B82, 0x1B42, 0x3B27, 0x8D0F,
  0xAE6D, 0xBE91, 0x4AA4, 0x2981, 0x29C1, 0xB651, 0x848B, 0x2160, 0x18E2, 0x18E2, 0x4264, 0xC6F3,
  0x6C48, 0x29C0, 0x2982, 0x1082, 0x1062, 0x0862, 0x1062, 0x1062, 0x1082, 0x1081, 0x1082, 0x1082,
  0x1082, 0x1082, 0x1082, 0x1082, 0x1082, 0x1082, 0x1082, 0x1082, 0x18A2, 0x2141, 0x7C6A, 0xB631,
  0x3A22, 0x1901, 0x1081, 0x1082, 0x1062, 0x0862, 0x10A1, 0x18E1, 0x2161, 0x29C1, 0x63C8, 0x84EC,
  0xA60F, 0xAE4F, 0xC6B2, 0x94ED, 0x2941, 0x10C2, 0x1082, 0x1082, 0x1082, 0x1082, 0x1082, 0x1082,
  0x1082, 0x1082, 0x1082, 0x1082, 0x1082, 0x1082, 0x1082, 0x18E2, 0x2943, 0x3183, 0x3162, 0x8CCD,
  0xA5F0, 0x3182, 0x39E4, 0x39A4, 0x3183, 0x31A3, 0x848D, 0xC6D4, 0xBE92, 0xBE93, 0xBE92, 0xBEB3,
  0xB672, 0xBE93, 0xBE93, 0xBE93, 0xBE93, 0xC6B3, 0xBE93, 0xBEB3, 0xCEF5, 0x4AA6, 0x2942, 0x2122,
  0x18C2, 0x1082, 0x1082, 0x1082, 0x1082, 0x1082, 0x1082, 0x1082, 0x1082, 0x1082, 0x1082, 0x1082,
  0x1082, 0x1082, 0x1082, 0x1082, 0x1082, 0x1082, 0x1082, 0x1082, 0x1082, 0x1082, 0x1082, 0x1082,
  0x0000, 0x0000, 0x0000, 0x0000, 0x0000, 0x0000, 0x0000, 0x0000, 0x0000, 0x0000, 0x0000, 0x0000,
  0x0000, 0x0000, 0x0000, 0x0000, 0x0000, 0x0000, 0x0000, 0x0000, 0x0000, 0x0000, 0x0000, 0x0000,
  0x0000, 0x0000, 0x0000, 0x0000, 0x0020, 0x0840, 0x1081, 0x10A1, 0x31A3, 0x4284, 0x4265, 0x4265,
  0x4AC5, 0x4AA5, 0x4A85, 0x4284, 0x4A85, 0x4AA5, 0x5AE5, 0x52C5, 0x4283, 0x7429, 0xA5CF, 0x31A2,
  0x2941, 0x2941, 0x2962, 0x20E1, 0x6BC8, 0x9D6F, 0x1901, 0x2121, 0x10C0, 0x0880, 0x0020, 0x0000,
  0x0000, 0x0880, 0x42A4, 0x9DCE, 0x3AA2, 0x1940, 0x1900, 0x4B05, 0x6C49, 0x1100, 0x0020, 0x0820,
  0x0000, 0x0000, 0x0020, 0x0020, 0x0860, 0x08A0, 0x10E0, 0x2160, 0x21A0, 0x2A00, 0x5BA4, 0x9DED,
  0xAE2F, 0x6407, 0x3A62, 0x1960, 0x4AE4, 0xAE50, 0x42C3, 0x0880, 0x1060, 0x10A0, 0x3A63, 0xAE0E,
  0x95A8, 0x7CAD, 0x3324, 0x1321, 0x0360, 0x0BC0, 0x0460, 0x04E0, 0x0540, 0x05C0, 0x0640, 0x06A0,
  0x0680, 0x0E40, 0x0DC0, 0x0540, 0x04C0, 0x0C40, 0x0BC0, 0x0B60, 0x02C0, 0x12C1, 0x3306, 0x84CC,
  0x9DEA, 0x9D8D, 0x2160, 0x18E0, 0x1920, 0x9DAE, 0x84CA, 0x1940, 0x0880, 0x0860, 0x10E0, 0x7CAA,
  0x956D, 0x21A0, 0x0880, 0x0020, 0x0000, 0x0000, 0x0000, 0x0000, 0x0000, 0x0000, 0x0000, 0x0000,
  0x0000, 0x0000, 0x0000, 0x0000, 0x0000, 0x0000, 0x0000, 0x0000, 0x0840, 0x10C0, 0x7C8A, 0x84AB,
  0x1920, 0x0840, 0x0000, 0x0000, 0x0000, 0x0000, 0x0020, 0x0000, 0x0040, 0x0880, 0x08A0, 0x08A0,
  0x2160, 0x1980, 0x7428, 0xA58F, 0x1940, 0x0040, 0x0000, 0x0000, 0x0000, 0x0000, 0x0000, 0x0000,
  0x0000, 0x0000, 0x0000, 0x0000, 0x0000, 0x0000, 0x0000, 0x0860, 0x18C1, 0x2101, 0x18C0, 0x744B,
  0x84EC, 0x2100, 0x2942, 0x2922, 0x3142, 0x2140, 0x7CAB, 0x956E, 0x42A4, 0x4B05, 0x42C4, 0x4AC5,
  0x42A4, 0x4284, 0x42A4, 0x4AA4, 0x4AA4, 0x4AA5, 0x4265, 0x4265, 0x4265, 0x18E1, 0x18C1, 0x1080,
  0x0820, 0x0000, 0x0000, 0x0000, 0x0000, 0x0000, 0x0000, 0x0000, 0x0000, 0x0000, 0x0000, 0x0000,
  0x0000, 0x0000, 0x0000, 0x0000, 0x0000, 0x0000, 0x0000, 0x0000, 0x0000, 0x0000, 0x0000, 0x0000,
  0x1082, 0x1082, 0x1082, 0x1082, 0x1082, 0x1082, 0x1082, 0x1082, 0x1082, 0x1082, 0x1082, 0x1082,
  0x1082, 0x1082, 0x1082, 0x1082, 0x1082, 0x1082, 0x1082, 0x1082, 0x1082, 0x1082, 0x1082, 0x1082,
  0x1082, 0x1082, 0x1081, 0x1081, 0x1081, 0x10A2, 0x18E2, 0x2923, 0x3163, 0x2941, 0x2963, 0x3183,
  0x2983, 0x3184, 0x3163, 0x3163, 0x3184, 0x3184, 0x41A4, 0x41E4, 0x39E3, 0x52E6, 0xBEB4, 0x4A85,
  0x39C3, 0x39E4, 0x39E4, 0x3183, 0x740A, 0xB632, 0x39E4, 0x31A4, 0x2943, 0x2102, 0x10A1, 0x1082,
  0x1082, 0x2121, 0x6387, 0xB6B1, 0x9DCD, 0x84CB, 0x4AE4, 0x7CC9, 0x6C29, 0x1941, 0x18C2, 0x1062,
  0x0862, 0x1082, 0x0862, 0x1062, 0x1082, 0x10C2, 0x2162, 0x3A21, 0x6BE7, 0xAE0F, 0xCF13, 0x954D,
  0x4AE4, 0x21A0, 0x2161, 0x29A1, 0x2980, 0x84EA, 0x954C, 0x29A2, 0x2122, 0x1901, 0x3A42, 0xBE71,
  0xA66B, 0xA611, 0x5449, 0x2BA4, 0x1BE2, 0x1C42, 0x1CC2, 0x1D61, 0x1DC1, 0x1E22, 0x1E82, 0x1EC2,
  0x1EC2, 0x1E82, 0x1E22, 0x1DA1, 0x1D41, 0x1CC2, 0x1C42, 0x1BE1, 0x1B43, 0x2B85, 0x5C2B, 0xAE31,
  0xB6ED, 0x954D, 0x2181, 0x2982, 0x29A0, 0xB671, 0xC6F2, 0x4283, 0x2142, 0x18E2, 0x2141, 0x42E4,
  0xBEB2, 0x6BC8, 0x2161, 0x2122, 0x0881, 0x1081, 0x0861, 0x0861, 0x1082, 0x1082, 0x1081, 0x1081,
  0x1081, 0x1061, 0x0881, 0x0882, 0x0882, 0x0861, 0x0861, 0x0862, 0x20E2, 0x29A2, 0x9D8E, 0x7C8A,
  0x2160, 0x18C2, 0x1082, 0x1082, 0x0861, 0x0881, 0x0861, 0x0862, 0x0862, 0x1082, 0x18A2, 0x18E2,
  0x2122, 0x2981, 0x6BC7, 0xAE10, 0x3243, 0x10C2, 0x1082, 0x0861, 0x1082, 0x1062, 0x1082, 0x1082,
  0x1082, 0x1082, 0x1082, 0x1081, 0x1082, 0x1082, 0x1082, 0x18E2, 0x2943, 0x3163, 0x3182, 0x9D4F,
  0x8D2E, 0x3182, 0x3A04, 0x39A4, 0x41C4, 0x39E2, 0x8D4D, 0x9D2F, 0x41C3, 0x4204, 0x39C4, 0x39C4,
  0x3183, 0x2963, 0x2983, 0x3183, 0x3183, 0x3183, 0x3183, 0x2962, 0x2943, 0x2943, 0x18E2, 0x18C2,
  0x10A2, 0x1082, 0x1082, 0x1062, 0x1081, 0x1082, 0x1082, 0x1082, 0x1082, 0x1082, 0x1082, 0x1082,
  0x1082, 0x1082, 0x1082, 0x1082, 0x1082, 0x1082, 0x1082, 0x1082, 0x1082, 0x1082, 0x1082, 0x1082,
  0x0841, 0x0841, 0x0841, 0x0841, 0x0841, 0x0841, 0x0841, 0x0841, 0x0841, 0x0841, 0x0841, 0x0841,
  0x0841, 0x0841, 0x0841, 0x0841, 0x0841, 0x0841, 0x0841, 0x0841, 0x0841, 0x0841, 0x0841, 0x0841,
  0x0841, 0x0841, 0x0841, 0x0841, 0x0841, 0x0841, 0x0862, 0x10A1, 0x18E1, 0x2102, 0x2122, 0x2142,
  0x2142, 0x2122, 0x2142, 0x2142, 0x2142, 0x2962, 0x31A3, 0x39E3, 0x39C3, 0x4A86, 0xB692, 0x4A64,
  0x31A3, 0x39C3, 0x31A3, 0x2962, 0x5B07, 0xAE11, 0x4AC5, 0x2122, 0x2923, 0x18C0, 0x0881, 0x0841,
  0x0861, 0x10E0, 0x6BE8, 0x8D0B, 0x3A62, 0x7C6A, 0x8D2D, 0xA62F, 0x5B46, 0x18C1, 0x0841, 0x0840,
  0x0861, 0x0840, 0x0841, 0x0842, 0x0841, 0x08A0, 0x2181, 0x84CC, 0xBE91, 0x952C, 0x52E4, 0x2981,
  0x18E1, 0x10C2, 0x1082, 0x0881, 0x18E1, 0x3222, 0xADD0, 0x5B47, 0x1100, 0x18E1, 0x2180, 0x7C4A,
  0xAE4C, 0x960A, 0x74EE, 0x2B86, 0x1BC2, 0x13E1, 0x0C41, 0x0CE0, 0x1540, 0x15A1, 0x15E1, 0x1601,
  0x1601, 0x15E1, 0x1581, 0x1541, 0x14C0, 0x1C61, 0x13E1, 0x13A0, 0x1B02, 0x3B46, 0x8D2E, 0xA60E,
  0xB6AD, 0x5B66, 0x1141, 0x2161, 0x3A20, 0xA60E, 0xBEF3, 0x63C7, 0x2161, 0x10A1, 0x10C1, 0x1920,
  0x7409, 0xB651, 0x3A62, 0x1941, 0x10A1, 0x0861, 0x0041, 0x0021, 0x0841, 0x0840, 0x0840, 0x0841,
  0x0840, 0x0840, 0x0040, 0x0041, 0x0041, 0x0861, 0x0861, 0x0861, 0x18A1, 0x29C1, 0xA60F, 0x63C7,
  0x18E0, 0x1081, 0x0841, 0x0841, 0x0841, 0x0841, 0x0841, 0x0841, 0x0841, 0x0841, 0x0841, 0x0041,
  0x0881, 0x18C0, 0x5B66, 0x9DEF, 0x3A02, 0x10C1, 0x0860, 0x0841, 0x0841, 0x0821, 0x0841, 0x0841,
  0x0841, 0x0841, 0x0841, 0x0841, 0x0841, 0x0841, 0x0861, 0x18C1, 0x2102, 0x2942, 0x31E2, 0xA5D0,
  0x6BC9, 0x2982, 0x31A3, 0x31A3, 0x3183, 0x31E2, 0xAE10, 0x73EA, 0x3183, 0x39E4, 0x31A3, 0x2962,
  0x2942, 0x2122, 0x2122, 0x2122, 0x2122, 0x2122, 0x2142, 0x2122, 0x18E2, 0x18C1, 0x1081, 0x0841,
  0x0841, 0x0841, 0x0841, 0x0841, 0x0841, 0x0841, 0x0841, 0x0841, 0x0841, 0x0841, 0x0841, 0x0841,
  0x0841, 0x0841, 0x0841, 0x0841, 0x0841, 0x0841, 0x0841, 0x0841, 0x0841, 0x0841, 0x0841, 0x0841,
  0x0000, 0x0000, 0x0000, 0x0000, 0x0000, 0x0000, 0x0000, 0x0000, 0x0000, 0x0000, 0x0000, 0x0000,
  0x0000, 0x0000, 0x0000, 0x0000, 0x0000, 0x0000, 0x0000, 0x0000, 0x0000, 0x0000, 0x0000, 0x0000,
  0x0000, 0x0000, 0x0020, 0x0020, 0x0000, 0x0000, 0x0020, 0x0840, 0x0840, 0x1060, 0x1080, 0x10A0,
  0x10A0, 0x10A1, 0x10A1, 0x10A1, 0x10A1, 0x18C1, 0x2101, 0x2961, 0x2941, 0x3A24, 0xB671, 0x4A85,
  0x2941, 0x2962, 0x3182, 0x3162, 0x31A2, 0xB611, 0x5306, 0x1901, 0x20E2, 0x10A0, 0x0840, 0x0000,
  0x0840, 0x08A0, 0x6BE9, 0x742A, 0x1920, 0x2140, 0x3A62, 0x956D, 0x42A4, 0x1080, 0x0841, 0x0000,
  0x0020, 0x0000, 0x0000, 0x0021, 0x0000, 0x0840, 0x1100, 0x956E, 0x84EB, 0x29E0, 0x1920, 0x10A0,
  0x0860, 0x0020, 0x0000, 0x0000, 0x0860, 0x10C0, 0x5B47, 0x9D8E, 0x29C1, 0x10C0, 0x10E0, 0x3A82,
  0xB62E, 0x8D49, 0x8D8B, 0x5428, 0x1B82, 0x13A0, 0x0C00, 0x0420, 0x0C81, 0x0CE0, 0x0D20, 0x0D60,
  0x0540, 0x0520, 0x0CE0, 0x04A0, 0x0C60, 0x0BE0, 0x0B80, 0x1302, 0x2303, 0x5C0B, 0x958C, 0x9E0A,
  0x9D4C, 0x3A20, 0x1940, 0x29A0, 0x3241, 0x9E0D, 0x9DED, 0x9DAC, 0x29C1, 0x10C1, 0x0860, 0x10A0,
  0x2160, 0x8D0C, 0xADF0, 0x3222, 0x1920, 0x08A0, 0x0881, 0x0840, 0x0000, 0x0020, 0x0000, 0x0000,
  0x0000, 0x0000, 0x0000, 0x0020, 0x0020, 0x0040, 0x0860, 0x0880, 0x1900, 0x3A62, 0xAE2E, 0x42C3,
  0x10C0, 0x0820, 0x0000, 0x0000, 0x0000, 0x0000, 0x0000, 0x0000, 0x0000, 0x0000, 0x0000, 0x0000,
  0x0840, 0x1080, 0x4AC4, 0x9DCE, 0x31E2, 0x0880, 0x0020, 0x0000, 0x0000, 0x0000, 0x0000, 0x0000,
  0x0000, 0x0000, 0x0000, 0x0000, 0x0000, 0x0000, 0x0840, 0x10A0, 0x18E1, 0x2101, 0x3203, 0xB632,
  0x4284, 0x2121, 0x2982, 0x2942, 0x3182, 0x29C2, 0xA5F0, 0x6B89, 0x2941, 0x3162, 0x2122, 0x18E1,
  0x10A0, 0x10A1, 0x10A1, 0x10A1, 0x10A1, 0x10A1, 0x1080, 0x1080, 0x0860, 0x0840, 0x0820, 0x0000,
  0x0000, 0x0000, 0x0000, 0x0000, 0x0000, 0x0000, 0x0000, 0x0000, 0x0000, 0x0000, 0x0000, 0x0000,
  0x0000, 0x0000, 0x0000, 0x0000, 0x0000, 0x0000, 0x0000, 0x0000, 0x0000, 0x0000, 0x0000, 0x0000,
  0x1082, 0x1082, 0x1082, 0x1082, 0x1082, 0x1082, 0x1082, 0x1082, 0x1082, 0x1082, 0x1082, 0x1082,
  0x1082, 0x1082, 0x1082, 0x1082, 0x1082, 0x1082, 0x1082, 0x1082, 0x1082, 0x1082, 0x1082, 0x1082,
  0x1082, 0x1082, 0x10A2, 0x1082, 0x1082, 0x1082, 0x1082, 0x1082, 0x1082, 0x18A2, 0x18C2, 0x18C2,
  0x18C2, 0x18C2, 0x18C2, 0x18C2, 0x18C2, 0x18E3, 0x2943, 0x39A3, 0x39A3, 0x4245, 0xC6F3, 0x6348,
  0x39A3, 0x4204, 0x3A04, 0x4224, 0x31C3, 0xC6B4, 0x742A, 0x2982, 0x31A4, 0x2943, 0x18C2, 0x1082,
  0x18C2, 0x1920, 0x8CCC, 0x7C4B, 0x29A1, 0x31C1, 0x4263, 0x9DCE, 0x4AC4, 0x18E1, 0x18C3, 0x1082,
  0x1082, 0x1082, 0x1082, 0x1082, 0x1082, 0x10C2, 0x1921, 0x5346, 0xBE72, 0x5325, 0x2141, 0x20E2,
  0x10A2, 0x1082, 0x1082, 0x1082, 0x10A2, 0x1902, 0x29C2, 0x9D8E, 0x7C69, 0x2161, 0x2943, 0x2A00,
  0x952C, 0xC6F1, 0xA62A, 0x9E10, 0x544A, 0x2BE5, 0x2463, 0x1C82, 0x1CC3, 0x2522, 0x1D42, 0x1D62,
  0x1D62, 0x1D42, 0x1D02, 0x1CC2, 0x1C82, 0x1C22, 0x23E3, 0x33C5, 0x644C, 0xA611, 0xA64B, 0xC710,
  0x8489, 0x4260, 0x4B04, 0x9D6C, 0xAE4E, 0xC773, 0xAE6E, 0xAE4D, 0x950B, 0x2982, 0x1902, 0x1902,
  0x1901, 0x3A43, 0x9D8E, 0xC6D2, 0x6BC7, 0x31E1, 0x2981, 0x2142, 0x18E2, 0x2102, 0x18E2, 0x18C2,
  0x18C2, 0x18E2, 0x18C2, 0x18E2, 0x2122, 0x2121, 0x2141, 0x29A2, 0x3201, 0x84CA, 0xBEB1, 0x3A63,
  0x2122, 0x1082, 0x10A2, 0x10A2, 0x10A2, 0x10A2, 0x10A2, 0x1082, 0x1082, 0x1082, 0x1082, 0x1082,
  0x18E2, 0x2922, 0x5346, 0xAE50, 0x4A84, 0x1902, 0x10A2, 0x1082, 0x1082, 0x1082, 0x1082, 0x1082,
  0x1082, 0x1082, 0x1082, 0x10A2, 0x1082, 0x1082, 0x18C2, 0x2122, 0x3183, 0x3183, 0x4AC6, 0xCF15,
  0x4AA5, 0x31A4, 0x39E4, 0x39E4, 0x4204, 0x3A23, 0xBEB3, 0x73EA, 0x39A3, 0x39C4, 0x2963, 0x2123,
  0x18E2, 0x18C2, 0x18C2, 0x18C2, 0x18C2, 0x18C2, 0x10A2, 0x18A2, 0x18A2, 0x1082, 0x1082, 0x10A2,
  0x10A2, 0x10A2, 0x10A2, 0x10A2, 0x1082, 0x1082, 0x1082, 0x1082, 0x1082, 0x1082, 0x1082, 0x1082,
  0x1082, 0x1082, 0x1082, 0x1082, 0x1082, 0x1082, 0x1082, 0x1082, 0x1082, 0x1082, 0x1082, 0x1082,
  0x0000, 0x0000, 0x0000, 0x0000, 0x0000, 0x0000, 0x0000, 0x0000, 0x0000, 0x0000, 0x0000, 0x0000,
  0x0000, 0x0000, 0x0000, 0x0000, 0x0000, 0x0000, 0x0000, 0x0000, 0x0000, 0x0000, 0x0000, 0x0000,
  0x0000, 0x0000, 0x0000, 0x0000, 0x0000, 0x0000, 0x0000, 0x0000, 0x0000, 0x0000, 0x0000, 0x0000,
  0x0000, 0x0020, 0x0020, 0x0000, 0x0000, 0x0020, 0x1060, 0x18C1, 0x20E1, 0x2962, 0x9DCF, 0x6348,
  0x2100, 0x3182, 0x2941, 0x3162, 0x2121, 0x9D4F, 0x7C4A, 0x1900, 0x2102, 0x18A0, 0x0840, 0x0000,
  0x0820, 0x10C0, 0x7409, 0x6BC8, 0x10E0, 0x1940, 0x2180, 0x84EB, 0x4283, 0x0860, 0x0820, 0x0000,
  0x0000, 0x0000, 0x0000, 0x0000, 0x0000, 0x0000, 0x0880, 0x10E0, 0x7C6A, 0x7C49, 0x1920, 0x0860,
  0x0000, 0x0000, 0x0000, 0x0000, 0x0000, 0x0841, 0x0880, 0x4283, 0x9D6E, 0x31E2, 0x10C0, 0x1900,
  0x31E2, 0xADEE, 0x9DCA, 0x8D4B, 0x854E, 0x4BE7, 0x1B63, 0x13A1, 0x0BC0, 0x1400, 0x0C20, 0x0C40,
  0x0C40, 0x0C20, 0x0BE0, 0x0BA0, 0x1380, 0x1321, 0x2323, 0x5427, 0x8D2E, 0x8D6A, 0xB68D, 0x950C,
  0x3260, 0x4AE3, 0xAE10, 0xADEE, 0x7467, 0xAE70, 0xB690, 0x7486, 0x9DCC, 0x4284, 0x08A0, 0x0880,
  0x0880, 0x10C0, 0x2160, 0x7409, 0xBE51, 0x8CCB, 0x42C3, 0x29A0, 0x1920, 0x10E0, 0x08A0, 0x08A0,
  0x08A0, 0x08C0, 0x10C0, 0x1920, 0x1940, 0x21A1, 0x4283, 0x6BC8, 0x954D, 0xBE71, 0x848B, 0x18E0,
  0x0881, 0x0000, 0x0000, 0x0000, 0x0000, 0x0000, 0x0000, 0x0000, 0x0000, 0x0000, 0x0000, 0x0000,
  0x0040, 0x1080, 0x4AC4, 0x9DAE, 0x31E2, 0x0860, 0x0020, 0x0000, 0x0000, 0x0000, 0x0000, 0x0000,
  0x0000, 0x0000, 0x0000, 0x0000, 0x0000, 0x0000, 0x0820, 0x10A1, 0x18E1, 0x1900, 0x52E6, 0xADD0,
  0x31C2, 0x2122, 0x2141, 0x2962, 0x2921, 0x31C2, 0xAE31, 0x4AC5, 0x2101, 0x1901, 0x10A0, 0x0840,
  0x0000, 0x0000, 0x0000, 0x0000, 0x0000, 0x0000, 0x0000, 0x0000, 0x0000, 0x0000, 0x0000, 0x0000,
  0x0000, 0x0000, 0x0000, 0x0000, 0x0000, 0x0000, 0x0000, 0x0000, 0x0000, 0x0000, 0x0000, 0x0000,
  0x0000, 0x0000, 0x0000, 0x0000, 0x0000, 0x0000, 0x0000, 0x0000, 0x0000, 0x0000, 0x0000, 0x0000,
  0x0841, 0x0841, 0x0841, 0x0841, 0x0841, 0x0841, 0x0841, 0x0841, 0x0841, 0x0841, 0x0841, 0x0841,
  0x0841, 0x0841, 0x0841, 0x0841, 0x0841, 0x0841, 0x0841, 0x0841, 0x0841, 0x0841, 0x0841, 0x0841,
  0x0841, 0x0841, 0x0841, 0x0841, 0x0861, 0x0861, 0x0861, 0x0841, 0x0841, 0x0841, 0x0861, 0x0840,
  0x0840, 0x0861, 0x0861, 0x0841, 0x0841, 0x0861, 0x1881, 0x2102, 0x2943, 0x29A3, 0x958E, 0x8CAD,
  0x2942, 0x39C3, 0x31A3, 0x39C3, 0x2962, 0x846C, 0xA58F, 0x31A2, 0x2963, 0x2102, 0x18C2, 0x1061,
  0x1061, 0x1900, 0x6C08, 0x9DAD, 0x5B87, 0x63C7, 0x63C8, 0x95AD, 0x5B46, 0x18C1, 0x1061, 0x0861,
  0x0861, 0x0841, 0x0841, 0x0841, 0x0861, 0x0841, 0x10A2, 0x18C1, 0x3A63, 0xA5CE, 0x4AC4, 0x1100,
  0x1082, 0x0841, 0x0861, 0x0861, 0x0841, 0x0861, 0x18E1, 0x1940, 0x8CCC, 0x8CCC, 0x2981, 0x2102,
  0x2180, 0x4303, 0xB691, 0xA64A, 0x95C9, 0x8DAE, 0x5C8C, 0x3C07, 0x23E3, 0x1C02, 0x1C22, 0x1441,
  0x1421, 0x1421, 0x1C02, 0x1BE2, 0x2BC3, 0x3BC6, 0x64AB, 0x8D90, 0x960A, 0xB6CC, 0xADAF, 0x4AE2,
  0x4B22, 0xB651, 0x8D4C, 0x42A0, 0x42A0, 0xA5EF, 0xCF55, 0x9DEB, 0x7CA7, 0xA5AE, 0x3222, 0x18E1,
  0x10C1, 0x10A1, 0x10C0, 0x2160, 0x4AE5, 0x850C, 0xAE50, 0xA5EF, 0x850C, 0x7C6A, 0x7449, 0x7449,
  0x7449, 0x7449, 0x7C6A, 0x84CB, 0x956D, 0xA610, 0xA5EF, 0x956D, 0x7429, 0x5305, 0x2981, 0x18C1,
  0x0841, 0x0861, 0x0841, 0x0861, 0x0861, 0x0861, 0x0861, 0x0841, 0x0841, 0x0841, 0x0841, 0x0841,
  0x0881, 0x20E1, 0x6387, 0xA60F, 0x3A02, 0x10C1, 0x0861, 0x0841, 0x0841, 0x0841, 0x0841, 0x0841,
  0x0841, 0x0841, 0x0841, 0x0841, 0x0841, 0x0841, 0x1081, 0x1902, 0x2122, 0x2962, 0x846C, 0x9D6E,
  0x2981, 0x3184, 0x31A3, 0x31A3, 0x3182, 0x52C6, 0xB672, 0x4285, 0x2942, 0x2122, 0x18E2, 0x1081,
  0x0841, 0x0841, 0x0841, 0x0841, 0x0841, 0x0841, 0x0841, 0x0861, 0x0861, 0x0861, 0x0841, 0x0861,
  0x0861, 0x0861, 0x0861, 0x0861, 0x0841, 0x0841, 0x0841, 0x0841, 0x0841, 0x0841, 0x0841, 0x0841,
  0x0841, 0x0841, 0x0841, 0x0841, 0x0841, 0x0841, 0x0841, 0x0841, 0x0841, 0x0841, 0x0841, 0x0841,
  0x0861, 0x0861, 0x0861, 0x0861, 0x0861, 0x0861, 0x0861, 0x0861, 0x0861, 0x0861, 0x0861, 0x0861,
  0x0861, 0x0861, 0x0861, 0x0861, 0x0861, 0x0861, 0x0861, 0x0861, 0x0861, 0x0861, 0x0861, 0x0861,
  0x0861, 0x0861, 0x0861, 0x0861, 0x0861, 0x0861, 0x0861, 0x0861, 0x0861, 0x0861, 0x0861, 0x0861,
  0x0861, 0x0861, 0x0861, 0x0861, 0x0861, 0x0861, 0x18A2, 0x2922, 0x3163, 0x2962, 0x7C8B, 0xA5D0,
  0x29A2, 0x39C4, 0x39C3, 0x39E4, 0x3183, 0x5B47, 0xC6D2, 0x3A24, 0x3183, 0x2962, 0x2102, 0x1082,
  0x10C2, 0x1900, 0x6BE8, 0xB690, 0x8D2C, 0x952C, 0x9D6D, 0xAE2F, 0x5346, 0x1900, 0x10A1, 0x1082,
  0x0861, 0x1081, 0x0861, 0x0861, 0x0861, 0x0861, 0x1082, 0x18E2, 0x1920, 0x7C8B, 0x9D8E, 0x21A0,
  0x1901, 0x10A2, 0x0861, 0x1062, 0x0861, 0x0861, 0x18C2, 0x18E1, 0x3A44, 0xB651, 0x5325, 0x2121,
  0x2962, 0x2140, 0x5B66, 0xBED0, 0xAE4D, 0x8D69, 0xA64F, 0x856E, 0x5C8A, 0x3C66, 0x3425, 0x2C25,
  0x2C25, 0x2C05, 0x3405, 0x4428, 0x5C6A, 0x8DAE, 0xA64E, 0x8DAA, 0xB6CF, 0xB62F, 0x5305, 0x3A60,
  0x956B, 0xB66F, 0x42A1, 0x3A61, 0x3A81, 0xAE2F, 0xB670, 0xC711, 0x8508, 0x8D0A, 0x9D8D, 0x29C2,
  0x18E1, 0x10A2, 0x1081, 0x18E2, 0x2121, 0x2981, 0x4263, 0x63A8, 0x952C, 0xAE0F, 0xAE51, 0xAE30,
  0xAE30, 0xAE50, 0x9DCF, 0x952C, 0x6C08, 0x5305, 0x3A43, 0x29A1, 0x1941, 0x1901, 0x10C1, 0x10A1,
  0x1062, 0x0862, 0x0861, 0x0861, 0x0861, 0x0861, 0x0861, 0x1082, 0x1082, 0x0861, 0x0861, 0x0861,
  0x18A2, 0x1900, 0x7408, 0xB631, 0x29C1, 0x10C2, 0x1082, 0x0861, 0x0861, 0x0862, 0x0862, 0x0861,
  0x0861, 0x0861, 0x0861, 0x0861, 0x1062, 0x1081, 0x18C2, 0x2122, 0x3163, 0x3183, 0x9DB0, 0x848C,
  0x2941, 0x39C4, 0x29C3, 0x41C5, 0x3162, 0x6C09, 0xB651, 0x3A03, 0x3183, 0x2943, 0x18E2, 0x1081,
  0x0861, 0x0861, 0x0861, 0x0861, 0x0861, 0x0861, 0x0861, 0x0861, 0x0861, 0x0861, 0x0861, 0x0861,
  0x0861, 0x0861, 0x0861, 0x0861, 0x0861, 0x0861, 0x0861, 0x0861, 0x0861, 0x0861, 0x0861, 0x0861,
  0x0861, 0x0861, 0x0861, 0x0861, 0x0861, 0x0861, 0x0861, 0x0861, 0x0861, 0x0861, 0x0861, 0x0861,
  0x0000, 0x0000, 0x0000, 0x0000, 0x0000, 0x0000, 0x0000, 0x0000, 0x0000, 0x0000, 0x0000, 0x0000,
  0x0000, 0x0000, 0x0000, 0x0000, 0x0000, 0x0000, 0x0000, 0x0000, 0x0000, 0x0000, 0x0000, 0x0000,
  0x0000, 0x0000, 0x0000, 0x0000, 0x0000, 0x0000, 0x0000, 0x0000, 0x0000, 0x0000, 0x0000, 0x0000,
  0x0000, 0x0000, 0x0000, 0x0000, 0x0000, 0x0000, 0x0820, 0x10A0, 0x20E1, 0x10C0, 0x6BC9, 0xA5CF,
  0x2140, 0x2942, 0x2941, 0x2961, 0x2101, 0x4264, 0xB631, 0x3203, 0x1901, 0x18E0, 0x10A0, 0x0020,
  0x0040, 0x0880, 0x52E5, 0x7CAB, 0x1120, 0x2180, 0x1100, 0x6C08, 0x5B47, 0x08A0, 0x0840, 0x0000,
  0x0000, 0x0000, 0x0000, 0x0000, 0x0000, 0x0000, 0x0000, 0x0020, 0x0880, 0x21A1, 0x9D8E, 0x5305,
  0x10C0, 0x0040, 0x0020, 0x0000, 0x0000, 0x0020, 0x0000, 0x0860, 0x08A0, 0x5B87, 0x84CB, 0x1940,
  0x0880, 0x18E1, 0x10C0, 0x4283, 0x956D, 0xA62C, 0x8508, 0x852A, 0x856B, 0x854D, 0x74CC, 0x74AB,
  0x74CC, 0x74CB, 0x74CC, 0x850C, 0x8D4B, 0x8529, 0x95A7, 0xA64C, 0x84EB, 0x3201, 0x2160, 0x42A2,
  0xA60E, 0x6405, 0x7448, 0x31E1, 0x1960, 0x956D, 0x7CC8, 0x84C8, 0xB66F, 0x4B02, 0x7C68, 0x7C6B,
  0x2982, 0x0020, 0x0000, 0x0000, 0x0040, 0x0860, 0x10A0, 0x08A0, 0x08C0, 0x10E0, 0x10E0, 0x1900,
  0x10E0, 0x18E0, 0x10E0, 0x10E0, 0x08A0, 0x08A0, 0x08A0, 0x0880, 0x0040, 0x0040, 0x0020, 0x0000,
  0x0000, 0x0000, 0x0000, 0x0000, 0x0000, 0x0000, 0x0000, 0x0000, 0x0000, 0x0000, 0x0000, 0x0000,
  0x0840, 0x08A0, 0x7449, 0x8CCB, 0x10E0, 0x0040, 0x0000, 0x0000, 0x0000, 0x0000, 0x0000, 0x0000,
  0x0000, 0x0000, 0x0000, 0x0000, 0x0000, 0x0020, 0x0860, 0x18C0, 0x2101, 0x2120, 0x958F, 0x6388,
  0x20E0, 0x2941, 0x1921, 0x3143, 0x2100, 0x746A, 0x952E, 0x18E0, 0x2121, 0x18C0, 0x0860, 0x0000,
  0x0000, 0x0000, 0x0000, 0x0000, 0x0000, 0x0000, 0x0000, 0x0000, 0x0000, 0x0000, 0x0000, 0x0000,
  0x0000, 0x0000, 0x0000, 0x0000, 0x0000, 0x0000, 0x0000, 0x0000, 0x0000, 0x0000, 0x0000, 0x0000,
  0x0000, 0x0000, 0x0000, 0x0000, 0x0000, 0x0000, 0x0000, 0x0000, 0x0000, 0x0000, 0x0000, 0x0000,
  0x1082, 0x1082, 0x1082, 0x1082, 0x1082, 0x1082, 0x1082, 0x1082, 0x1082, 0x1082, 0x1082, 0x1082,
  0x1082, 0x1082, 0x1082, 0x1082, 0x1082, 0x1082, 0x1082, 0x1082, 0x1082, 0x1082, 0x1082, 0x1082,
  0x1082, 0x1082, 0x1082, 0x1082, 0x1082, 0x1082, 0x1082, 0x1082, 0x1082, 0x1082, 0x1082, 0x1082,
  0x1082, 0x1082, 0x1082, 0x1082, 0x1082, 0x1082, 0x18C3, 0x2122, 0x31A4, 0x2963, 0x73EA, 0xC6D3,
  0x3A44, 0x39C4, 0x4204, 0x3A04, 0x31A4, 0x3A24, 0xBE52, 0x742A, 0x31A3, 0x3183, 0x2143, 0x18E2,
  0x10A1, 0x1901, 0x4A85, 0x9DB0, 0x3202, 0x31A1, 0x2981, 0x742A, 0x848B, 0x1920, 0x18E2, 0x0862,
  0x1082, 0x1082, 0x1082, 0x1082, 0x1082, 0x1082, 0x1082, 0x1062, 0x1902, 0x1920, 0x63A8, 0xAE10,
  0x29E2, 0x2142, 0x10A1, 0x1082, 0x1081, 0x1081, 0x1082, 0x10A1, 0x2142, 0x3202, 0xAE10, 0x63A7,
  0x2141, 0x1901, 0x2122, 0x2162, 0x3A63, 0x8D0B, 0xCEF2, 0xBEAF, 0x9DE9, 0x95A8, 0x9DEA, 0xA60A,
  0x9DE9, 0x9DE9, 0x9DE9, 0x9E09, 0xA62B, 0xC6D0, 0xC653, 0x740A, 0x3222, 0x29A1, 0x31E1, 0x84AA,
  0xAE4F, 0x8529, 0xA5AF, 0x31E2, 0x3201, 0xAE10, 0x956B, 0x42E2, 0xB64F, 0xB670, 0x4B22, 0x7449,
  0x4AC6, 0x10A1, 0x1082, 0x18A2, 0x1082, 0x10A2, 0x10A2, 0x10A2, 0x18C2, 0x18E2, 0x2102, 0x2102,
  0x2102, 0x2102, 0x2102, 0x18E3, 0x18C3, 0x18C3, 0x18A2, 0x1082, 0x1082, 0x1082, 0x1082, 0x1082,
  0x1081, 0x1082, 0x1082, 0x1082, 0x1082, 0x1082, 0x1082, 0x1082, 0x1082, 0x1082, 0x1082, 0x10A2,
  0x1902, 0x29A1, 0xA5AF, 0x7C4A, 0x2141, 0x10C2, 0x1082, 0x1082, 0x1082, 0x1082, 0x1082, 0x1082,
  0x1082, 0x1082, 0x1082, 0x1082, 0x1082, 0x18C2, 0x2102, 0x2963, 0x3163, 0x5B07, 0xBE93, 0x4AA5,
  0x3983, 0x3A04, 0x31E4, 0x41C4, 0x2981, 0x9D8F, 0xA5B0, 0x2962, 0x31A4, 0x2923, 0x18E2, 0x1082,
  0x1082, 0x1082, 0x1082, 0x1082, 0x1082, 0x1082, 0x1082, 0x1082, 0x1082, 0x1082, 0x1082, 0x1082,
  0x1082, 0x1082, 0x1082, 0x1082, 0x1082, 0x1082, 0x1082, 0x1082, 0x1082, 0x1082, 0x1082, 0x1082,
  0x1082, 0x1082, 0x1082, 0x1082, 0x1082, 0x1082, 0x1082, 0x1082, 0x1082, 0x1082, 0x1082, 0x1082,
  0x0020, 0x0020, 0x0020, 0x0020, 0x0020, 0x0020, 0x0020, 0x0020, 0x0020, 0x0020, 0x0020, 0x0020,
  0x0020, 0x0020, 0x0020, 0x0020, 0x0020, 0x0020, 0x0020, 0x0020, 0x0020, 0x0020, 0x0020, 0x0020,
  0x0020, 0x0020, 0x0020, 0x0020, 0x0020, 0x0020, 0x0020, 0x0020, 0x0020, 0x0020, 0x0020, 0x0020,
  0x0020, 0x0020, 0x0020, 0x0020, 0x0020, 0x0020, 0x0861, 0x10C0, 0x2102, 0x2122, 0x4A85, 0xB651,
  0x4AA5, 0x2942, 0x3182, 0x3182, 0x2982, 0x2141, 0x8CCE, 0x9D4E, 0x2140, 0x2122, 0x18E1, 0x10A1,
  0x0040, 0x1080, 0x2962, 0x8D0D, 0x31E2, 0x18E0, 0x1920, 0x52E5, 0x84CB, 0x1940, 0x10A1, 0x0841,
  0x0020, 0x0840, 0x0020, 0x0020, 0x0020, 0x0020, 0x0020, 0x0842, 0x0841, 0x10E1, 0x1960, 0x952D,
  0x63A7, 0x10E0, 0x0880, 0x0020, 0x0040, 0x0020, 0x0021, 0x0841, 0x0880, 0x1100, 0x63A7, 0xA5CF,
  0x29A1, 0x10C0, 0x0860, 0x0861, 0x18C1, 0x1940, 0x4AE3, 0x8CEB, 0xADED, 0xAE0D, 0xA60D, 0xA60D,
  0xAE0D, 0xA5ED, 0xA5CF, 0xAE0F, 0xA60D, 0x7488, 0x2A42, 0x1921, 0x18C0, 0x2121, 0x2180, 0xA5CE,
  0x7CE9, 0xA60E, 0x5B26, 0x2161, 0x1920, 0xA5AF, 0x84EA, 0x21A0, 0x3A83, 0xB630, 0x9DAD, 0x3240,
  0x1960, 0x1080, 0x0821, 0x0841, 0x0000, 0x0021, 0x0841, 0x0841, 0x0021, 0x0041, 0x0040, 0x0040,
  0x0060, 0x0880, 0x08A0, 0x10A1, 0x1081, 0x0861, 0x0840, 0x0820, 0x0020, 0x0020, 0x0020, 0x0840,
  0x0840, 0x0020, 0x0020, 0x0020, 0x0020, 0x0020, 0x0020, 0x0020, 0x0020, 0x0020, 0x0020, 0x0841,
  0x10C0, 0x31E1, 0x9D8E, 0x4AA5, 0x10C0, 0x0040, 0x0020, 0x0020, 0x0021, 0x0021, 0x0020, 0x0020,
  0x0020, 0x0020, 0x0020, 0x0020, 0x0840, 0x1061, 0x18C1, 0x2142, 0x18E0, 0x73EA, 0xA5D0, 0x2140,
  0x3163, 0x2982, 0x2982, 0x3163, 0x29C2, 0x9DAF, 0x740A, 0x2121, 0x2122, 0x18C1, 0x0861, 0x0821,
  0x0020, 0x0020, 0x0020, 0x0020, 0x0020, 0x0020, 0x0020, 0x0020, 0x0020, 0x0020, 0x0020, 0x0020,
  0x0020, 0x0020, 0x0020, 0x0020, 0x0020, 0x0020, 0x0020, 0x0020, 0x0020, 0x0020, 0x0020, 0x0020,
  0x0020, 0x0020, 0x0020, 0x0020, 0x0020, 0x0020, 0x0020, 0x0020, 0x0020, 0x0020, 0x0020, 0x0020,
  0x0020, 0x0020, 0x0020, 0x0020, 0x0020, 0x0020, 0x0020, 0x0020, 0x0020, 0x0020, 0x0020, 0x0020,
  0x0020, 0x0020, 0x0020, 0x0020, 0x0020, 0x0020, 0x0020, 0x0020, 0x0020, 0x0020, 0x0020, 0x0020,
  0x0020, 0x0020, 0x0020, 0x0020, 0x0020, 0x0020, 0x0020, 0x0020, 0x0020, 0x0020, 0x0020, 0x0020,
  0x0020, 0x0020, 0x0020, 0x0020, 0x0020, 0x0020, 0x0860, 0x10C0, 0x20C1, 0x2943, 0x2961, 0xAE30,
  0x6BC9, 0x2941, 0x3182, 0x2962, 0x2982, 0x2141, 0x638A, 0xAE10, 0x31E2, 0x2923, 0x1901, 0x10C1,
  0x0040, 0x0880, 0x2101, 0x84CA, 0x4AC5, 0x2100, 0x1920, 0x3200, 0x8D0B, 0x4284, 0x10C0, 0x0861,
  0x0040, 0x0020, 0x0020, 0x0020, 0x0020, 0x0020, 0x0020, 0x0841, 0x0821, 0x0861, 0x10E0, 0x4AE4,
  0xAE0F, 0x3223, 0x10C0, 0x0840, 0x0020, 0x0020, 0x0021, 0x0021, 0x0841, 0x0880, 0x21A0, 0x9D8E,
  0x6BC9, 0x1100, 0x10A1, 0x0840, 0x1041, 0x10A0, 0x0881, 0x10E0, 0x31E0, 0x42A3, 0x5B45, 0x6386,
  0x5B45, 0x5B66, 0x5B65, 0x3A62, 0x2181, 0x10C0, 0x10A1, 0x10A1, 0x0840, 0x10C0, 0x4AC4, 0xAE6F,
  0x74A8, 0xA5CE, 0x29A1, 0x2120, 0x1940, 0x9DAE, 0x7C8A, 0x1960, 0x1940, 0x3A63, 0xA5EE, 0x9D8D,
  0x2180, 0x10A1, 0x0020, 0x0841, 0x0840, 0x0040, 0x0020, 0x0020, 0x0021, 0x0021, 0x0820, 0x1061,
  0x18C0, 0x18E0, 0x2960, 0x29E1, 0x1920, 0x10C0, 0x10E0, 0x10C0, 0x0861, 0x0840, 0x0020, 0x0020,
  0x0840, 0x0020, 0x0020, 0x0020, 0x0020, 0x0020, 0x0020, 0x0020, 0x0020, 0x0020, 0x0021, 0x0020,
  0x10C0, 0x5305, 0x9D6D, 0x29A1, 0x0880, 0x0040, 0x0020, 0x0020, 0x0021, 0x0020, 0x0020, 0x0020,
  0x0020, 0x0020, 0x0020, 0x0020, 0x0820, 0x1081, 0x18E1, 0x2142, 0x2141, 0x8CED, 0x7C8B, 0x2120,
  0x3963, 0x2182, 0x2962, 0x3142, 0x4AA5, 0xAE72, 0x4265, 0x2922, 0x2102, 0x18A1, 0x0840, 0x0820,
  0x0020, 0x0020, 0x0020, 0x0020, 0x0020, 0x0020, 0x0020, 0x0020, 0x0020, 0x0020, 0x0020, 0x0020,
  0x0020, 0x0020, 0x0020, 0x0020, 0x0020, 0x0020, 0x0020, 0x0020, 0x0020, 0x0020, 0x0020, 0x0020,
  0x0020, 0x0020, 0x0020, 0x0020, 0x0020, 0x0020, 0x0020, 0x0020, 0x0020, 0x0020, 0x0020, 0x0020,
  0x1082, 0x1082, 0x1082, 0x1082, 0x1082, 0x1082, 0x1082, 0x1082, 0x1082, 0x1082, 0x1082, 0x1082,
  0x1082, 0x1082, 0x1082, 0x1082, 0x1082, 0x1082, 0x1082, 0x1082, 0x1082, 0x1082, 0x1082, 0x1082,
  0x1082, 0x1082, 0x1082, 0x1082, 0x1082, 0x1082, 0x1082, 0x1082, 0x1082, 0x1082, 0x1082, 0x1082,
  0x1082, 0x1082, 0x1082, 0x1082, 0x1082, 0x1082, 0x0881, 0x2123, 0x2943, 0x39C4, 0x39A3, 0xB611,
  0x952E, 0x31C2, 0x41E5, 0x39C3, 0x4204, 0x31A3, 0x4AC6, 0xC6F3, 0x6368, 0x3183, 0x3183, 0x2123,
  0x18C2, 0x18E1, 0x2141, 0x7C6A, 0x7C6A, 0x29E0, 0x4282, 0x7C69, 0xBE91, 0x84CB, 0x2160, 0x2122,
  0x1081, 0x18A2, 0x1081, 0x10A2, 0x1081, 0x1082, 0x1082, 0x1082, 0x10A2, 0x1081, 0x1901, 0x29A1,
  0x9D6E, 0x8D0D, 0x2181, 0x1901, 0x10A2, 0x1082, 0x1082, 0x1062, 0x10A2, 0x10C2, 0x2140, 0x6386,
  0xB671, 0x3A63, 0x2121, 0x18A2, 0x1082, 0x10C1, 0x10C2, 0x18E2, 0x18E2, 0x2121, 0x2121, 0x2141,
  0x2141, 0x2141, 0x1920, 0x2141, 0x18E2, 0x18C2, 0x18A2, 0x1062, 0x18E2, 0x2161, 0x7469, 0xBEB0,
  0x95AB, 0x84AA, 0x2982, 0x2942, 0x29A1, 0xA60F, 0x8CEB, 0x2160, 0x2983, 0x2161, 0x5345, 0xBEB2,
  0x42C5, 0x2121, 0x18C2, 0x1061, 0x0881, 0x0882, 0x1082, 0x1082, 0x18A2, 0x18C1, 0x2902, 0x2981,
  0x3A22, 0x63C7, 0xA5EF, 0xAE50, 0x9DAE, 0x7C8A, 0x5325, 0x2A02, 0x2140, 0x2141, 0x1902, 0x10A2,
  0x1082, 0x1082, 0x1082, 0x1082, 0x1082, 0x1082, 0x1082, 0x10A1, 0x1082, 0x0862, 0x10A2, 0x1902,
  0x2161, 0x8CCC, 0x952D, 0x2161, 0x18E2, 0x10A2, 0x1082, 0x1082, 0x1082, 0x1082, 0x1082, 0x1082,
  0x1082, 0x1082, 0x1082, 0x1082, 0x10A2, 0x18E2, 0x3183, 0x3183, 0x4245, 0xBEB3, 0x6388, 0x3162,
  0x41C5, 0x31E3, 0x41E4, 0x39C3, 0x63A8, 0xCEF5, 0x4A64, 0x39C4, 0x2983, 0x2123, 0x18C2, 0x1082,
  0x1062, 0x1082, 0x1082, 0x1082, 0x1082, 0x1082, 0x1082, 0x1082, 0x1082, 0x1082, 0x1082, 0x1082,
  0x1082, 0x1082, 0x1082, 0x1082, 0x1082, 0x1082, 0x1082, 0x1082, 0x1082, 0x1082, 0x1082, 0x1082,
  0x1082, 0x1082, 0x1082, 0x1082, 0x1082, 0x1082, 0x1082, 0x1082, 0x1082, 0x1082, 0x1082, 0x1082,
  0x0000, 0x0000, 0x0000, 0x0000, 0x0000, 0x0000, 0x0000, 0x0000, 0x0000, 0x0000, 0x0000, 0x0000,
  0x0000, 0x0000, 0x0000, 0x0000, 0x0000, 0x0000, 0x0000, 0x0000, 0x0000, 0x0000, 0x0000, 0x0000,
  0x0000, 0x0000, 0x0000, 0x0000, 0x0000, 0x0000, 0x0000, 0x0000, 0x0000, 0x0000, 0x0000, 0x0000,
  0x0000, 0x0000, 0x0000, 0x0000, 0x0000, 0x0000, 0x0840, 0x0860, 0x18C1, 0x3162, 0x3162, 0x7C4B,
  0x9D6E, 0x29A1, 0x2943, 0x2921, 0x2941, 0x2942, 0x2161, 0xA5B0, 0x6BE9, 0x1900, 0x2101, 0x10A1,
  0x0840, 0x0040, 0x08A0, 0x42A4, 0x7C8A, 0x5BA5, 0x9D6D, 0x7449, 0x4B25, 0x954D, 0x4AC4, 0x08A0,
  0x1061, 0x0000, 0x0000, 0x0000, 0x0020, 0x0000, 0x0000, 0x0000, 0x0000, 0x0000, 0x0840, 0x0880,
  0x29E1, 0x9D6E, 0x3A63, 0x08A0, 0x0841, 0x0000, 0x0000, 0x0000, 0x0000, 0x0020, 0x10A0, 0x1940,
  0x8D0C, 0x6C08, 0x1900, 0x1080, 0x0000, 0x0000, 0x0000, 0x0000, 0x0020, 0x0020, 0x0020, 0x0020,
  0x0020, 0x0040, 0x0020, 0x0020, 0x0020, 0x0000, 0x0000, 0x0000, 0x0860, 0x1100, 0x7CCA, 0x8D09,
  0x8D09, 0x4B25, 0x0860, 0x10A0, 0x10E0, 0x956D, 0x7449, 0x0880, 0x0860, 0x10C0, 0x3221, 0x9DAE,
  0x4B05, 0x0880, 0x0820, 0x0000, 0x0020, 0x0000, 0x0020, 0x0860, 0x10C0, 0x1900, 0x29C1, 0x63A6,
  0x9DCD, 0xAE30, 0x7469, 0x5365, 0x6C07, 0x8D2B, 0xA5EF, 0x956D, 0x63C8, 0x21A1, 0x08C0, 0x0880,
  0x0040, 0x0000, 0x0000, 0x0000, 0x0000, 0x0000, 0x0000, 0x0000, 0x0000, 0x0020, 0x0000, 0x10C0,
  0x2A01, 0xA5CF, 0x3A83, 0x08A0, 0x0840, 0x0000, 0x0000, 0x0000, 0x0000, 0x0000, 0x0000, 0x0000,
  0x0000, 0x0000, 0x0000, 0x0020, 0x0060, 0x1080, 0x18C0, 0x18C0, 0x4285, 0xA630, 0x31A2, 0x20E1,
  0x2922, 0x2121, 0x3162, 0x1920, 0x6C09, 0xA56F, 0x31A2, 0x2942, 0x1901, 0x10A0, 0x0840, 0x0000,
  0x0000, 0x0000, 0x0000, 0x0000, 0x0000, 0x0000, 0x0000, 0x0000, 0x0000, 0x0000, 0x0000, 0x0000,
  0x0000, 0x0000, 0x0000, 0x0000, 0x0000, 0x0000, 0x0000, 0x0000, 0x0000, 0x0000, 0x0000, 0x0000,
  0x0000, 0x0000, 0x0000, 0x0000, 0x0000, 0x0000, 0x0000, 0x0000, 0x0000, 0x0000, 0x0000, 0x0000,
  0x0861, 0x0861, 0x0861, 0x0861, 0x0861, 0x0861, 0x0861, 0x0861, 0x0861, 0x0861, 0x0861, 0x0861,
  0x0861, 0x0861, 0x0861, 0x0861, 0x0861, 0x0861, 0x0861, 0x0861, 0x0861, 0x0861, 0x0861, 0x0861,
  0x0861, 0x0861, 0x0861, 0x0861, 0x0861, 0x0861, 0x0861, 0x0861, 0x0861, 0x0861, 0x0861, 0x0861,
  0x0861, 0x0861, 0x1061, 0x1082, 0x1082, 0x1082, 0x18E2, 0x2943, 0x3183, 0x39E3, 0x39E3, 0x5B67,
  0xCEF4, 0x4AC5, 0x3183, 0x39C4, 0x3182, 0x39E4, 0x2962, 0x84AC, 0xB632, 0x31E3, 0x3183, 0x2943,
  0x18E2, 0x10A1, 0x18E1, 0x31E1, 0xB630, 0xAE0F, 0x5B86, 0x29C0, 0x2180, 0x5326, 0xA58F, 0x4285,
  0x1901, 0x18E2, 0x0881, 0x0841, 0x0841, 0x0841, 0x0862, 0x1062, 0x1062, 0x0841, 0x1061, 0x2122,
  0x21C0, 0x84AA, 0x8CEC, 0x29C2, 0x18E1, 0x0861, 0x0861, 0x1062, 0x0862, 0x0861, 0x10A1, 0x1921,
  0x5B67, 0xCEF3, 0x42A3, 0x1921, 0x10A2, 0x1081, 0x1062, 0x0861, 0x1081, 0x0861, 0x0861, 0x0861,
  0x1061, 0x1061, 0x0861, 0x0861, 0x0861, 0x1062, 0x1062, 0x1062, 0x18C1, 0x29C1, 0xAE10, 0x84A9,
  0x7428, 0x3A44, 0x10A1, 0x2102, 0x2160, 0xA5CF, 0x84CC, 0x1901, 0x18C1, 0x2121, 0x4283, 0xB670,
  0x5346, 0x18C1, 0x1081, 0x1081, 0x18C1, 0x18E1, 0x2141, 0x29C1, 0x42C3, 0x7469, 0xB690, 0xCF32,
  0x8D2B, 0x4B04, 0x29C1, 0x2981, 0x2981, 0x2180, 0x4AA4, 0x848A, 0xB651, 0xAE31, 0x6C09, 0x3202,
  0x2981, 0x10C1, 0x10A2, 0x0861, 0x0841, 0x1082, 0x0861, 0x1082, 0x0842, 0x1082, 0x18E2, 0x1920,
  0x84CB, 0x954D, 0x21A0, 0x10E1, 0x0861, 0x0861, 0x0861, 0x0861, 0x0861, 0x0861, 0x0861, 0x0861,
  0x0861, 0x0861, 0x0861, 0x1081, 0x10A1, 0x2923, 0x3163, 0x2982, 0x950F, 0x952E, 0x2141, 0x39A4,
  0x3183, 0x31C3, 0x39C3, 0x31E2, 0xB672, 0x84AC, 0x39C3, 0x41E4, 0x31A4, 0x2942, 0x2102, 0x18C2,
  0x1081, 0x1082, 0x1082, 0x1062, 0x0861, 0x0861, 0x0861, 0x0861, 0x0861, 0x0861, 0x0861, 0x0861,
  0x0861, 0x0861, 0x0861, 0x0861, 0x0861, 0x0861, 0x0861, 0x0861, 0x0861, 0x0861, 0x0861, 0x0861,
  0x0861, 0x0861, 0x0861, 0x0861, 0x0861, 0x0861, 0x0861, 0x0861, 0x0861, 0x0861, 0x0861, 0x0861,
  0x0841, 0x0841, 0x0841, 0x0841, 0x0841, 0x0841, 0x0841, 0x0841, 0x0841, 0x0841, 0x0841, 0x0841,
  0x0841, 0x0841, 0x0841, 0x0841, 0x0841, 0x0841, 0x0841, 0x0841, 0x0841, 0x0841, 0x0841, 0x0841,
  0x0841, 0x0841, 0x0841, 0x0841, 0x0841, 0x0841, 0x0841, 0x0841, 0x0861, 0x0861, 0x0841, 0x0841,
  0x0861, 0x1061, 0x1081, 0x10A1, 0x18C1, 0x18E2, 0x2122, 0x2942, 0x39C3, 0x4224, 0x3A23, 0x42A4,
  0xBE92, 0x5B47, 0x2963, 0x39A4, 0x2962, 0x3183, 0x2963, 0x52A6, 0xCEF5, 0x4285, 0x3183, 0x2943,
  0x2102, 0x10A1, 0x10C1, 0x1920, 0x7C6B, 0x9D8D, 0x21C0, 0x29C1, 0x2161, 0x1920, 0x5B67, 0xA58F,
  0x4283, 0x1900, 0x10C1, 0x1081, 0x0841, 0x0841, 0x1081, 0x0841, 0x0841, 0x1081, 0x10C2, 0x1922,
  0x21C0, 0x7469, 0xCF13, 0x5B46, 0x1920, 0x10A1, 0x0841, 0x0841, 0x0841, 0x0861, 0x1081, 0x1901,
  0x3221, 0xADEE, 0x956C, 0x29C0, 0x2142, 0x18E1, 0x18E1, 0x10C1, 0x18E1, 0x18E1, 0x18E1, 0x18E1,
  0x18E1, 0x18C1, 0x18E1, 0x18E1, 0x18C1, 0x18C1, 0x10C1, 0x1901, 0x1920, 0x3AA3, 0xA5CE, 0x6366,
  0x2181, 0x10E1, 0x1081, 0x18C2, 0x1920, 0xA5CE, 0x84CB, 0x1900, 0x18E1, 0x2121, 0x5304, 0xAE70,
  0x3A43, 0x2101, 0x20E2, 0x10C0, 0x1921, 0x2160, 0x4AE4, 0x850B, 0xAE70, 0xBF11, 0x8D8B, 0x4342,
  0x3240, 0x29C0, 0x2961, 0x18E2, 0x18A2, 0x18C1, 0x2101, 0x2141, 0x3A82, 0x7468, 0xB670, 0xA5CE,
  0x5345, 0x1940, 0x1902, 0x10A1, 0x0861, 0x0861, 0x0861, 0x0861, 0x0841, 0x0881, 0x1101, 0x42A4,
  0xAE30, 0x42A4, 0x1920, 0x0881, 0x0841, 0x0861, 0x0841, 0x0841, 0x0841, 0x0841, 0x0861, 0x0861,
  0x0841, 0x0841, 0x0841, 0x1081, 0x18C1, 0x2123, 0x2963, 0x29C2, 0xB612, 0x6389, 0x2962, 0x2963,
  0x2942, 0x2942, 0x3182, 0x3A43, 0xBE92, 0x6387, 0x39E2, 0x4224, 0x39E4, 0x3163, 0x2122, 0x2102,
  0x18C1, 0x10A1, 0x10A1, 0x1081, 0x1061, 0x0841, 0x0841, 0x0841, 0x0861, 0x0861, 0x0861, 0x0841,
  0x0841, 0x0841, 0x0841, 0x0841, 0x0841, 0x0841, 0x0841, 0x0841, 0x0841, 0x0841, 0x0841, 0x0841,
  0x0841, 0x0841, 0x0841, 0x0841, 0x0841, 0x0841, 0x0841, 0x0841, 0x0841, 0x0841, 0x0841, 0x0841,
  0x0000, 0x0000, 0x0000, 0x0000, 0x0000, 0x0000, 0x0000, 0x0000, 0x0000, 0x0000, 0x0000, 0x0000,
  0x0000, 0x0000, 0x0000, 0x0000, 0x0000, 0x0000, 0x0000, 0x0000, 0x0000, 0x0000, 0x0000, 0x0000,
  0x0000, 0x0000, 0x0000, 0x0000, 0x0000, 0x0000, 0x0000, 0x0000, 0x0000, 0x0000, 0x0020, 0x0020,
  0x0020, 0x0860, 0x1080, 0x10C0, 0x18E1, 0x1901, 0x2122, 0x2962, 0x2961, 0x2160, 0x3A02, 0x5326,
  0xBEB2, 0x84AB, 0x2121, 0x20E2, 0x2121, 0x18E1, 0x2903, 0x2121, 0x9D8F, 0x742A, 0x20E1, 0x2121,
  0x18C1, 0x0840, 0x0020, 0x0880, 0x2181, 0x8D0C, 0x63A7, 0x1100, 0x10C1, 0x1921, 0x1100, 0x5B86,
  0xAE0F, 0x3222, 0x08C0, 0x0880, 0x0880, 0x0860, 0x0860, 0x0860, 0x1080, 0x10A0, 0x08C0, 0x2180,
  0x6C09, 0x84EB, 0x7468, 0x9D8E, 0x2180, 0x10C0, 0x0020, 0x0020, 0x0020, 0x0020, 0x08A0, 0x10E0,
  0x29C0, 0x6BE5, 0xBE91, 0x42E3, 0x29A0, 0x2160, 0x2140, 0x2140, 0x2140, 0x2160, 0x1960, 0x1960,
  0x1960, 0x1940, 0x2140, 0x2160, 0x2140, 0x2140, 0x1940, 0x2160, 0x21A0, 0x4302, 0x958D, 0x3A43,
  0x0880, 0x0040, 0x0800, 0x1060, 0x10E0, 0x956D, 0x7CA9, 0x08C0, 0x18C1, 0x18E0, 0x7428, 0x956C,
  0x2180, 0x18E0, 0x10A0, 0x2160, 0x42C4, 0x7CCB, 0xAE50, 0xAE70, 0xB671, 0xAE50, 0x9DED, 0x956B,
  0x6C07, 0x3222, 0x10E0, 0x0860, 0x0820, 0x0840, 0x10A0, 0x10C0, 0x2140, 0x3200, 0x4302, 0x958C,
  0xB6B1, 0x63C7, 0x1940, 0x0880, 0x0841, 0x0000, 0x0000, 0x0000, 0x0040, 0x08A0, 0x2180, 0x952C,
  0x6C09, 0x1100, 0x0860, 0x0000, 0x0021, 0x0000, 0x0000, 0x0000, 0x0000, 0x0000, 0x0000, 0x0000,
  0x0000, 0x0000, 0x0000, 0x0020, 0x10A0, 0x20E2, 0x20E1, 0x5306, 0xA5D0, 0x2962, 0x2121, 0x18E1,
  0x18E1, 0x1901, 0x20E1, 0x5327, 0xBED3, 0x6C28, 0x3A22, 0x3182, 0x2941, 0x2942, 0x2121, 0x1901,
  0x18E1, 0x10C0, 0x10A0, 0x1060, 0x0860, 0x0820, 0x0000, 0x0020, 0x0000, 0x0000, 0x0000, 0x0000,
  0x0000, 0x0000, 0x0000, 0x0000, 0x0000, 0x0000, 0x0000, 0x0000, 0x0000, 0x0000, 0x0000, 0x0000,
  0x0000, 0x0000, 0x0000, 0x0000, 0x0000, 0x0000, 0x0000, 0x0000, 0x0000, 0x0000, 0x0000, 0x0000,
  0x1082, 0x1082, 0x1082, 0x1082, 0x1082, 0x1082, 0x1082, 0x1082, 0x1082, 0x1082, 0x1082, 0x1082,
  0x1082, 0x1082, 0x1082, 0x1082, 0x1082, 0x1082, 0x1082, 0x1082, 0x1082, 0x1082, 0x1082, 0x1082,
  0x1082, 0x1082, 0x1082, 0x1082, 0x1082, 0x1082, 0x10A2, 0x1082, 0x10A2, 0x10C2, 0x10A2, 0x20E3,
  0x2923, 0x2943, 0x3163, 0x31A4, 0x39C4, 0x39A4, 0x31A3, 0x3A04, 0x6368, 0x8D0D, 0xC6F3, 0xCEF5,
  0xA58F, 0x5B47, 0x31A4, 0x2944, 0x2963, 0x2963, 0x3985, 0x31A3, 0x848B, 0xBE93, 0x3A04, 0x31A4,
  0x2963, 0x2122, 0x18C2, 0x18E2, 0x1901, 0x4AA5, 0xADF0, 0x6387, 0x2141, 0x31E2, 0x4AC4, 0x956D,
  0x8D2B, 0x9D8E, 0x5B67, 0x2161, 0x2162, 0x2161, 0x2161, 0x2141, 0x2181, 0x3223, 0x6C08, 0x9D8E,
  0x950C, 0x4AE3, 0x3A81, 0xA5CE, 0x746A, 0x2141, 0x2122, 0x18C2, 0x18E2, 0x1902, 0x2161, 0x42C3,
  0x84CA, 0xBED1, 0xD794, 0xC6F2, 0xAE2E, 0xAE0F, 0xAE30, 0xA60F, 0xAE2F, 0xAE0F, 0xAE2F, 0xAE2F,
  0xA60F, 0xAE2F, 0xA60F, 0xA5EF, 0xAE0F, 0xAE0F, 0xAE0F, 0xAE0F, 0xAE2F, 0xB6AF, 0xBE91, 0x3A03,
  0x18E1, 0x10C3, 0x1062, 0x18E2, 0x2180, 0xA5CF, 0x954D, 0x2160, 0x2982, 0x4264, 0xAE30, 0x84AA,
  0x29A0, 0x3A24, 0x6BE9, 0xAE0F, 0xC6F2, 0xA60F, 0x6C07, 0x4AE3, 0x4AE4, 0x5B46, 0x7409, 0x84CB,
  0xA5AF, 0xADF0, 0x8CCD, 0x29A3, 0x2122, 0x2143, 0x2141, 0x4AE5, 0x8CCB, 0x9D4D, 0x956C, 0x958C,
  0xAE70, 0xC712, 0x84EB, 0x21A1, 0x1902, 0x1082, 0x1082, 0x10C2, 0x2122, 0x2181, 0x8D0C, 0xA5CE,
  0x3223, 0x1921, 0x18C2, 0x10A2, 0x1082, 0x1082, 0x1082, 0x1082, 0x1082, 0x1082, 0x10A2, 0x10A2,
  0x1082, 0x1082, 0x10A2, 0x18E2, 0x2102, 0x39A5, 0x3182, 0x9D6F, 0x8D0D, 0x3162, 0x31A4, 0x2963,
  0x2143, 0x2963, 0x3163, 0x4A65, 0x8D0D, 0xC6B3, 0xD715, 0xA56F, 0x73EA, 0x4244, 0x31A3, 0x39C4,
  0x39A4, 0x39A4, 0x39A4, 0x3164, 0x2103, 0x2103, 0x18E3, 0x18C2, 0x10A2, 0x1082, 0x1082, 0x1082,
  0x1082, 0x1082, 0x1082, 0x1082, 0x1082, 0x1082, 0x1082, 0x1082, 0x1082, 0x1082, 0x1082, 0x1082,
  0x1082, 0x1082, 0x1082, 0x1082, 0x1082, 0x1082, 0x1082, 0x1082, 0x1082, 0x1082, 0x1082, 0x1082,
  0x0000, 0x0000, 0x0000, 0x0000, 0x0000, 0x0000, 0x0000, 0x0000, 0x0000, 0x0000, 0x0000, 0x0000,
  0x0000, 0x0000, 0x0000, 0x0000, 0x0000, 0x0000, 0x0000, 0x0000, 0x0000, 0x0000, 0x0000, 0x0000,
  0x0000, 0x0000, 0x0020, 0x0020, 0x0020, 0x0020, 0x0020, 0x0020, 0x0820, 0x0040, 0x10A1, 0x20E2,
  0x20C1, 0x2922, 0x2962, 0x18E0, 0x2982, 0x4224, 0x6BC9, 0xADF1, 0xB632, 0xADF0, 0x63C8, 0x4244,
  0x2941, 0x2101, 0x20E2, 0x10A1, 0x18A1, 0x18A1, 0x18E1, 0x2121, 0x3A43, 0xB671, 0x5346, 0x20E2,
  0x2922, 0x18C0, 0x1060, 0x0020, 0x10A1, 0x08A0, 0x42A5, 0x9DAD, 0x4AE4, 0x2180, 0x848A, 0x6BC8,
  0x1940, 0x3A83, 0x8CEC, 0x8D0D, 0x6C09, 0x6C09, 0x7429, 0x7429, 0x742A, 0x956E, 0x9DCF, 0x9DCE,
  0x3A61, 0x31C0, 0x2160, 0x5B45, 0x956D, 0x3A22, 0x2120, 0x10A0, 0x1900, 0x2180, 0x5B66, 0xAE0F,
  0xAE70, 0xAE90, 0x9DCD, 0x6426, 0x6C26, 0x63C5, 0x5BA5, 0x5BA5, 0x5BC6, 0x63A6, 0x6C06, 0x6406,
  0x6C06, 0x63A6, 0x63C6, 0x6C06, 0x6C06, 0x5BA5, 0x63C6, 0x63C6, 0x63E6, 0x6C06, 0x4AC4, 0x10E0,
  0x0860, 0x0000, 0x0020, 0x0880, 0x1120, 0x954D, 0x7CAB, 0x1940, 0x2980, 0x63A7, 0xA650, 0x3A63,
  0x10E0, 0x6368, 0xB671, 0x7CCB, 0x4283, 0x2180, 0x1900, 0x1900, 0x18E0, 0x18E0, 0x10C0, 0x10E0,
  0x2160, 0x42A4, 0x7409, 0x4245, 0x10A0, 0x1921, 0x73E9, 0x9D8D, 0x63A7, 0x4283, 0x3A42, 0x3A42,
  0x3220, 0x5385, 0xB692, 0x63C7, 0x1940, 0x10A0, 0x0861, 0x1901, 0x08C0, 0x73E9, 0x9D6E, 0x29E1,
  0x10A0, 0x0840, 0x0000, 0x0020, 0x0020, 0x0000, 0x0000, 0x0000, 0x0000, 0x0000, 0x0020, 0x0020,
  0x0000, 0x0000, 0x0840, 0x1080, 0x18E1, 0x2122, 0x31E2, 0xBE32, 0x4265, 0x2101, 0x2101, 0x18A1,
  0x10A1, 0x10A0, 0x18E1, 0x1900, 0x1900, 0x3A23, 0x5B47, 0x954D, 0xB651, 0xB631, 0x84AC, 0x4A85,
  0x2961, 0x2120, 0x2941, 0x2922, 0x2102, 0x20E2, 0x1080, 0x0860, 0x0841, 0x0020, 0x0020, 0x0000,
  0x0000, 0x0000, 0x0000, 0x0000, 0x0000, 0x0000, 0x0000, 0x0000, 0x0000, 0x0000, 0x0000, 0x0000,
  0x0000, 0x0000, 0x0000, 0x0000, 0x0000, 0x0000, 0x0000, 0x0000, 0x0000, 0x0000, 0x0000, 0x0000,
  0x0841, 0x0841, 0x0841, 0x0841, 0x0841, 0x0841, 0x0841, 0x0841, 0x0841, 0x0841, 0x0841, 0x0841,
  0x0841, 0x0841, 0x0841, 0x0841, 0x0841, 0x0841, 0x0841, 0x0841, 0x0841, 0x0841, 0x0841, 0x0841,
  0x0841, 0x0841, 0x0841, 0x0841, 0x0841, 0x0841, 0x0841, 0x0820, 0x1061, 0x10A1, 0x2122, 0x2121,
  0x2982, 0x2141, 0x3223, 0x6C0A, 0x954D, 0xC6F3, 0xAE10, 0x846B, 0x52C6, 0x2962, 0x2942, 0x3182,
  0x2941, 0x2122, 0x18C1, 0x1081, 0x18A1, 0x18A1, 0x2102, 0x2142, 0x2161, 0x952D, 0x9D8F, 0x2962,
  0x3183, 0x2102, 0x1081, 0x0861, 0x0020, 0x10C1, 0x10E0, 0x4AC6, 0x952C, 0x8D2C, 0x7C6A, 0x1940,
  0x2962, 0x1900, 0x2181, 0x5326, 0x7429, 0xAE0F, 0x8D0B, 0x6C08, 0x6BE8, 0x4AE4, 0x3200, 0x9D6C,
  0x7409, 0x29C0, 0x3201, 0x4AE3, 0xC6D2, 0x956C, 0x2A00, 0x2A01, 0x5B66, 0x9DAE, 0xBE91, 0x84CA,
  0x42E2, 0x7468, 0xB690, 0x4AE1, 0x4240, 0x7C28, 0x9CEC, 0x4242, 0x2960, 0x29A0, 0x9D0C, 0xBDF0,
  0x4A82, 0x2980, 0x3A21, 0xAD6E, 0xAD8F, 0x31E0, 0x31A0, 0x4262, 0xB630, 0x950C, 0x2180, 0x10C1,
  0x0840, 0x0841, 0x0841, 0x10A1, 0x1940, 0x9D8D, 0x8D4B, 0x21A0, 0x42A2, 0xAE10, 0x6C49, 0x1920,
  0x18E1, 0x2963, 0x29E2, 0x1960, 0x10E0, 0x18C1, 0x10A1, 0x0841, 0x0821, 0x1061, 0x1080, 0x10A1,
  0x10A1, 0x10A0, 0x10E0, 0x2141, 0x2181, 0x8CCB, 0x8D0D, 0x3223, 0x18E0, 0x10A0, 0x10A0, 0x18E0,
  0x1940, 0x2180, 0x6BC8, 0xBE71, 0x5305, 0x2140, 0x2160, 0x1960, 0x7C69, 0xA5CF, 0x3A23, 0x10C1,
  0x1081, 0x0841, 0x0821, 0x0841, 0x0040, 0x0841, 0x0841, 0x0841, 0x0841, 0x0841, 0x0841, 0x0841,
  0x0841, 0x0841, 0x1081, 0x2102, 0x2942, 0x1901, 0x7C4B, 0x9D2E, 0x2982, 0x2942, 0x20E2, 0x10A1,
  0x1081, 0x1081, 0x10A1, 0x18C1, 0x2963, 0x2962, 0x2961, 0x2981, 0x4263, 0x73C9, 0xA5AF, 0xC6D3,
  0xAE11, 0x7C8B, 0x4AC5, 0x29A2, 0x2982, 0x2121, 0x2142, 0x18E2, 0x0861, 0x0841, 0x0841, 0x0841,
  0x0841, 0x0841, 0x0841, 0x0841, 0x0841, 0x0841, 0x0841, 0x0841, 0x0841, 0x0841, 0x0841, 0x0841,
  0x0841, 0x0841, 0x0841, 0x0841, 0x0841, 0x0841, 0x0841, 0x0841, 0x0841, 0x0841, 0x0841, 0x0841,
  0x1082, 0x1082, 0x1082, 0x1082, 0x1082, 0x1082, 0x1082, 0x1082, 0x1082, 0x1082, 0x1082, 0x1082,
  0x1082, 0x1082, 0x1082, 0x1082, 0x1082, 0x1082, 0x1082, 0x1082, 0x1082, 0x1082, 0x1082, 0x1082,
  0x1082, 0x1082, 0x1082, 0x1082, 0x1082, 0x1082, 0x1082, 0x1081, 0x2103, 0x2103, 0x2963, 0x3A04,
  0x5B67, 0x9DAE, 0xBEB3, 0xC6D4, 0x9D90, 0x5B68, 0x3A24, 0x31A3, 0x31A3, 0x39A3, 0x3983, 0x3183,
  0x2122, 0x2102, 0x2103, 0x10A2, 0x1081, 0x18C2, 0x2102, 0x2983, 0x31A2, 0x5B27, 0xCF14, 0x52C5,
  0x39E4, 0x2923, 0x2123, 0x18C3, 0x1082, 0x0861, 0x1902, 0x1921, 0x4B05, 0xB671, 0x6C08, 0x29A0,
  0x2942, 0x2122, 0x2122, 0x1921, 0x29A0, 0x952D, 0x5345, 0x2180, 0x2140, 0x2981, 0x39E1, 0x6B86,
  0xB690, 0x5344, 0x8489, 0xBE90, 0x9DCC, 0xBEF0, 0x8D4A, 0xA60F, 0xC713, 0x8D2C, 0x4AC3, 0x31C0,
  0x29C0, 0x4AC4, 0xB62F, 0x84E9, 0x42A1, 0xC693, 0xEFB9, 0x5307, 0x2181, 0x2160, 0xADD1, 0xE778,
  0x4AA5, 0x2160, 0x3A23, 0xBE53, 0xC695, 0x31E2, 0x2160, 0x4AA5, 0xDF36, 0xADD1, 0x2141, 0x18C2,
  0x1062, 0x1082, 0x1082, 0x18E2, 0x2180, 0xA5CE, 0x95AC, 0x3A80, 0x9DAD, 0xAE10, 0x29E1, 0x1921,
  0x18C2, 0x10C2, 0x1901, 0x1101, 0x18E2, 0x10A2, 0x1061, 0x0841, 0x1082, 0x1082, 0x1062, 0x1082,
  0x1082, 0x10A1, 0x1902, 0x2161, 0x7428, 0x9D8C, 0x3201, 0x1921, 0x18C2, 0x10A2, 0x1082, 0x10A2,
  0x18C2, 0x1901, 0x29C1, 0x950D, 0xB650, 0x42A1, 0x3241, 0x952D, 0xAE0F, 0x4283, 0x2121, 0x18C3,
  0x1082, 0x1062, 0x1082, 0x1082, 0x0881, 0x1081, 0x1082, 0x1082, 0x1082, 0x1082, 0x1082, 0x1082,
  0x1082, 0x18A2, 0x2102, 0x2963, 0x3162, 0x31E4, 0xBE53, 0x6BC9, 0x2142, 0x3183, 0x2103, 0x18C2,
  0x10A2, 0x10A1, 0x10C2, 0x2103, 0x2102, 0x2943, 0x3163, 0x39A4, 0x3184, 0x31A3, 0x3A03, 0x4AC5,
  0x84CC, 0xBE72, 0xC6D4, 0xB632, 0x7C4B, 0x4285, 0x29A3, 0x2143, 0x2103, 0x18C2, 0x0861, 0x1082,
  0x1082, 0x1082, 0x1082, 0x1082, 0x1082, 0x1082, 0x1082, 0x1082, 0x1082, 0x1082, 0x1082, 0x1082,
  0x1082, 0x1082, 0x1082, 0x1082, 0x1082, 0x1082, 0x1082, 0x1082, 0x1082, 0x1082, 0x1082, 0x1082,
  0x0000, 0x0000, 0x0000, 0x0000, 0x0000, 0x0000, 0x0000, 0x0000, 0x0000, 0x0000, 0x0000, 0x0000,
  0x0000, 0x0000, 0x0000, 0x0000, 0x0000, 0x0000, 0x0000, 0x0000, 0x0000, 0x0000, 0x0000, 0x0000,
  0x0000, 0x0000, 0x0000, 0x0000, 0x0000, 0x0000, 0x0000, 0x0000, 0x1060, 0x18A1, 0x2962, 0x950E,
  0xB671, 0x9D2D, 0x63A7, 0x31E2, 0x2141, 0x2121, 0x2122, 0x20E2, 0x18C0, 0x18E1, 0x10A0, 0x0860,
  0x1080, 0x0840, 0x0000, 0x0000, 0x0020, 0x0020, 0x1080, 0x18C1, 0x2942, 0x1900, 0x954E, 0x8CCC,
  0x18E0, 0x2923, 0x10C0, 0x0040, 0x0020, 0x0000, 0x0000, 0x0860, 0x08A0, 0x3202, 0x84AB, 0x6BC8,
  0x2181, 0x0880, 0x0880, 0x1900, 0x2160, 0x7C6A, 0x5B45, 0x1920, 0x10C0, 0x10C0, 0x10E0, 0x3220,
  0x9DCD, 0xB670, 0x8CEB, 0x4AE4, 0x21A0, 0x7CAA, 0xAE30, 0x8D0C, 0x3A63, 0x1920, 0x10A0, 0x10A0,
  0x10A0, 0x10E0, 0x6C29, 0x8D6B, 0x21E0, 0x42A4, 0x42A6, 0x08E0, 0x0060, 0x0880, 0x10E0, 0x1101,
  0x08C0, 0x0060, 0x0080, 0x1101, 0x1921, 0x0060, 0x08A0, 0x08A0, 0x1921, 0x10E0, 0x0860, 0x0000,
  0x0000, 0x0000, 0x0000, 0x0860, 0x1100, 0x952C, 0x850A, 0x6C46, 0xB690, 0x3A42, 0x10C0, 0x0860,
  0x0000, 0x0000, 0x0020, 0x0000, 0x0000, 0x0000, 0x0000, 0x0000, 0x0020, 0x0000, 0x0000, 0x0000,
  0x0000, 0x0020, 0x10A0, 0x2180, 0xADEF, 0x5325, 0x1120, 0x0860, 0x0020, 0x0000, 0x0000, 0x0000,
  0x0000, 0x0840, 0x10C0, 0x29C0, 0xB650, 0x7CCA, 0x954C, 0x8CCC, 0x29A1, 0x10C0, 0x0040, 0x0000,
  0x0000, 0x0000, 0x0000, 0x0000, 0x0000, 0x0000, 0x0000, 0x0000, 0x0000, 0x0000, 0x0000, 0x0000,
  0x0000, 0x0840, 0x10A0, 0x20E0, 0x20E0, 0x5B48, 0x9D8F, 0x1940, 0x20E2, 0x10A1, 0x1060, 0x0020,
  0x0000, 0x0000, 0x0000, 0x0841, 0x0840, 0x1081, 0x10A1, 0x1081, 0x18C2, 0x18E2, 0x2101, 0x2121,
  0x2141, 0x29A0, 0x52E5, 0x848B, 0xA5AF, 0xB632, 0x52C6, 0x18E0, 0x0860, 0x0020, 0x0020, 0x0000,
  0x0000, 0x0000, 0x0000, 0x0000, 0x0000, 0x0000, 0x0000, 0x0000, 0x0000, 0x0000, 0x0000, 0x0000,
  0x0000, 0x0000, 0x0000, 0x0000, 0x0000, 0x0000, 0x0000, 0x0000, 0x0000, 0x0000, 0x0000, 0x0000,
  0x1082, 0x1082, 0x1082, 0x1082, 0x1082, 0x1082, 0x1082, 0x1082, 0x1082, 0x1082, 0x1082, 0x1082,
  0x1082, 0x1082, 0x1082, 0x1082, 0x1082, 0x1082, 0x1082, 0x1082, 0x1082, 0x1082, 0x1082, 0x1082,
  0x1082, 0x1082, 0x1082, 0x1082, 0x1082, 0x1082, 0x1082, 0x10A1, 0x2102, 0x3143, 0x39C3, 0xAE11,
  0xA5CF, 0x41E4, 0x4204, 0x4A45, 0x4204, 0x31C2, 0x2962, 0x2943, 0x2122, 0x18E3, 0x10C2, 0x18A2,
  0x18A1, 0x1081, 0x1082, 0x0881, 0x1082, 0x0861, 0x18E2, 0x2102, 0x2943, 0x31A3, 0x5B68, 0xCEF4,
  0x52A6, 0x3184, 0x2983, 0x2123, 0x18C2, 0x1082, 0x1082, 0x0881, 0x18C2, 0x2121, 0x31E1, 0x848B,
  0x9D6E, 0x742A, 0x4AC4, 0x3221, 0x2A00, 0x8D0B, 0x63A6, 0x2180, 0x31E2, 0x4AC6, 0x7C8B, 0x9DCE,
  0x84EB, 0x63A8, 0x31E2, 0x2141, 0x29A2, 0x29E2, 0x4AC5, 0x29A1, 0x2141, 0x20E2, 0x10C2, 0x0881,
  0x18A2, 0x2142, 0x42E4, 0xBED2, 0x7427, 0x2140, 0x2141, 0x10A1, 0x18E2, 0x18C2, 0x18C2, 0x10A1,
  0x18C2, 0x1081, 0x18C2, 0x18A1, 0x18A2, 0x10A2, 0x1081, 0x10A1, 0x18C2, 0x10A1, 0x10A2, 0x1082,
  0x1082, 0x1082, 0x1082, 0x18E2, 0x2180, 0x9D8E, 0xBED2, 0xB6B1, 0x63E7, 0x29A1, 0x18C1, 0x1081,
  0x0882, 0x1062, 0x1081, 0x1082, 0x1062, 0x1082, 0x1062, 0x0842, 0x1082, 0x1082, 0x1081, 0x1082,
  0x1061, 0x18E2, 0x2161, 0x5B86, 0xD734, 0x7C6A, 0x2161, 0x18E2, 0x10A1, 0x1081, 0x1082, 0x1082,
  0x1082, 0x10A1, 0x10E1, 0x2181, 0x744A, 0xC713, 0x6C49, 0x29C1, 0x2122, 0x10A2, 0x1082, 0x10A2,
  0x0881, 0x1081, 0x1081, 0x0881, 0x0862, 0x1082, 0x1082, 0x1082, 0x1082, 0x1082, 0x1082, 0x10A2,
  0x10A2, 0x18E2, 0x2943, 0x3183, 0x39C3, 0xB613, 0x6BE9, 0x2181, 0x3143, 0x2122, 0x18C2, 0x1082,
  0x0862, 0x1082, 0x1082, 0x1061, 0x18A2, 0x10A1, 0x10C1, 0x1902, 0x2122, 0x2963, 0x2943, 0x3183,
  0x41E4, 0x4A04, 0x4224, 0x3A02, 0x63C8, 0xCF14, 0x6328, 0x2962, 0x2943, 0x18C2, 0x1081, 0x1082,
  0x1082, 0x1082, 0x1082, 0x1082, 0x1082, 0x1082, 0x1082, 0x1082, 0x1082, 0x1082, 0x1082, 0x1082,
  0x1082, 0x1082, 0x1082, 0x1082, 0x1082, 0x1082, 0x1082, 0x1082, 0x1082, 0x1082, 0x1082, 0x1082,
  0x0841, 0x0841, 0x0841, 0x0841, 0x0841, 0x0841, 0x0841, 0x0841, 0x0841, 0x0841, 0x0841, 0x0841,
  0x0841, 0x0841, 0x0841, 0x0841, 0x0841, 0x0841, 0x0841, 0x0841, 0x0841, 0x0841, 0x0841, 0x0841,
  0x0841, 0x0841, 0x0841, 0x0841, 0x0841, 0x0841, 0x0841, 0x0880, 0x18E1, 0x3123, 0x2101, 0x6C09,
  0xAE51, 0x4A64, 0x4224, 0x39C3, 0x3183, 0x2142, 0x18C2, 0x10A1, 0x1081, 0x1081, 0x0861, 0x0841,
  0x0041, 0x0040, 0x0040, 0x0040, 0x0820, 0x0841, 0x0861, 0x10A1, 0x2122, 0x2943, 0x2962, 0xA5B0,
  0x7CCB, 0x2181, 0x3123, 0x18E2, 0x10A1, 0x0861, 0x0861, 0x0841, 0x0841, 0x0881, 0x10E1, 0x10E0,
  0x42A4, 0x8CEC, 0x954D, 0x8D2C, 0x7489, 0xAE2F, 0x850B, 0x7428, 0x84AB, 0x9D6E, 0x7C8B, 0x4284,
  0x1960, 0x1100, 0x10E0, 0x10C1, 0x0881, 0x08A0, 0x08A0, 0x10A1, 0x0881, 0x0821, 0x0041, 0x0860,
  0x0861, 0x10A1, 0x2161, 0x9D8D, 0x958E, 0x29A1, 0x2941, 0x10A0, 0x08C0, 0x0881, 0x0861, 0x0821,
  0x0841, 0x0840, 0x0841, 0x0841, 0x0841, 0x0841, 0x0841, 0x0841, 0x0841, 0x0841, 0x0841, 0x0841,
  0x0841, 0x0841, 0x0841, 0x10A1, 0x1960, 0x8D2C, 0xCF34, 0x7C69, 0x2180, 0x18E1, 0x0861, 0x0021,
  0x0841, 0x0841, 0x0841, 0x0841, 0x0841, 0x0821, 0x0861, 0x0861, 0x0841, 0x0861, 0x0840, 0x0841,
  0x1081, 0x1921, 0x29A0, 0x8D2B, 0xB64F, 0x84CA, 0x2181, 0x10A1, 0x0841, 0x0841, 0x0841, 0x0841,
  0x0841, 0x0020, 0x0881, 0x08A0, 0x2982, 0x3223, 0x1120, 0x10E1, 0x10A1, 0x0841, 0x0821, 0x0841,
  0x0841, 0x0841, 0x0841, 0x0841, 0x0841, 0x0841, 0x0841, 0x0020, 0x0841, 0x0841, 0x0821, 0x1061,
  0x08A1, 0x10C1, 0x2923, 0x2921, 0x5B68, 0xB612, 0x3A03, 0x2961, 0x2101, 0x10A1, 0x1081, 0x0820,
  0x0820, 0x0821, 0x0021, 0x0041, 0x0841, 0x0841, 0x0841, 0x0860, 0x0881, 0x10A1, 0x18C1, 0x2102,
  0x2942, 0x39C3, 0x4204, 0x3A02, 0x8CEC, 0xA5F0, 0x3163, 0x2962, 0x18E2, 0x1081, 0x0841, 0x0841,
  0x0841, 0x0841, 0x0841, 0x0841, 0x0841, 0x0841, 0x0841, 0x0841, 0x0841, 0x0841, 0x0841, 0x0841,
  0x0841, 0x0841, 0x0841, 0x0841, 0x0841, 0x0841, 0x0841, 0x0841, 0x0841, 0x0841, 0x0841, 0x0841,
  0x0000, 0x0000, 0x0000, 0x0000, 0x0000, 0x0000, 0x0000, 0x0000, 0x0000, 0x0000, 0x0000, 0x0000,
  0x0000, 0x0000, 0x0000, 0x0000, 0x0000, 0x0000, 0x0000, 0x0000, 0x0000, 0x0000, 0x0000, 0x0000,
  0x0000, 0x0000, 0x0020, 0x0020, 0x0020, 0x0020, 0x0000, 0x0040, 0x10A1, 0x20C1, 0x2942, 0x3202,
  0xB651, 0x6BC9, 0x31A1, 0x2961, 0x2922, 0x18C1, 0x0860, 0x0840, 0x0020, 0x0020, 0x0000, 0x0000,
  0x0020, 0x0020, 0x0020, 0x0020, 0x0040, 0x0820, 0x0840, 0x1080, 0x18C1, 0x2102, 0x2121, 0x4AC5,
  0xBE93, 0x4244, 0x2922, 0x2102, 0x10A1, 0x0860, 0x0840, 0x0000, 0x0821, 0x0020, 0x0840, 0x0880,
  0x0880, 0x08C0, 0x2181, 0x3A23, 0x5B26, 0x5325, 0x5B66, 0x5B27, 0x3A64, 0x2161, 0x08A0, 0x0880,
  0x0881, 0x0861, 0x0020, 0x0000, 0x0000, 0x0020, 0x0020, 0x0020, 0x0020, 0x0000, 0x0000, 0x0040,
  0x0020, 0x0861, 0x08A0, 0x5325, 0xB691, 0x4AC3, 0x2140, 0x4265, 0x5308, 0x1922, 0x0040, 0x0020,
  0x0000, 0x0000, 0x0000, 0x0000, 0x0000, 0x0000, 0x0000, 0x0020, 0x0020, 0x0020, 0x0020, 0x0020,
  0x0020, 0x0000, 0x0000, 0x0880, 0x1120, 0x8D2C, 0x956D, 0x21A0, 0x1900, 0x0840, 0x0000, 0x0000,
  0x0000, 0x0000, 0x0000, 0x0000, 0x0020, 0x0020, 0x0000, 0x0021, 0x0021, 0x0021, 0x0001, 0x0000,
  0x0880, 0x1940, 0x84CA, 0xAE2F, 0x5BA4, 0x954B, 0x3A43, 0x0860, 0x0020, 0x0000, 0x0000, 0x0000,
  0x0000, 0x0020, 0x0000, 0x0040, 0x0860, 0x0060, 0x0880, 0x0020, 0x0020, 0x0000, 0x0000, 0x0020,
  0x0000, 0x0000, 0x0000, 0x0000, 0x0000, 0x0020, 0x0000, 0x0000, 0x0000, 0x0020, 0x0020, 0x0820,
  0x10A1, 0x18C1, 0x2943, 0x2961, 0xADD1, 0x6BA9, 0x1900, 0x2122, 0x18C1, 0x1081, 0x0860, 0x0840,
  0x0840, 0x0840, 0x0020, 0x0020, 0x0020, 0x0020, 0x0020, 0x0020, 0x0020, 0x0020, 0x0840, 0x10A0,
  0x2101, 0x2962, 0x31C2, 0x3A23, 0xBE72, 0x5B87, 0x2122, 0x2101, 0x18A1, 0x0840, 0x0000, 0x0000,
  0x0000, 0x0000, 0x0000, 0x0000, 0x0000, 0x0000, 0x0000, 0x0000, 0x0000, 0x0000, 0x0000, 0x0000,
  0x0000, 0x0000, 0x0000, 0x0000, 0x0000, 0x0000, 0x0000, 0x0000, 0x0000, 0x0000, 0x0000, 0x0000,
  0x1082, 0x1082, 0x1082, 0x1082, 0x1082, 0x1082, 0x1082, 0x1082, 0x1082, 0x1082, 0x1082, 0x1082,
  0x1082, 0x1082, 0x1082, 0x1082, 0x1082, 0x1082, 0x1082, 0x1082, 0x1082, 0x1082, 0x1082, 0x1082,
  0x1082, 0x1082, 0x10A2, 0x10A2, 0x10A2, 0x10A2, 0x10A2, 0x10A2, 0x2102, 0x2944, 0x39C4, 0x31E2,
  0x954E, 0xBE72, 0x4223, 0x4204, 0x3184, 0x20E2, 0x18E3, 0x18A2, 0x1082, 0x1082, 0x1082, 0x10A2,
  0x18A2, 0x18C2, 0x18E2, 0x18E2, 0x20E2, 0x2102, 0x2102, 0x2102, 0x2943, 0x2963, 0x39A3, 0x3A23,
  0xADF1, 0x9D70, 0x31A2, 0x39C4, 0x2963, 0x2102, 0x18C2, 0x1082, 0x0861, 0x10A3, 0x1082, 0x1082,
  0x18C3, 0x18E2, 0x18E2, 0x18E1, 0x2121, 0x2120, 0x2141, 0x1921, 0x1901, 0x10C1, 0x10A2, 0x18C2,
  0x10A2, 0x1082, 0x10A2, 0x10A2, 0x10A2, 0x1082, 0x1082, 0x1082, 0x10A2, 0x10A2, 0x0882, 0x10C2,
  0x10A1, 0x18A2, 0x2122, 0x2A01, 0xAE2F, 0x954B, 0x4281, 0xBE72, 0xFFFB, 0x5B48, 0x10E0, 0x0881,
  0x10A3, 0x1082, 0x1082, 0x1082, 0x1082, 0x1082, 0x1082, 0x10A2, 0x10A2, 0x10A2, 0x10A2, 0x10A2,
  0x10A2, 0x1082, 0x1082, 0x1902, 0x2180, 0xA5CE, 0x9D8E, 0x1960, 0x2142, 0x10A2, 0x1083, 0x1082,
  0x1082, 0x1082, 0x1082, 0x1082, 0x0881, 0x1082, 0x1082, 0x1082, 0x18C2, 0x10A2, 0x10A2, 0x18E3,
  0x2141, 0x7429, 0xC6D0, 0x9DCC, 0x5BA3, 0xB64F, 0x4AA5, 0x18E2, 0x10A2, 0x1082, 0x1082, 0x1082,
  0x1082, 0x10A2, 0x1082, 0x1082, 0x1082, 0x1082, 0x1082, 0x1062, 0x1082, 0x1082, 0x1082, 0x1082,
  0x1082, 0x1082, 0x1082, 0x1082, 0x1082, 0x10A2, 0x1082, 0x1082, 0x10A2, 0x10A2, 0x10A1, 0x2123,
  0x2103, 0x39E5, 0x2962, 0x740A, 0xC693, 0x3A03, 0x31C3, 0x2943, 0x2943, 0x2102, 0x2102, 0x2102,
  0x2102, 0x2102, 0x18E2, 0x18C2, 0x18C2, 0x10A2, 0x1082, 0x1082, 0x1082, 0x10A2, 0x18A2, 0x2103,
  0x2943, 0x39E4, 0x3A03, 0x846B, 0xC6B4, 0x4A85, 0x31A4, 0x2963, 0x2123, 0x18C2, 0x1082, 0x1082,
  0x1082, 0x1082, 0x1082, 0x1082, 0x1082, 0x1082, 0x1082, 0x1082, 0x1082, 0x1082, 0x1082, 0x1082,
  0x1082, 0x1082, 0x1082, 0x1082, 0x1082, 0x1082, 0x1082, 0x1082, 0x1082, 0x1082, 0x1082, 0x1082,
  0x0000, 0x0000, 0x0000, 0x0000, 0x0000, 0x0000, 0x0000, 0x0000, 0x0000, 0x0000, 0x0000, 0x0000,
  0x0000, 0x0000, 0x0000, 0x0000, 0x0000, 0x0000, 0x0000, 0x0000, 0x0000, 0x0000, 0x0000, 0x0000,
  0x0000, 0x0000, 0x0000, 0x0000, 0x0000, 0x0000, 0x0000, 0x0000, 0x0840, 0x18C1, 0x1901, 0x2141,
  0x4264, 0xB672, 0x4AA5, 0x2121, 0x20E1, 0x1081, 0x0860, 0x0020, 0x0000, 0x0020, 0x0820, 0x0840,
  0x0860, 0x10A0, 0x10A1, 0x10C1, 0x18E1, 0x18E1, 0x18C0, 0x18A0, 0x18C0, 0x2101, 0x2101, 0x2121,
  0x4244, 0xB653, 0x42C4, 0x2121, 0x2101, 0x10A0, 0x0860, 0x0020, 0x0000, 0x0000, 0x0000, 0x0021,
  0x0000, 0x0000, 0x0000, 0x0840, 0x0020, 0x0860, 0x0020, 0x0040, 0x0020, 0x0040, 0x0020, 0x0000,
  0x0000, 0x0000, 0x0000, 0x0020, 0x0020, 0x0000, 0x0000, 0x0000, 0x0000, 0x0000, 0x0000, 0x0020,
  0x0020, 0x0000, 0x0860, 0x08A0, 0x5B87, 0xA5EE, 0x3260, 0x6387, 0x846C, 0x2182, 0x0880, 0x0020,
  0x0000, 0x0020, 0x0000, 0x0000, 0x0000, 0x0000, 0x0000, 0x0000, 0x0000, 0x0000, 0x0000, 0x0000,
  0x0000, 0x0000, 0x0000, 0x0880, 0x10E0, 0x8D2C, 0x84EB, 0x10C0, 0x1060, 0x0000, 0x0000, 0x0000,
  0x0000, 0x0000, 0x0000, 0x0000, 0x0020, 0x0000, 0x0000, 0x0040, 0x08A0, 0x08A0, 0x10A0, 0x10E0,
  0x1120, 0x84EA, 0x7CC8, 0x84E9, 0x5BC4, 0x8D0A, 0x29C2, 0x0840, 0x0000, 0x0000, 0x0000, 0x0000,
  0x0000, 0x0000, 0x0020, 0x0000, 0x0000, 0x0001, 0x0000, 0x0000, 0x0000, 0x0020, 0x0000, 0x0000,
  0x0000, 0x0000, 0x0000, 0x0000, 0x0000, 0x0000, 0x0000, 0x0000, 0x0000, 0x0020, 0x0860, 0x10A0,
  0x20E2, 0x2101, 0x29C2, 0xB612, 0x5B07, 0x1921, 0x1901, 0x2102, 0x1080, 0x10A0, 0x18C1, 0x18C1,
  0x18E1, 0x18E1, 0x18C1, 0x10A1, 0x1080, 0x0860, 0x0840, 0x0020, 0x0020, 0x0000, 0x0020, 0x1080,
  0x18C1, 0x2942, 0x2160, 0xADD0, 0x7C2B, 0x2120, 0x2122, 0x18C0, 0x1060, 0x0020, 0x0000, 0x0000,
  0x0000, 0x0000, 0x0000, 0x0000, 0x0000, 0x0000, 0x0000, 0x0000, 0x0000, 0x0000, 0x0000, 0x0000,
  0x0000, 0x0000, 0x0000, 0x0000, 0x0000, 0x0000, 0x0000, 0x0000, 0x0000, 0x0000, 0x0000, 0x0000,
  0x0841, 0x0841, 0x0841, 0x0841, 0x0841, 0x0841, 0x0841, 0x0841, 0x0841, 0x0841, 0x0841, 0x0841,
  0x0841, 0x0841, 0x0841, 0x0841, 0x0841, 0x0841, 0x0841, 0x0841, 0x0841, 0x0841, 0x0841, 0x0841,
  0x0841, 0x0841, 0x0861, 0x0861, 0x0861, 0x0861, 0x0861, 0x0841, 0x1081, 0x10C1, 0x2122, 0x3183,
  0x31C2, 0x9D8F, 0x9D4F, 0x2962, 0x3183, 0x2923, 0x18E2, 0x18C1, 0x10A1, 0x10A2, 0x18C2, 0x1901,
  0x2122, 0x2942, 0x3183, 0x2983, 0x2942, 0x2942, 0x2922, 0x2922, 0x2922, 0x2922, 0x2942, 0x31A3,
  0x2961, 0x84CC, 0xAE31, 0x31A3, 0x3183, 0x2922, 0x20E2, 0x10A1, 0x0861, 0x0841, 0x1081, 0x0861,
  0x0861, 0x0881, 0x0861, 0x0041, 0x0862, 0x0021, 0x0862, 0x0861, 0x0841, 0x0861, 0x0861, 0x0861,
  0x0861, 0x0861, 0x0861, 0x0841, 0x0841, 0x0861, 0x0860, 0x0841, 0x0861, 0x0861, 0x0862, 0x0841,
  0x0861, 0x0841, 0x1081, 0x1901, 0x3A23, 0xB671, 0x7468, 0x29C0, 0x2161, 0x1101, 0x10C1, 0x0861,
  0x0862, 0x0861, 0x0861, 0x0841, 0x0841, 0x0841, 0x0841, 0x0861, 0x0861, 0x0861, 0x0861, 0x0861,
  0x0861, 0x0841, 0x0861, 0x10C1, 0x1940, 0x956D, 0x8D4C, 0x1900, 0x18C2, 0x0841, 0x0041, 0x0861,
  0x0841, 0x0841, 0x0841, 0x0841, 0x0861, 0x0861, 0x1082, 0x0880, 0x5327, 0x848B, 0x29C1, 0x3201,
  0x6C07, 0xBEB0, 0x7C87, 0x954B, 0x84E9, 0x84CA, 0x2181, 0x1061, 0x0841, 0x0841, 0x0841, 0x0841,
  0x0841, 0x0841, 0x0841, 0x0861, 0x0861, 0x0861, 0x0861, 0x0861, 0x0860, 0x0860, 0x0861, 0x0862,
  0x0841, 0x0841, 0x0841, 0x0841, 0x0841, 0x0861, 0x0841, 0x0861, 0x0861, 0x0862, 0x10C1, 0x2122,
  0x3164, 0x2121, 0x8CED, 0xA5B0, 0x2161, 0x31C4, 0x2122, 0x2122, 0x2922, 0x2923, 0x2943, 0x2942,
  0x2942, 0x2942, 0x31A3, 0x2983, 0x2142, 0x2102, 0x18C1, 0x10A1, 0x10A1, 0x10A1, 0x10A1, 0x2122,
  0x2943, 0x2943, 0x6388, 0xBE92, 0x4AA5, 0x3162, 0x2942, 0x18E1, 0x10A1, 0x0841, 0x0841, 0x0841,
  0x0841, 0x0841, 0x0841, 0x0841, 0x0841, 0x0841, 0x0841, 0x0841, 0x0841, 0x0841, 0x0841, 0x0841,
  0x0841, 0x0841, 0x0841, 0x0841, 0x0841, 0x0841, 0x0841, 0x0841, 0x0841, 0x0841, 0x0841, 0x0841,
  0x0861, 0x0861, 0x0861, 0x0861, 0x0861, 0x0861, 0x0861, 0x0861, 0x0861, 0x0861, 0x0861, 0x0861,
  0x0861, 0x0861, 0x0861, 0x0861, 0x0861, 0x0861, 0x0861, 0x0861, 0x0861, 0x0861, 0x0861, 0x0861,
  0x0861, 0x0861, 0x0861, 0x0861, 0x0861, 0x0861, 0x0861, 0x0862, 0x1062, 0x10A2, 0x2102, 0x2983,
  0x3163, 0x6B89, 0xBF13, 0x4AA5, 0x3983, 0x29A3, 0x2142, 0x2102, 0x2102, 0x2123, 0x2142, 0x2963,
  0x2983, 0x31A3, 0x2982, 0x41E4, 0x5B07, 0x8CCD, 0x3A24, 0x2982, 0x3183, 0x2923, 0x2943, 0x2963,
  0x31A3, 0x4244, 0xC694, 0x740A, 0x2982, 0x3164, 0x2103, 0x18E2, 0x1081, 0x1061, 0x1061, 0x1061,
  0x0861, 0x0861, 0x0861, 0x0861, 0x0861, 0x0861, 0x0861, 0x0861, 0x0861, 0x0861, 0x0861, 0x0861,
  0x0861, 0x0861, 0x0861, 0x0861, 0x0861, 0x0861, 0x0861, 0x0861, 0x0861, 0x0861, 0x0862, 0x0861,
  0x0861, 0x0861, 0x0862, 0x10A1, 0x2981, 0x84CC, 0xAE50, 0x3A62, 0x29A1, 0x1900, 0x10C0, 0x10A1,
  0x10A1, 0x0841, 0x1081, 0x0861, 0x0861, 0x0861, 0x0861, 0x0861, 0x0861, 0x0861, 0x0861, 0x0861,
  0x0861, 0x1061, 0x1081, 0x18E1, 0x1940, 0x9D6D, 0x954C, 0x1920, 0x18C2, 0x0861, 0x0861, 0x0861,
  0x0861, 0x0861, 0x0861, 0x0861, 0x1082, 0x1061, 0x10A2, 0x10E0, 0x7C4A, 0xD754, 0x5B65, 0x6C07,
  0xBE70, 0xCF32, 0x6C46, 0x9D8C, 0xA5CD, 0x7C8A, 0x1921, 0x1082, 0x0862, 0x0861, 0x0861, 0x0861,
  0x0861, 0x0861, 0x0861, 0x0861, 0x0861, 0x0861, 0x0861, 0x0861, 0x0861, 0x0861, 0x0861, 0x0861,
  0x0861, 0x0861, 0x0861, 0x0861, 0x0861, 0x0882, 0x0882, 0x0861, 0x0881, 0x10A2, 0x2121, 0x3163,
  0x2963, 0x4AE5, 0xC6B4, 0x52E7, 0x2942, 0x2963, 0x2963, 0x2142, 0x2963, 0x3163, 0x3203, 0x9D6F,
  0x84AC, 0x52E5, 0x31A3, 0x2983, 0x39A4, 0x3163, 0x2942, 0x2943, 0x2123, 0x1901, 0x2962, 0x2962,
  0x31A3, 0x31C3, 0x952E, 0xADF0, 0x31C3, 0x3183, 0x2942, 0x18E1, 0x1081, 0x0861, 0x0861, 0x0861,
  0x0861, 0x0861, 0x0861, 0x0861, 0x0861, 0x0861, 0x0861, 0x0861, 0x0861, 0x0861, 0x0861, 0x0861,
  0x0861, 0x0861, 0x0861, 0x0861, 0x0861, 0x0861, 0x0861, 0x0861, 0x0861, 0x0861, 0x0861, 0x0861,
  0x0000, 0x0000, 0x0000, 0x0000, 0x0000, 0x0000, 0x0000, 0x0000, 0x0000, 0x0000, 0x0000, 0x0000,
  0x0000, 0x0000, 0x0000, 0x0000, 0x0000, 0x0000, 0x0000, 0x0000, 0x0000, 0x0000, 0x0000, 0x0000,
  0x0000, 0x0000, 0x0000, 0x0000, 0x0000, 0x0000, 0x0000, 0x0000, 0x0000, 0x0020, 0x1080, 0x18E1,
  0x2102, 0x2982, 0x9DEF, 0x73E9, 0x2921, 0x2982, 0x2942, 0x20E1, 0x18E1, 0x2102, 0x2142, 0x2901,
  0x28E1, 0x31C2, 0x6BE9, 0x9DEF, 0xAE31, 0xC693, 0x8CAC, 0x2120, 0x2122, 0x18C1, 0x18E1, 0x18C1,
  0x2122, 0x1900, 0x6347, 0xAE11, 0x3203, 0x2121, 0x20E2, 0x1080, 0x0840, 0x0020, 0x0000, 0x0000,
  0x0000, 0x0000, 0x0000, 0x0000, 0x0000, 0x0000, 0x0000, 0x0000, 0x0000, 0x0000, 0x0000, 0x0000,
  0x0000, 0x0000, 0x0000, 0x0000, 0x0000, 0x0000, 0x0000, 0x0000, 0x0000, 0x0000, 0x0000, 0x0000,
  0x0000, 0x0000, 0x0000, 0x0020, 0x10A0, 0x3A42, 0xB671, 0x5B65, 0x29A0, 0x6368, 0x6B8A, 0x18E1,
  0x0020, 0x0000, 0x0000, 0x0000, 0x0000, 0x0000, 0x0000, 0x0000, 0x0000, 0x0000, 0x0000, 0x0000,
  0x0000, 0x0000, 0x0000, 0x0840, 0x10C0, 0x8CEB, 0x7CCB, 0x08C0, 0x0860, 0x0000, 0x0000, 0x0000,
  0x0000, 0x0000, 0x0000, 0x0000, 0x0000, 0x0000, 0x0840, 0x10C0, 0x63C7, 0x956C, 0x956B, 0x9D8D,
  0x5323, 0x956B, 0x6405, 0x8D2A, 0xAE0E, 0x3A83, 0x0880, 0x0000, 0x0000, 0x0000, 0x0000, 0x0000,
  0x0000, 0x0000, 0x0000, 0x0000, 0x0000, 0x0000, 0x0000, 0x0000, 0x0000, 0x0000, 0x0000, 0x0000,
  0x0000, 0x0000, 0x0000, 0x0000, 0x0000, 0x0000, 0x0000, 0x0000, 0x0040, 0x0880, 0x18C1, 0x2102,
  0x1940, 0x9D6E, 0x7C4B, 0x18E0, 0x2121, 0x18C1, 0x18C1, 0x18E1, 0x2942, 0x1900, 0x6BA9, 0xBE92,
  0xA5B0, 0xBE32, 0x8CEC, 0x5305, 0x2160, 0x2121, 0x2102, 0x2102, 0x2101, 0x2101, 0x2141, 0x2962,
  0x2961, 0x3A23, 0xBE52, 0x5306, 0x1900, 0x2102, 0x10C0, 0x0840, 0x0000, 0x0000, 0x0000, 0x0000,
  0x0000, 0x0000, 0x0000, 0x0000, 0x0000, 0x0000, 0x0000, 0x0000, 0x0000, 0x0000, 0x0000, 0x0000,
  0x0000, 0x0000, 0x0000, 0x0000, 0x0000, 0x0000, 0x0000, 0x0000, 0x0000, 0x0000, 0x0000, 0x0000,
  0x1082, 0x1082, 0x1082, 0x1082, 0x1082, 0x1082, 0x1082, 0x1082, 0x1082, 0x1082, 0x1082, 0x1082,
  0x1082, 0x1082, 0x1082, 0x1082, 0x1082, 0x1082, 0x1082, 0x1082, 0x1082, 0x1082, 0x1082, 0x1082,
  0x1082, 0x1082, 0x1082, 0x1082, 0x1082, 0x1082, 0x1082, 0x1082, 0x1082, 0x10A2, 0x18E2, 0x2943,
  0x3184, 0x31A3, 0x848C, 0xC6D4, 0x4264, 0x4245, 0x4224, 0x4224, 0x39E3, 0x31A2, 0x31C3, 0x52E6,
  0x950E, 0xCEF5, 0xC6B3, 0x8D2C, 0x5305, 0x6BC8, 0xCED4, 0x5306, 0x31A3, 0x3184, 0x2963, 0x2943,
  0x31A4, 0x31A3, 0x31C2, 0xA5F0, 0xADD1, 0x29C1, 0x39C4, 0x3143, 0x2123, 0x18C2, 0x10A2, 0x1082,
  0x1082, 0x1082, 0x1082, 0x1082, 0x1082, 0x1082, 0x1082, 0x1082, 0x1082, 0x1082, 0x1082, 0x1082,
  0x1082, 0x1082, 0x1082, 0x1082, 0x1082, 0x1082, 0x1082, 0x1082, 0x1082, 0x1082, 0x1082, 0x1082,
  0x1082, 0x1082, 0x1082, 0x1082, 0x2102, 0x29C1, 0x9D8E, 0xA5CD, 0x5343, 0xDF35, 0xEF99, 0x31C4,
  0x18A2, 0x18A2, 0x1082, 0x1082, 0x1082, 0x1082, 0x1082, 0x1082, 0x1082, 0x1082, 0x1082, 0x1082,
  0x1082, 0x1082, 0x1082, 0x18E2, 0x2161, 0x9D6E, 0x956D, 0x2160, 0x20E2, 0x1082, 0x0881, 0x1082,
  0x1082, 0x1082, 0x1082, 0x1082, 0x1083, 0x1082, 0x2102, 0x29C1, 0x84CB, 0x7467, 0xB68F, 0x8D0A,
  0x3240, 0x8D0A, 0x958B, 0x8D2A, 0x84CB, 0x29C1, 0x2122, 0x1061, 0x1082, 0x1082, 0x1082, 0x1082,
  0x1082, 0x1082, 0x1082, 0x1082, 0x1082, 0x1082, 0x1082, 0x1082, 0x1082, 0x1082, 0x1082, 0x1082,
  0x1082, 0x1082, 0x1082, 0x1082, 0x1082, 0x0882, 0x10A2, 0x18C2, 0x2102, 0x2943, 0x3184, 0x31A3,
  0x7C6B, 0xC6B3, 0x31A3, 0x39C5, 0x31A3, 0x3183, 0x2983, 0x31A3, 0x3A04, 0x4264, 0xCEF5, 0x848B,
  0x4263, 0x6BA9, 0xADEF, 0xD734, 0xB652, 0x740A, 0x4265, 0x31C3, 0x39C3, 0x4A44, 0x41E3, 0x4A45,
  0x3A03, 0x84AC, 0xC673, 0x3A03, 0x39C4, 0x2943, 0x2102, 0x18C2, 0x1082, 0x1082, 0x1082, 0x1082,
  0x1082, 0x1082, 0x1082, 0x1082, 0x1082, 0x1082, 0x1082, 0x1082, 0x1082, 0x1082, 0x1082, 0x1082,
  0x1082, 0x1082, 0x1082, 0x1082, 0x1082, 0x1082, 0x1082, 0x1082, 0x1082, 0x1082, 0x1082, 0x1082,
  0x0020, 0x0020, 0x0020, 0x0020, 0x0020, 0x0020, 0x0020, 0x0020, 0x0020, 0x0020, 0x0020, 0x0020,
  0x0020, 0x0020, 0x0020, 0x0020, 0x0020, 0x0020, 0x0020, 0x0020, 0x0020, 0x0020, 0x0020, 0x0020,
  0x0020, 0x0020, 0x0020, 0x0020, 0x0020, 0x0020, 0x0020, 0x0020, 0x0020, 0x0840, 0x0860, 0x10A1,
  0x2122, 0x2121, 0x4A65, 0xB651, 0x63C8, 0x31C2, 0x39E2, 0x29A1, 0x31E1, 0x5B47, 0x9D2F, 0xB6B2,
  0x9E10, 0x63A8, 0x4223, 0x39A2, 0x41C3, 0x31C1, 0x9D6E, 0x952E, 0x2141, 0x2962, 0x2122, 0x2102,
  0x2102, 0x2942, 0x2141, 0x3A23, 0xB632, 0x6388, 0x2141, 0x3163, 0x18E1, 0x10A1, 0x0840, 0x0020,
  0x0020, 0x0020, 0x0020, 0x0020, 0x0020, 0x0020, 0x0020, 0x0020, 0x0020, 0x0020, 0x0020, 0x0020,
  0x0020, 0x0020, 0x0020, 0x0020, 0x0020, 0x0020, 0x0020, 0x0020, 0x0020, 0x0020, 0x0020, 0x0020,
  0x0020, 0x0020, 0x0020, 0x0020, 0x0881, 0x18E0, 0x5305, 0xB670, 0x4B22, 0x5B65, 0x5B47, 0x10E1,
  0x1080, 0x0840, 0x0020, 0x0020, 0x0020, 0x0020, 0x0020, 0x0020, 0x0020, 0x0020, 0x0020, 0x0020,
  0x0020, 0x0840, 0x0820, 0x10A0, 0x1920, 0x8D0C, 0x850B, 0x10E0, 0x1081, 0x0820, 0x0040, 0x0020,
  0x0020, 0x0020, 0x0020, 0x0020, 0x0020, 0x0880, 0x1100, 0x1980, 0x8D0A, 0x5343, 0x63E6, 0x952B,
  0x2A20, 0x63E6, 0x8D0A, 0x8D0A, 0x6BE8, 0x10C0, 0x0860, 0x0841, 0x0020, 0x0020, 0x0020, 0x0020,
  0x0020, 0x0020, 0x0020, 0x0020, 0x0020, 0x0020, 0x0020, 0x0020, 0x0020, 0x0020, 0x0020, 0x0020,
  0x0020, 0x0020, 0x0020, 0x0020, 0x0020, 0x0020, 0x0840, 0x1080, 0x18C1, 0x2142, 0x2122, 0x4264,
  0xBE72, 0x4AA5, 0x2963, 0x2102, 0x2121, 0x2122, 0x2122, 0x2941, 0x2161, 0x7C6A, 0xBE32, 0x3A02,
  0x4223, 0x31C2, 0x31A3, 0x4A85, 0x8CAC, 0xBE73, 0xAE30, 0x7C4A, 0x4A84, 0x31A1, 0x31A1, 0x4A24,
  0x3A02, 0xB631, 0x7C0A, 0x2942, 0x2942, 0x18E1, 0x1080, 0x0840, 0x0020, 0x0020, 0x0020, 0x0020,
  0x0020, 0x0020, 0x0020, 0x0020, 0x0020, 0x0020, 0x0020, 0x0020, 0x0020, 0x0020, 0x0020, 0x0020,
  0x0020, 0x0020, 0x0020, 0x0020, 0x0020, 0x0020, 0x0020, 0x0020, 0x0020, 0x0020, 0x0020, 0x0020,
  0x0020, 0x0020, 0x0020, 0x0020, 0x0020, 0x0020, 0x0020, 0x0020, 0x0020, 0x0020, 0x0020, 0x0020,
  0x0020, 0x0020, 0x0020, 0x0020, 0x0020, 0x0020, 0x0020, 0x0020, 0x0020, 0x0020, 0x0020, 0x0020,
  0x0020, 0x0020, 0x0020, 0x0020, 0x0020, 0x0020, 0x0020, 0x0020, 0x0020, 0x0020, 0x0840, 0x1081,
  0x18E1, 0x2942, 0x3122, 0x8D2D, 0x95AE, 0x3182, 0x4AA4, 0x7429, 0xB631, 0xBE72, 0x8D0D, 0x4AC6,
  0x2161, 0x2961, 0x31A3, 0x31A3, 0x39A4, 0x3182, 0x42A4, 0xBE93, 0x52E7, 0x2962, 0x2962, 0x2122,
  0x18E2, 0x2102, 0x2942, 0x2922, 0x6368, 0xBE73, 0x42A5, 0x2921, 0x2122, 0x18E1, 0x1080, 0x0841,
  0x0821, 0x0021, 0x0020, 0x0020, 0x0020, 0x0020, 0x0020, 0x0020, 0x0020, 0x0020, 0x0020, 0x0020,
  0x0020, 0x0020, 0x0020, 0x0020, 0x0020, 0x0020, 0x0020, 0x0020, 0x0020, 0x0020, 0x0020, 0x0020,
  0x0020, 0x0020, 0x0020, 0x0021, 0x0841, 0x10A0, 0x29A1, 0xA5AE, 0x7CC9, 0x21A0, 0x1920, 0x10A1,
  0x10A1, 0x0820, 0x0860, 0x0860, 0x0860, 0x0860, 0x0840, 0x0861, 0x0860, 0x0861, 0x0040, 0x0860,
  0x0860, 0x0860, 0x0861, 0x10C1, 0x1960, 0x8D2B, 0x850B, 0x10E0, 0x1081, 0x0820, 0x0040, 0x0020,
  0x0020, 0x0021, 0x0841, 0x0841, 0x1081, 0x1900, 0x5326, 0x4B23, 0x84EA, 0x4AE3, 0x3221, 0x9D8E,
  0x42A2, 0x5324, 0xA5ED, 0x9DAC, 0x4283, 0x10A0, 0x0840, 0x0820, 0x0020, 0x0020, 0x0020, 0x0020,
  0x0020, 0x0020, 0x0020, 0x0020, 0x0020, 0x0020, 0x0020, 0x0020, 0x0020, 0x0020, 0x0020, 0x0020,
  0x0020, 0x0020, 0x0020, 0x0020, 0x0020, 0x0841, 0x1061, 0x18C1, 0x2101, 0x2962, 0x2982, 0xADF1,
  0x744A, 0x1901, 0x2922, 0x2121, 0x2101, 0x2122, 0x2142, 0x2982, 0x4264, 0xBEB3, 0x6BC9, 0x3181,
  0x39C3, 0x39A3, 0x3162, 0x3182, 0x2961, 0x31E3, 0x740B, 0xADF1, 0xB652, 0x950D, 0x6347, 0x3181,
  0x6387, 0xBEB2, 0x4224, 0x2922, 0x20E2, 0x10A1, 0x0840, 0x0820, 0x0020, 0x0020, 0x0020, 0x0020,
  0x0020, 0x0020, 0x0020, 0x0020, 0x0020, 0x0020, 0x0020, 0x0020, 0x0020, 0x0020, 0x0020, 0x0020,
  0x0020, 0x0020, 0x0020, 0x0020, 0x0020, 0x0020, 0x0020, 0x0020, 0x0020, 0x0020, 0x0020, 0x0020,
  0x1082, 0x1082, 0x1082, 0x1082, 0x1082, 0x1082, 0x1082, 0x1082, 0x1082, 0x1082, 0x1082, 0x1082,
  0x1082, 0x1082, 0x1082, 0x1082, 0x1082, 0x1082, 0x1082, 0x1082, 0x1082, 0x1082, 0x1082, 0x1082,
  0x1082, 0x1082, 0x1082, 0x1082, 0x1082, 0x1082, 0x1082, 0x1082, 0x1082, 0x1082, 0x1082, 0x10A2,
  0x2103, 0x3143, 0x39A4, 0x5B67, 0xCF34, 0xADF0, 0xBED3, 0xC6B3, 0x8CED, 0x4A85, 0x31A3, 0x39A4,
  0x39C4, 0x31A4, 0x31A3, 0x31C4, 0x39E4, 0x4205, 0x31C3, 0x8CCE, 0xB612, 0x3A43, 0x39C3, 0x3183,
  0x2963, 0x2943, 0x3184, 0x39A5, 0x29A2, 0x9D4E, 0xB652, 0x3203, 0x31A3, 0x3184, 0x2102, 0x18E2,
  0x10A2, 0x1082, 0x1082, 0x1082, 0x1082, 0x1082, 0x1082, 0x1082, 0x1082, 0x1082, 0x1082, 0x1082,
  0x1082, 0x1082, 0x1082, 0x1082, 0x1082, 0x1082, 0x1082, 0x1082, 0x1082, 0x1082, 0x1082, 0x1082,
  0x1082, 0x1082, 0x1082, 0x1082, 0x10A2, 0x2103, 0x2181, 0x7C69, 0xC6F3, 0x4AE4, 0x31E2, 0x2961,
  0x2141, 0x3A64, 0x2161, 0x2963, 0x2122, 0x2162, 0x3A04, 0x2121, 0x2142, 0x2121, 0x31E4, 0x2182,
  0x2142, 0x2162, 0x2161, 0x42A4, 0x2A00, 0x9DAD, 0x954D, 0x2160, 0x2102, 0x0881, 0x1061, 0x10A2,
  0x0881, 0x18E2, 0x18E1, 0x18E1, 0x2982, 0x3A22, 0xBE91, 0xAE6F, 0x954B, 0x5324, 0x3A82, 0xADAF,
  0x5B85, 0x5BA4, 0xCF53, 0x9D8D, 0x29C2, 0x1902, 0x1082, 0x10A2, 0x10A2, 0x1082, 0x1082, 0x1082,
  0x1082, 0x1082, 0x1082, 0x1082, 0x1082, 0x1082, 0x1082, 0x1082, 0x1082, 0x1082, 0x1082, 0x1082,
  0x0882, 0x1082, 0x1082, 0x1082, 0x10A2, 0x18E2, 0x18E2, 0x3164, 0x39C4, 0x2982, 0x9D4E, 0xB631,
  0x31E3, 0x31A4, 0x31A3, 0x2962, 0x2983, 0x3183, 0x39E4, 0x3202, 0xA5B0, 0xB611, 0x3A43, 0x4224,
  0x39E4, 0x39A3, 0x39A4, 0x3183, 0x31C4, 0x39E4, 0x2983, 0x3A04, 0x73C9, 0xB5F1, 0xD715, 0xAE10,
  0xC6D3, 0x9D4F, 0x31E2, 0x31A3, 0x2142, 0x18C1, 0x1082, 0x1082, 0x1082, 0x1082, 0x1082, 0x1082,
  0x1082, 0x1082, 0x1082, 0x1082, 0x1082, 0x1082, 0x1082, 0x1082, 0x1082, 0x1082, 0x1082, 0x1082,
  0x1082, 0x1082, 0x1082, 0x1082, 0x1082, 0x1082, 0x1082, 0x1082, 0x1082, 0x1082, 0x1082, 0x1082,
  0x0000, 0x0000, 0x0000, 0x0000, 0x0000, 0x0000, 0x0000, 0x0000, 0x0000, 0x0000, 0x0000, 0x0000,
  0x0000, 0x0000, 0x0000, 0x0000, 0x0000, 0x0000, 0x0000, 0x0000, 0x0000, 0x0000, 0x0000, 0x0000,
  0x0000, 0x0000, 0x0000, 0x0000, 0x0000, 0x0000, 0x0000, 0x0000, 0x0000, 0x0000, 0x0000, 0x0000,
  0x0840, 0x18A1, 0x18E1, 0x2161, 0x7C6C, 0x956E, 0x5B47, 0x29C2, 0x1900, 0x2942, 0x2901, 0x1901,
  0x18E1, 0x10A0, 0x10A0, 0x18C1, 0x18E1, 0x1901, 0x2942, 0x2981, 0xADF1, 0x63C8, 0x2120, 0x2121,
  0x18E1, 0x18C1, 0x18C1, 0x18C1, 0x2121, 0x2160, 0x9D4F, 0x84CC, 0x2121, 0x2101, 0x18E1, 0x1080,
  0x0040, 0x0000, 0x0000, 0x0000, 0x0000, 0x0000, 0x0000, 0x0000, 0x0000, 0x0000, 0x0000, 0x0000,
  0x0000, 0x0000, 0x0000, 0x0000, 0x0000, 0x0000, 0x0000, 0x0000, 0x0000, 0x0000, 0x0000, 0x0000,
  0x0000, 0x0000, 0x0000, 0x0000, 0x0000, 0x0020, 0x1100, 0x42C3, 0xAE10, 0x84EB, 0x3221, 0x2160,
  0x6367, 0x9DAF, 0x63C7, 0x1940, 0x29A1, 0x84AB, 0x954D, 0x42A3, 0x1920, 0x42A3, 0x9D8E, 0x7C8A,
  0x29E0, 0x2161, 0x5B87, 0xA5CF, 0x63C6, 0x8D2B, 0x84CB, 0x1920, 0x0880, 0x0060, 0x0820, 0x0000,
  0x0040, 0x08A0, 0x3A44, 0x52E5, 0x2160, 0x6BC7, 0x8D2A, 0x9DCD, 0x9D8D, 0x3A81, 0x21C0, 0x8CCC,
  0x5323, 0x5BC4, 0xBEB2, 0x5B45, 0x10C0, 0x0020, 0x0000, 0x0020, 0x0000, 0x0000, 0x0000, 0x0000,
  0x0000, 0x0000, 0x0000, 0x0000, 0x0000, 0x0000, 0x0000, 0x0000, 0x0000, 0x0000, 0x0000, 0x0000,
  0x0000, 0x0000, 0x0000, 0x0000, 0x0840, 0x0860, 0x18E1, 0x2101, 0x18E0, 0x5B88, 0xB611, 0x3A03,
  0x1901, 0x2102, 0x18C0, 0x10C0, 0x18E1, 0x2101, 0x2941, 0x4AC4, 0xBE92, 0x4A85, 0x2120, 0x2141,
  0x18E1, 0x18A0, 0x10A0, 0x10A0, 0x18C1, 0x18E1, 0x2122, 0x2121, 0x2100, 0x2140, 0x4284, 0x7CAB,
  0x954F, 0x3A24, 0x1900, 0x10E0, 0x0880, 0x0840, 0x0000, 0x0000, 0x0000, 0x0000, 0x0000, 0x0000,
  0x0000, 0x0000, 0x0000, 0x0000, 0x0000, 0x0000, 0x0000, 0x0000, 0x0000, 0x0000, 0x0000, 0x0000,
  0x0000, 0x0000, 0x0000, 0x0000, 0x0000, 0x0000, 0x0000, 0x0000, 0x0000, 0x0000, 0x0000, 0x0000,
  0x0861, 0x0861, 0x0861, 0x0861, 0x0861, 0x0861, 0x0861, 0x0861, 0x0861, 0x0861, 0x0861, 0x0861,
  0x0861, 0x0861, 0x0861, 0x0861, 0x0861, 0x0861, 0x0861, 0x0861, 0x0861, 0x0861, 0x0861, 0x0861,
  0x0861, 0x0861, 0x0861, 0x0861, 0x0861, 0x0861, 0x0861, 0x0862, 0x0862, 0x0861, 0x0861, 0x1081,
  0x1081, 0x10E2, 0x2143, 0x2963, 0x2982, 0x3182, 0x3163, 0x39A3, 0x3183, 0x2942, 0x2142, 0x2103,
  0x18E2, 0x18C2, 0x18C2, 0x18C2, 0x18E2, 0x2123, 0x2963, 0x2962, 0x6387, 0xCED4, 0x4265, 0x29A2,
  0x31A4, 0x2942, 0x2102, 0x2943, 0x3184, 0x2963, 0x4A85, 0xC6B3, 0x73EA, 0x2982, 0x31A3, 0x2122,
  0x18C1, 0x18C2, 0x1081, 0x1081, 0x0861, 0x1082, 0x0861, 0x0861, 0x0861, 0x0861, 0x0861, 0x0861,
  0x0861, 0x0861, 0x0861, 0x0861, 0x0861, 0x0861, 0x0861, 0x0861, 0x0861, 0x0861, 0x0861, 0x0861,
  0x0861, 0x0861, 0x0861, 0x0861, 0x0841, 0x18E2, 0x29C2, 0x954D, 0x6BC7, 0x6C07, 0x9D8D, 0x950B,
  0x8CEB, 0x4AE4, 0x84CA, 0x9D8D, 0x954C, 0x7448, 0x5364, 0x9D8D, 0x954C, 0x956C, 0x4B24, 0x7448,
  0x956D, 0x954C, 0x8CCB, 0x5304, 0x8D0B, 0xCF12, 0x958C, 0x31C0, 0x3A44, 0x1942, 0x18C2, 0x18C2,
  0x2101, 0x3202, 0xB650, 0xB690, 0x63C5, 0xADEE, 0x5BA4, 0x84C9, 0xBE71, 0x4282, 0x3201, 0xA58F,
  0x6C27, 0x7CC9, 0x8D2D, 0x29A1, 0x1901, 0x1081, 0x0862, 0x0861, 0x0861, 0x0861, 0x0861, 0x0861,
  0x0861, 0x0861, 0x0861, 0x0861, 0x0861, 0x0861, 0x0861, 0x0861, 0x0861, 0x0861, 0x0861, 0x0861,
  0x0882, 0x1081, 0x1081, 0x18A1, 0x18E2, 0x2922, 0x3983, 0x2982, 0x5306, 0xBEB4, 0x6389, 0x2141,
  0x3184, 0x2102, 0x2923, 0x2964, 0x2964, 0x39C4, 0x3A03, 0xBE53, 0x952E, 0x2982, 0x31A3, 0x2963,
  0x18E2, 0x18A2, 0x18C2, 0x10C1, 0x18C2, 0x1902, 0x2122, 0x2942, 0x31A3, 0x31A3, 0x3182, 0x3182,
  0x31A3, 0x2142, 0x2143, 0x18E2, 0x18C2, 0x1082, 0x0861, 0x0861, 0x0861, 0x0861, 0x0861, 0x0861,
  0x0861, 0x0861, 0x0861, 0x0861, 0x0861, 0x0861, 0x0861, 0x0861, 0x0861, 0x0861, 0x0861, 0x0861,
  0x0861, 0x0861, 0x0861, 0x0861, 0x0861, 0x0861, 0x0861, 0x0861, 0x0861, 0x0861, 0x0861, 0x0861,
  0x0841, 0x0841, 0x0841, 0x0841, 0x0841, 0x0841, 0x0841, 0x0841, 0x0841, 0x0841, 0x0841, 0x0841,
  0x0841, 0x0841, 0x0841, 0x0841, 0x0841, 0x0841, 0x0841, 0x0841, 0x0841, 0x0841, 0x0841, 0x0841,
  0x0841, 0x0841, 0x0841, 0x0841, 0x0841, 0x0841, 0x0841, 0x0841, 0x0841, 0x0861, 0x0841, 0x0841,
  0x0881, 0x08A1, 0x10C1, 0x18E2, 0x2102, 0x2943, 0x3144, 0x2903, 0x2103, 0x2102, 0x10C1, 0x10A1,
  0x1082, 0x1081, 0x0861, 0x0861, 0x1081, 0x10A1, 0x2103, 0x3163, 0x2981, 0x94EE, 0xA5B0, 0x29A2,
  0x2983, 0x2942, 0x2922, 0x2122, 0x2103, 0x3164, 0x1901, 0x5B46, 0xCEB4, 0x5B27, 0x2161, 0x31A3,
  0x2122, 0x10A1, 0x10A1, 0x0861, 0x0841, 0x0841, 0x0841, 0x0841, 0x0841, 0x0841, 0x0841, 0x0841,
  0x0841, 0x0841, 0x0841, 0x0841, 0x0841, 0x0841, 0x0841, 0x0841, 0x0841, 0x0841, 0x0841, 0x0841,
  0x0841, 0x0841, 0x0841, 0x0861, 0x1061, 0x10A1, 0x5326, 0x84CB, 0x29E1, 0x21A0, 0x6BE7, 0xA5CE,
  0x3A61, 0x29A0, 0x29C1, 0x8CEC, 0x7C6A, 0x2180, 0x29C1, 0x42C3, 0xA5AF, 0x4AA4, 0x2180, 0x2180,
  0x7C69, 0x8D0B, 0x31E1, 0x29A0, 0x3241, 0xAE4F, 0x9DAC, 0x42A1, 0xADF0, 0x63C9, 0x1900, 0x2141,
  0x2140, 0x7429, 0x9DAC, 0x7CC8, 0xBEB0, 0x8D0B, 0x3A61, 0x5304, 0x952C, 0x3A42, 0x2180, 0x952D,
  0x6C27, 0x954B, 0x5B67, 0x10C0, 0x18C1, 0x0841, 0x0841, 0x0861, 0x0861, 0x0841, 0x0841, 0x0841,
  0x0841, 0x0841, 0x0841, 0x0841, 0x0841, 0x0841, 0x0841, 0x0841, 0x0841, 0x0841, 0x0841, 0x0841,
  0x0861, 0x0861, 0x1081, 0x18C1, 0x2102, 0x3143, 0x2982, 0x4243, 0xBE73, 0x7C4B, 0x1920, 0x39C4,
  0x2122, 0x2123, 0x2102, 0x2943, 0x3163, 0x2981, 0x84AC, 0xC673, 0x3A23, 0x3183, 0x2963, 0x18E2,
  0x1082, 0x0861, 0x0861, 0x0861, 0x1081, 0x10A1, 0x10A1, 0x18E2, 0x18E1, 0x20E1, 0x2923, 0x2943,
  0x2102, 0x1902, 0x18E2, 0x1081, 0x1082, 0x0841, 0x0861, 0x0861, 0x0861, 0x0861, 0x0861, 0x0841,
  0x0841, 0x0841, 0x0841, 0x0841, 0x0841, 0x0841, 0x0841, 0x0841, 0x0841, 0x0841, 0x0841, 0x0841,
  0x0841, 0x0841, 0x0841, 0x0841, 0x0841, 0x0841, 0x0841, 0x0841, 0x0841, 0x0841, 0x0841, 0x0841,
  0x0000, 0x0000, 0x0000, 0x0000, 0x0000, 0x0000, 0x0000, 0x0000, 0x0000, 0x0000, 0x0000, 0x0000,
  0x0000, 0x0000, 0x0000, 0x0000, 0x0000, 0x0000, 0x0000, 0x0000, 0x0000, 0x0000, 0x0000, 0x0000,
  0x0000, 0x0000, 0x0000, 0x0000, 0x0000, 0x0000, 0x0000, 0x0000, 0x0000, 0x0000, 0x0000, 0x0000,
  0x0020, 0x0020, 0x0820, 0x1080, 0x1080, 0x1080, 0x10A1, 0x1080, 0x0860, 0x0840, 0x0040, 0x0020,
  0x0020, 0x0000, 0x0000, 0x0000, 0x0020, 0x0040, 0x1081, 0x20C1, 0x2122, 0x2981, 0xA5F0, 0x6389,
  0x1901, 0x2122, 0x18E1, 0x18C1, 0x18E1, 0x18C0, 0x2942, 0x20E1, 0x6387, 0xBE52, 0x4244, 0x1900,
  0x2121, 0x10A1, 0x0880, 0x0040, 0x0000, 0x0000, 0x0000, 0x0000, 0x0000, 0x0000, 0x0000, 0x0000,
  0x0000, 0x0000, 0x0000, 0x0000, 0x0000, 0x0000, 0x0000, 0x0000, 0x0000, 0x0000, 0x0000, 0x0000,
  0x0000, 0x0000, 0x0000, 0x0020, 0x0020, 0x10C1, 0x4AC5, 0x7429, 0x1920, 0x1900, 0x3A63, 0x84CB,
  0x1960, 0x1901, 0x1920, 0x63A8, 0x5B66, 0x1920, 0x1900, 0x29E1, 0x744A, 0x29C2, 0x1900, 0x1900,
  0x5326, 0x63C7, 0x1900, 0x2941, 0x21A0, 0x854A, 0x8D4A, 0x7C47, 0x9DAD, 0x850B, 0x3A42, 0x1940,
  0x3242, 0x9D8E, 0x5343, 0x42A1, 0xAE0F, 0x4B04, 0x1940, 0x4263, 0x7C6A, 0x29E0, 0x1900, 0x7429,
  0x958C, 0x956C, 0x4244, 0x0860, 0x0020, 0x0000, 0x0020, 0x0000, 0x0000, 0x0000, 0x0000, 0x0000,
  0x0000, 0x0000, 0x0000, 0x0000, 0x0000, 0x0000, 0x0000, 0x0000, 0x0000, 0x0000, 0x0000, 0x0000,
  0x0000, 0x0840, 0x1080, 0x10A0, 0x2101, 0x2922, 0x2981, 0xA5B0, 0x848C, 0x2121, 0x2943, 0x18E1,
  0x18C0, 0x1901, 0x18E0, 0x2122, 0x2921, 0x4AC5, 0xBE73, 0x52E6, 0x2121, 0x2122, 0x10A0, 0x0860,
  0x0020, 0x0000, 0x0000, 0x0000, 0x0000, 0x0020, 0x0020, 0x0020, 0x0860, 0x1081, 0x0880, 0x1080,
  0x10A0, 0x1080, 0x0020, 0x0020, 0x0000, 0x0000, 0x0000, 0x0000, 0x0000, 0x0000, 0x0000, 0x0000,
  0x0000, 0x0000, 0x0000, 0x0000, 0x0000, 0x0000, 0x0000, 0x0000, 0x0000, 0x0000, 0x0000, 0x0000,
  0x0000, 0x0000, 0x0000, 0x0000, 0x0000, 0x0000, 0x0000, 0x0000, 0x0000, 0x0000, 0x0000, 0x0000,
  0x1082, 0x1082, 0x1082, 0x1082, 0x1082, 0x1082, 0x1082, 0x1082, 0x1082, 0x1082, 0x1082, 0x1082,
  0x1082, 0x1082, 0x1082, 0x1082, 0x1082, 0x1082, 0x1082, 0x1082, 0x1082, 0x1082, 0x1082, 0x1082,
  0x1082, 0x1082, 0x1082, 0x1082, 0x1082, 0x1082, 0x1082, 0x1082, 0x1082, 0x1082, 0x1082, 0x1082,
  0x1082, 0x1082, 0x1082, 0x18C2, 0x10C2, 0x18C2, 0x10C2, 0x10C2, 0x10A2, 0x10A2, 0x1082, 0x1082,
  0x1082, 0x1082, 0x1082, 0x1082, 0x10A2, 0x18C2, 0x18C2, 0x3164, 0x3164, 0x31A3, 0x5B87, 0xD716,
  0x5307, 0x31C3, 0x3163, 0x2963, 0x2943, 0x2963, 0x2963, 0x39A5, 0x31C3, 0x8CCD, 0xCEF4, 0x4AA5,
  0x39C4, 0x39A5, 0x2943, 0x1902, 0x10A2, 0x18C3, 0x1082, 0x1082, 0x1082, 0x10A2, 0x1082, 0x1082,
  0x1082, 0x1082, 0x1082, 0x1082, 0x1082, 0x1082, 0x1082, 0x1082, 0x1082, 0x1082, 0x1082, 0x1082,
  0x1082, 0x1082, 0x1082, 0x1082, 0x18C2, 0x1902, 0x63A8, 0x84AB, 0x2181, 0x2962, 0x4AC5, 0x9D8F,
  0x29C2, 0x2943, 0x2140, 0x742A, 0x742A, 0x1960, 0x2141, 0x3222, 0x954D, 0x3A43, 0x2141, 0x2961,
  0x6BC8, 0x7C8B, 0x2941, 0x2942, 0x3202, 0x9DEE, 0xB6B0, 0xB64E, 0x5B64, 0x6C28, 0x954D, 0x3241,
  0x9DAE, 0x9D4D, 0x3201, 0x4262, 0x84EC, 0x7C8B, 0x31C0, 0x5B26, 0x954E, 0x3202, 0x2981, 0x84AB,
  0xC712, 0x7428, 0x31C3, 0x18C2, 0x1082, 0x1082, 0x1082, 0x0882, 0x10A2, 0x1082, 0x1082, 0x1082,
  0x1082, 0x1082, 0x1082, 0x1082, 0x1082, 0x1082, 0x1082, 0x1082, 0x1082, 0x1082, 0x1082, 0x1082,
  0x10C2, 0x2102, 0x2922, 0x39A4, 0x31A4, 0x31E3, 0xADF1, 0xB5F1, 0x3A24, 0x39A4, 0x3184, 0x2142,
  0x2963, 0x2943, 0x31A4, 0x39E4, 0x3A24, 0xC693, 0x952D, 0x39E4, 0x39A5, 0x2963, 0x2123, 0x18C2,
  0x10A2, 0x0882, 0x1082, 0x1082, 0x1082, 0x1082, 0x1082, 0x1082, 0x10A2, 0x18C2, 0x10C2, 0x10C2,
  0x10C2, 0x18C2, 0x10A2, 0x10A2, 0x1082, 0x1082, 0x1082, 0x1082, 0x1082, 0x1082, 0x1082, 0x1082,
  0x1082, 0x1082, 0x1082, 0x1082, 0x1082, 0x1082, 0x1082, 0x1082, 0x1082, 0x1082, 0x1082, 0x1082,
  0x1082, 0x1082, 0x1082, 0x1082, 0x1082, 0x1082, 0x1082, 0x1082, 0x1082, 0x1082, 0x1082, 0x1082,
  0x0000, 0x0000, 0x0000, 0x0000, 0x0000, 0x0000, 0x0000, 0x0000, 0x0000, 0x0000, 0x0000, 0x0000,
  0x0000, 0x0000, 0x0000, 0x0000, 0x0000, 0x0000, 0x0000, 0x0000, 0x0000, 0x0000, 0x0000, 0x0000,
  0x0000, 0x0000, 0x0000, 0x0000, 0x0000, 0x0000, 0x0000, 0x0000, 0x0000, 0x0000, 0x0000, 0x0000,
  0x0000, 0x0020, 0x0020, 0x0000, 0x0000, 0x0000, 0x0000, 0x0000, 0x0000, 0x0000, 0x0020, 0x0000,
  0x0000, 0x0000, 0x0000, 0x0000, 0x0000, 0x0020, 0x0840, 0x1080, 0x18E1, 0x2962, 0x2120, 0x7C2B,
  0xAE10, 0x29C1, 0x2102, 0x18E1, 0x18C1, 0x10A1, 0x18C1, 0x18E1, 0x2102, 0x2141, 0x84CB, 0xA5D0,
  0x3182, 0x2922, 0x2101, 0x18E1, 0x10A1, 0x0840, 0x0040, 0x0000, 0x0000, 0x0020, 0x0020, 0x0020,
  0x0000, 0x0000, 0x0000, 0x0000, 0x0000, 0x0000, 0x0000, 0x0000, 0x0000, 0x0000, 0x0000, 0x0000,
  0x0000, 0x0000, 0x0000, 0x0000, 0x0840, 0x08A0, 0x4AE5, 0x7449, 0x1900, 0x10C0, 0x3A43, 0x8D0D,
  0x1920, 0x18C1, 0x10A0, 0x6BA8, 0x63A8, 0x08C0, 0x18C0, 0x2181, 0x84AB, 0x29A1, 0x10C0, 0x10C0,
  0x5326, 0x63C8, 0x10C0, 0x18C0, 0x2160, 0x84CA, 0xC733, 0x84C9, 0x29A0, 0x29A0, 0x7CAA, 0x8D4B,
  0x9D8C, 0x3222, 0x1921, 0x10E0, 0x5366, 0x84AB, 0x2140, 0x4AE4, 0x7C6B, 0x29A1, 0x1900, 0x5B86,
  0x8D0B, 0x1960, 0x1080, 0x0020, 0x0020, 0x0000, 0x0000, 0x0000, 0x0000, 0x0000, 0x0000, 0x0000,
  0x0000, 0x0020, 0x0020, 0x0020, 0x0020, 0x0020, 0x0000, 0x0000, 0x0000, 0x0000, 0x0020, 0x0840,
  0x0881, 0x18A0, 0x2921, 0x2921, 0x2121, 0x84AC, 0xA5B0, 0x29A2, 0x2142, 0x20E1, 0x10A0, 0x10C1,
  0x10C1, 0x18A1, 0x2102, 0x1921, 0x84CC, 0xA590, 0x31C1, 0x2942, 0x2103, 0x18C1, 0x0861, 0x0820,
  0x0020, 0x0020, 0x0000, 0x0000, 0x0000, 0x0000, 0x0000, 0x0020, 0x0000, 0x0000, 0x0000, 0x0000,
  0x0000, 0x0000, 0x0000, 0x0000, 0x0020, 0x0020, 0x0000, 0x0000, 0x0000, 0x0000, 0x0000, 0x0000,
  0x0000, 0x0000, 0x0000, 0x0000, 0x0000, 0x0000, 0x0000, 0x0000, 0x0000, 0x0000, 0x0000, 0x0000,
  0x0000, 0x0000, 0x0000, 0x0000, 0x0000, 0x0000, 0x0000, 0x0000, 0x0000, 0x0000, 0x0000, 0x0000,
  0x0841, 0x0841, 0x0841, 0x0841, 0x0841, 0x0841, 0x0841, 0x0841, 0x0841, 0x0841, 0x0841, 0x0841,
  0x0841, 0x0841, 0x0841, 0x0841, 0x0841, 0x0841, 0x0841, 0x0841, 0x0841, 0x0841, 0x0841, 0x0841,
  0x0841, 0x0841, 0x0841, 0x0841, 0x0841, 0x0841, 0x0841, 0x0841, 0x0841, 0x0841, 0x0841, 0x0841,
  0x0841, 0x0841, 0x0841, 0x0841, 0x0841, 0x0841, 0x0841, 0x0841, 0x0841, 0x0841, 0x0841, 0x0841,
  0x0841, 0x0841, 0x0841, 0x0841, 0x0841, 0x0861, 0x0860, 0x10A1, 0x2102, 0x2962, 0x39A3, 0x39E3,
  0xA5D0, 0x8CED, 0x2162, 0x2122, 0x18E2, 0x18A1, 0x18C1, 0x18E1, 0x2922, 0x2962, 0x2961, 0x952F,
  0xADF0, 0x31E2, 0x2962, 0x2142, 0x2102, 0x1081, 0x10A2, 0x0841, 0x0841, 0x0841, 0x0841, 0x0841,
  0x0841, 0x0841, 0x0841, 0x0841, 0x0841, 0x0841, 0x0841, 0x0841, 0x0841, 0x0841, 0x0841, 0x0841,
  0x0841, 0x0841, 0x0841, 0x0841, 0x1081, 0x10C0, 0x5326, 0x7C6A, 0x1940, 0x1900, 0x4284, 0x954E,
  0x2160, 0x2101, 0x18E0, 0x6BE9, 0x63C8, 0x1100, 0x1901, 0x29C1, 0x8CEC, 0x31E2, 0x1901, 0x1900,
  0x5B66, 0x6C09, 0x1900, 0x2101, 0x2180, 0x8D4C, 0xAE50, 0x3A81, 0x2981, 0x2121, 0x3202, 0xAE30,
  0x63E6, 0x2180, 0x2121, 0x10C0, 0x6BE9, 0x7449, 0x2980, 0x63A7, 0x8D0C, 0x31E0, 0x21A0, 0x6C07,
  0x8D0C, 0x1940, 0x18C1, 0x0861, 0x0841, 0x0841, 0x0841, 0x0841, 0x0841, 0x0841, 0x0841, 0x0841,
  0x0841, 0x0841, 0x0841, 0x0841, 0x0841, 0x0841, 0x0841, 0x0041, 0x0841, 0x0860, 0x1081, 0x10A1,
  0x2102, 0x3143, 0x2942, 0x2160, 0x8D0D, 0xBE53, 0x31E3, 0x2161, 0x2122, 0x2102, 0x18E2, 0x1081,
  0x18E2, 0x2122, 0x2941, 0x63A8, 0xC6D3, 0x4AA6, 0x39C3, 0x3183, 0x2121, 0x18C1, 0x1081, 0x0841,
  0x0841, 0x0841, 0x0841, 0x0841, 0x0841, 0x0841, 0x0841, 0x0841, 0x0841, 0x0841, 0x0841, 0x0841,
  0x0841, 0x0841, 0x0841, 0x0841, 0x0841, 0x0841, 0x0841, 0x0841, 0x0841, 0x0841, 0x0841, 0x0841,
  0x0841, 0x0841, 0x0841, 0x0841, 0x0841, 0x0841, 0x0841, 0x0841, 0x0841, 0x0841, 0x0841, 0x0841,
  0x0841, 0x0841, 0x0841, 0x0841, 0x0841, 0x0841, 0x0841, 0x0841, 0x0841, 0x0841, 0x0841, 0x0841,
  0x1082, 0x1082, 0x1082, 0x1082, 0x1082, 0x1082, 0x1082, 0x1082, 0x1082, 0x1082, 0x1082, 0x1082,
  0x1082, 0x1082, 0x1082, 0x1082, 0x1082, 0x1082, 0x1082, 0x1082, 0x1082, 0x1082, 0x1082, 0x1082,
  0x1082, 0x1082, 0x1082, 0x1082, 0x1082, 0x1082, 0x1082, 0x1082, 0x1082, 0x1082, 0x1082, 0x1082,
  0x1082, 0x1082, 0x1082, 0x1082, 0x1082, 0x1082, 0x1082, 0x1082, 0x1082, 0x1082, 0x1082, 0x1082,
  0x1082, 0x1082, 0x1082, 0x1082, 0x1082, 0x1082, 0x10A1, 0x18C1, 0x2143, 0x3183, 0x41E5, 0x3A03,
  0x4AE4, 0xCF35, 0x5B28, 0x2122, 0x2943, 0x18E2, 0x18C2, 0x18E2, 0x2102, 0x3184, 0x2963, 0x3A04,
  0xA5CF, 0xB652, 0x3A03, 0x31C3, 0x31A3, 0x2943, 0x18E2, 0x10A2, 0x10A1, 0x1081, 0x0861, 0x0861,
  0x1082, 0x1082, 0x1082, 0x1082, 0x1082, 0x1082, 0x1082, 0x1082, 0x1082, 0x1082, 0x1082, 0x1082,
  0x1082, 0x1082, 0x1082, 0x1081, 0x18C2, 0x1901, 0x5B67, 0x84AB, 0x2181, 0x2121, 0x4AC5, 0x9D8F,
  0x21A1, 0x2122, 0x2121, 0x742A, 0x6C09, 0x1940, 0x2122, 0x31E2, 0x8D0D, 0x3A43, 0x2142, 0x2121,
  0x63A7, 0x744A, 0x2141, 0x2942, 0x29A1, 0x9DAE, 0x9DAE, 0x21A0, 0x2142, 0x18E2, 0x2161, 0x6BE7,
  0x84EB, 0x29A1, 0x2122, 0x2121, 0x742A, 0x7C8A, 0x3A00, 0x63C6, 0xCF33, 0x6BE6, 0x3240, 0x9DAD,
  0x6BE9, 0x18E1, 0x18A2, 0x1082, 0x1082, 0x1082, 0x1082, 0x1082, 0x1082, 0x1082, 0x1082, 0x1082,
  0x1082, 0x1082, 0x1082, 0x1082, 0x1082, 0x1082, 0x0882, 0x0861, 0x10A1, 0x18C1, 0x18E2, 0x2942,
  0x2962, 0x3183, 0x31C3, 0x9D4F, 0xBE92, 0x4A65, 0x31A3, 0x2963, 0x2122, 0x2102, 0x18C2, 0x18E2,
  0x18E2, 0x2122, 0x39E4, 0xCED4, 0x748A, 0x31C3, 0x4A26, 0x39C3, 0x2982, 0x2102, 0x18A2, 0x1082,
  0x1082, 0x0881, 0x1082, 0x1082, 0x1082, 0x1082, 0x1082, 0x1082, 0x1082, 0x1082, 0x1082, 0x1082,
  0x1082, 0x1082, 0x1082, 0x1082, 0x1082, 0x1082, 0x1082, 0x1082, 0x1082, 0x1082, 0x1082, 0x1082,
  0x1082, 0x1082, 0x1082, 0x1082, 0x1082, 0x1082, 0x1082, 0x1082, 0x1082, 0x1082, 0x1082, 0x1082,
  0x1082, 0x1082, 0x1082, 0x1082, 0x1082, 0x1082, 0x1082, 0x1082, 0x1082, 0x1082, 0x1082, 0x1082,
  0x0000, 0x0000, 0x0000, 0x0000, 0x0000, 0x0000, 0x0000, 0x0000, 0x0000, 0x0000, 0x0000, 0x0000,
  0x0000, 0x0000, 0x0000, 0x0000, 0x0000, 0x0000, 0x0000, 0x0000, 0x0000, 0x0000, 0x0000, 0x0000,
  0x0000, 0x0000, 0x0000, 0x0000, 0x0000, 0x0000, 0x0000, 0x0000, 0x0000, 0x0000, 0x0000, 0x0000,
  0x0000, 0x0000, 0x0000, 0x0000, 0x0000, 0x0000, 0x0000, 0x0000, 0x0000, 0x0000, 0x0000, 0x0000,
  0x0000, 0x0000, 0x0000, 0x0000, 0x0000, 0x0000, 0x0020, 0x0860, 0x18C1, 0x2942, 0x2942, 0x2141,
  0x63A7, 0xB631, 0x3A04, 0x18C0, 0x10A1, 0x0840, 0x0820, 0x0820, 0x0040, 0x10A1, 0x18C1, 0x18C0,
  0x2181, 0x8CED, 0xADD1, 0x31C2, 0x2101, 0x20E1, 0x18C1, 0x0880, 0x0860, 0x0000, 0x0000, 0x0000,
  0x0000, 0x0000, 0x0000, 0x0000, 0x0000, 0x0000, 0x0000, 0x0000, 0x0000, 0x0000, 0x0000, 0x0000,
  0x0000, 0x0000, 0x0000, 0x0000, 0x0020, 0x0880, 0x4AE5, 0x7429, 0x10E0, 0x10A0, 0x3A43, 0x8D0D,
  0x1120, 0x10A0, 0x0880, 0x63A8, 0x5B87, 0x08A0, 0x10A0, 0x2160, 0x7C8A, 0x29A1, 0x10A0, 0x10A0,
  0x5305, 0x63C8, 0x10A0, 0x10C0, 0x1100, 0x84EB, 0x84CA, 0x1100, 0x0860, 0x0820, 0x0880, 0x3242,
  0x84AB, 0x2180, 0x0880, 0x18E0, 0x63C7, 0x5B86, 0x29A0, 0x5BA5, 0xA62F, 0x952B, 0x5343, 0x8D2B,
  0x21A1, 0x10A1, 0x0800, 0x0000, 0x0000, 0x0000, 0x0000, 0x0000, 0x0000, 0x0000, 0x0000, 0x0000,
  0x0000, 0x0000, 0x0000, 0x0000, 0x0000, 0x0000, 0x0000, 0x0000, 0x0840, 0x0860, 0x18C0, 0x2101,
  0x2121, 0x2161, 0x84ED, 0xADB1, 0x31E3, 0x18C0, 0x20E1, 0x18E1, 0x0020, 0x0840, 0x0000, 0x0020,
  0x1061, 0x18C1, 0x18C0, 0x7C4C, 0xA5CF, 0x4264, 0x2941, 0x2942, 0x1901, 0x10A0, 0x0840, 0x0000,
  0x0000, 0x0000, 0x0000, 0x0000, 0x0000, 0x0000, 0x0000, 0x0000, 0x0000, 0x0000, 0x0000, 0x0000,
  0x0000, 0x0000, 0x0000, 0x0000, 0x0000, 0x0000, 0x0000, 0x0000, 0x0000, 0x0000, 0x0000, 0x0000,
  0x0000, 0x0000, 0x0000, 0x0000, 0x0000, 0x0000, 0x0000, 0x0000, 0x0000, 0x0000, 0x0000, 0x0000,
  0x0000, 0x0000, 0x0000, 0x0000, 0x0000, 0x0000, 0x0000, 0x0000, 0x0000, 0x0000, 0x0000, 0x0000,
  0x1082, 0x1082, 0x1082, 0x1082, 0x1082, 0x1082, 0x1082, 0x1082, 0x1082, 0x1082, 0x1082, 0x1082,
  0x1082, 0x1082, 0x1082, 0x1082, 0x1082, 0x1082, 0x1082, 0x1082, 0x1082, 0x1082, 0x1082, 0x1082,
  0x1082, 0x1082, 0x1082, 0x1082, 0x1082, 0x1082, 0x1082, 0x1082, 0x1082, 0x1082, 0x1082, 0x1082,
  0x1082, 0x1082, 0x1082, 0x1082, 0x1082, 0x1082, 0x1082, 0x1082, 0x1082, 0x1082, 0x1082, 0x1082,
  0x1082, 0x1082, 0x1082, 0x1082, 0x1082, 0x10A2, 0x1902, 0x2122, 0x3184, 0x39C4, 0x29A2, 0x7C4C,
  0xCF15, 0x5B26, 0x3162, 0x2963, 0x2102, 0x18A2, 0x1082, 0x1082, 0x10C2, 0x10C1, 0x2942, 0x31A3,
  0x3183, 0x31C3, 0x952E, 0xCEB5, 0x4A85, 0x31A3, 0x39A4, 0x2943, 0x1902, 0x18E2, 0x1082, 0x1082,
  0x1082, 0x1082, 0x1082, 0x1082, 0x0882, 0x1082, 0x1082, 0x1082, 0x1082, 0x1082, 0x1082, 0x1082,
  0x1082, 0x1082, 0x1082, 0x1082, 0x18C2, 0x1921, 0x6387, 0x84CB, 0x2181, 0x2121, 0x4AC5, 0x9DAF,
  0x29A1, 0x2122, 0x2120, 0x742A, 0x6C09, 0x1940, 0x2142, 0x3202, 0x950D, 0x3A43, 0x2142, 0x2121,
  0x63A7, 0x7C6A, 0x2142, 0x2142, 0x29A1, 0x9D8D, 0x956C, 0x2180, 0x2103, 0x10A2, 0x1901, 0x4AC4,
  0x8CEC, 0x31C2, 0x2142, 0x2980, 0x84CB, 0x7428, 0x3A60, 0xA5EE, 0x7487, 0xA5ED, 0xB64F, 0x84CA,
  0x29C1, 0x10C1, 0x1082, 0x1082, 0x1082, 0x1082, 0x1082, 0x1082, 0x1082, 0x1082, 0x1082, 0x1082,
  0x1082, 0x1082, 0x1082, 0x1082, 0x1082, 0x1082, 0x10A2, 0x18C2, 0x2103, 0x2943, 0x3183, 0x31A3,
  0x3203, 0xADF1, 0xB631, 0x4244, 0x3164, 0x3184, 0x2122, 0x18E2, 0x18C2, 0x1081, 0x1082, 0x1082,
  0x20E3, 0x18E2, 0x3184, 0x2962, 0x954F, 0xBE73, 0x52E6, 0x39C3, 0x3184, 0x2943, 0x20E3, 0x18A2,
  0x1082, 0x1082, 0x1082, 0x1082, 0x1082, 0x1082, 0x1082, 0x1082, 0x1082, 0x1082, 0x1082, 0x1082,
  0x1082, 0x1082, 0x1082, 0x1082, 0x1082, 0x1082, 0x1082, 0x1082, 0x1082, 0x1082, 0x1082, 0x1082,
  0x1082, 0x1082, 0x1082, 0x1082, 0x1082, 0x1082, 0x1082, 0x1082, 0x1082, 0x1082, 0x1082, 0x1082,
  0x1082, 0x1082, 0x1082, 0x1082, 0x1082, 0x1082, 0x1082, 0x1082, 0x1082, 0x1082, 0x1082, 0x1082,
  0x0841, 0x0841, 0x0841, 0x0841, 0x0841, 0x0841, 0x0841, 0x0841, 0x0841, 0x0841, 0x0841, 0x0841,
  0x0841, 0x0841, 0x0841, 0x0841, 0x0841, 0x0841, 0x0841, 0x0841, 0x0841, 0x0841, 0x0841, 0x0841,
  0x0841, 0x0841, 0x0841, 0x0841, 0x0841, 0x0841, 0x0841, 0x0841, 0x0841, 0x0841, 0x0841, 0x0841,
  0x0841, 0x0841, 0x0841, 0x0841, 0x0841, 0x0841, 0x0841, 0x0841, 0x0841, 0x0841, 0x0841, 0x0841,
  0x0841, 0x0840, 0x0840, 0x0841, 0x0861, 0x0881, 0x1901, 0x2941, 0x3163, 0x2141, 0x7429, 0xBE73,
  0x52E6, 0x2141, 0x2943, 0x10C1, 0x10A1, 0x0860, 0x0841, 0x0821, 0x0841, 0x0861, 0x10A1, 0x18E1,
  0x2142, 0x2942, 0x2982, 0x7CAB, 0xB692, 0x4AC5, 0x2121, 0x3143, 0x2922, 0x18E1, 0x10A1, 0x1081,
  0x0841, 0x0840, 0x0040, 0x0041, 0x0041, 0x0020, 0x0020, 0x0841, 0x0841, 0x0841, 0x0841, 0x0841,
  0x0841, 0x0841, 0x0841, 0x0841, 0x0861, 0x10C0, 0x5325, 0x7C6A, 0x1900, 0x18E0, 0x4284, 0x954D,
  0x1960, 0x2101, 0x10C0, 0x6BE9, 0x63C8, 0x10E0, 0x1900, 0x29A1, 0x84AC, 0x31E2, 0x18E1, 0x18E0,
  0x5326, 0x742A, 0x1921, 0x18E1, 0x2160, 0x952C, 0x8D0C, 0x2120, 0x10A2, 0x0861, 0x10C0, 0x4283,
  0x848B, 0x29C1, 0x2121, 0x2140, 0x84AB, 0x9DCE, 0x84CA, 0xADEE, 0x4AC1, 0x6C06, 0xCF13, 0x5B67,
  0x10E0, 0x0860, 0x0841, 0x0841, 0x0841, 0x0841, 0x0841, 0x0841, 0x0821, 0x0021, 0x0021, 0x0821,
  0x0841, 0x0021, 0x0021, 0x0020, 0x0840, 0x1060, 0x10A1, 0x18E1, 0x2102, 0x2942, 0x2921, 0x31E3,
  0xA5CF, 0xA56F, 0x3A03, 0x2962, 0x2942, 0x18E2, 0x10C1, 0x0860, 0x0840, 0x0841, 0x0841, 0x0841,
  0x0861, 0x10A1, 0x2102, 0x2963, 0x2142, 0x8CCC, 0xB652, 0x4244, 0x3142, 0x2942, 0x20E1, 0x10A1,
  0x10A1, 0x0861, 0x0841, 0x0821, 0x0841, 0x0841, 0x0841, 0x0040, 0x0841, 0x0841, 0x0841, 0x0841,
  0x0841, 0x0841, 0x0841, 0x0841, 0x0841, 0x0841, 0x0841, 0x0841, 0x0841, 0x0841, 0x0841, 0x0841,
  0x0841, 0x0841, 0x0841, 0x0841, 0x0841, 0x0841, 0x0841, 0x0841, 0x0841, 0x0841, 0x0841, 0x0841,
  0x0841, 0x0841, 0x0841, 0x0841, 0x0841, 0x0841, 0x0841, 0x0841, 0x0841, 0x0841, 0x0841, 0x0841,
  0x0000, 0x0000, 0x0000, 0x0000, 0x0000, 0x0000, 0x0000, 0x0000, 0x0000, 0x0000, 0x0000, 0x0000,
  0x0000, 0x0000, 0x0000, 0x0000, 0x0000, 0x0000, 0x0000, 0x0000, 0x0000, 0x0000, 0x0000, 0x0000,
  0x0000, 0x0000, 0x0000, 0x0000, 0x0000, 0x0000, 0x0000, 0x0000, 0x0000, 0x0000, 0x0000, 0x0000,
  0x0000, 0x0000, 0x0000, 0x0000, 0x0000, 0x0000, 0x0000, 0x0000, 0x0000, 0x0000, 0x0000, 0x0000,
  0x0000, 0x0000, 0x0820, 0x0840, 0x0860, 0x18E2, 0x20E2, 0x2942, 0x2140, 0x6BA9, 0xBE73, 0x4AC5,
  0x1920, 0x2122, 0x18C1, 0x0880, 0x0860, 0x0020, 0x0000, 0x0000, 0x0020, 0x0020, 0x0840, 0x1080,
  0x18C1, 0x18E1, 0x2141, 0x1920, 0x6BA9, 0xC674, 0x6347, 0x2140, 0x2101, 0x2103, 0x18A1, 0x1080,
  0x0860, 0x0840, 0x0020, 0x0020, 0x0020, 0x0000, 0x0000, 0x0020, 0x0020, 0x0020, 0x0000, 0x0000,
  0x0000, 0x0000, 0x0000, 0x0020, 0x0820, 0x0880, 0x4AE4, 0x7C4A, 0x1900, 0x10C0, 0x3A43, 0x952E,
  0x1920, 0x18E1, 0x0880, 0x6BA8, 0x63C9, 0x10C0, 0x18E0, 0x2140, 0x84AC, 0x31E2, 0x10C0, 0x10C0,
  0x5305, 0x6C09, 0x10C0, 0x18E0, 0x1920, 0x8CEB, 0x8D0C, 0x1900, 0x0881, 0x0041, 0x1080, 0x3A43,
  0x7C6A, 0x29C0, 0x2140, 0x29A0, 0x7CA9, 0x6C27, 0x84CB, 0x7C6A, 0x1920, 0x3202, 0x7C4B, 0x29C2,
  0x0880, 0x0840, 0x0000, 0x0000, 0x0000, 0x0000, 0x0000, 0x0000, 0x0020, 0x0020, 0x0020, 0x0000,
  0x0020, 0x0020, 0x0020, 0x0820, 0x0860, 0x1080, 0x18A1, 0x18E1, 0x2942, 0x2121, 0x4264, 0xB612,
  0x94EE, 0x2981, 0x2141, 0x2101, 0x18C1, 0x1081, 0x0860, 0x0020, 0x0000, 0x0000, 0x0000, 0x0020,
  0x0840, 0x0860, 0x10A1, 0x2102, 0x2941, 0x1920, 0x848C, 0xBE33, 0x3A23, 0x2101, 0x2142, 0x10A0,
  0x10A1, 0x0881, 0x0000, 0x0000, 0x0000, 0x0020, 0x0020, 0x0000, 0x0000, 0x0000, 0x0000, 0x0000,
  0x0000, 0x0000, 0x0000, 0x0000, 0x0000, 0x0000, 0x0000, 0x0000, 0x0000, 0x0000, 0x0000, 0x0000,
  0x0000, 0x0000, 0x0000, 0x0000, 0x0000, 0x0000, 0x0000, 0x0000, 0x0000, 0x0000, 0x0000, 0x0000,
  0x0000, 0x0000, 0x0000, 0x0000, 0x0000, 0x0000, 0x0000, 0x0000, 0x0000, 0x0000, 0x0000, 0x0000,
  0x1082, 0x1082, 0x1082, 0x1082, 0x1082, 0x1082, 0x1082, 0x1082, 0x1082, 0x1082, 0x1082, 0x1082,
  0x1082, 0x1082, 0x1082, 0x1082, 0x1082, 0x1082, 0x1082, 0x1082, 0x1082, 0x1082, 0x1082, 0x1082,
  0x1082, 0x1082, 0x1082, 0x1082, 0x1082, 0x1082, 0x1082, 0x1082, 0x1082, 0x1082, 0x1082, 0x1082,
  0x1082, 0x1082, 0x1082, 0x1082, 0x1082, 0x1082, 0x1082, 0x1082, 0x1082, 0x1082, 0x1082, 0x1082,
  0x1082, 0x1082, 0x18C2, 0x2102, 0x2922, 0x3163, 0x31A4, 0x31C3, 0x84AC, 0xD756, 0x5AE7, 0x2982,
  0x39E5, 0x2943, 0x2102, 0x18C2, 0x10A2, 0x1082, 0x1082, 0x1082, 0x1082, 0x1082, 0x1082, 0x18C2,
  0x2103, 0x2943, 0x31A4, 0x3184, 0x2963, 0x6388, 0xD715, 0x8CAC, 0x31C3, 0x3184, 0x3184, 0x2983,
  0x2122, 0x18E2, 0x18C2, 0x10A2, 0x1082, 0x1082, 0x1082, 0x10A2, 0x10A2, 0x10A2, 0x1082, 0x1082,
  0x1082, 0x1082, 0x1082, 0x1082, 0x10A2, 0x2122, 0x6367, 0x8D0C, 0x2981, 0x2161, 0x4AE5, 0xA5F0,
  0x29E2, 0x2942, 0x2161, 0x7C4A, 0x744A, 0x2161, 0x2982, 0x3202, 0x954E, 0x3A43, 0x2142, 0x2161,
  0x6387, 0x7CAB, 0x2161, 0x2962, 0x31C1, 0x9D8E, 0x9D8E, 0x2980, 0x2102, 0x10C2, 0x2121, 0x4AC5,
  0x9D8D, 0x5324, 0x29E1, 0x3241, 0x954B, 0x5345, 0x29C1, 0x2162, 0x2962, 0x18E1, 0x2142, 0x1902,
  0x10C2, 0x10A2, 0x1062, 0x1082, 0x1082, 0x1082, 0x1082, 0x1082, 0x1082, 0x1082, 0x1082, 0x1082,
  0x1082, 0x10A2, 0x18C2, 0x18E2, 0x2122, 0x2943, 0x3184, 0x41C5, 0x2961, 0x6BC9, 0xD736, 0x84AC,
  0x31A3, 0x31C4, 0x2963, 0x2923, 0x2123, 0x18C2, 0x18C2, 0x1082, 0x1082, 0x1062, 0x1062, 0x1082,
  0x10A2, 0x18C2, 0x20E2, 0x2122, 0x31A3, 0x39C4, 0x29A3, 0x9D4F, 0xC6B3, 0x4AA6, 0x31C3, 0x31C4,
  0x2102, 0x2102, 0x18C2, 0x10A2, 0x1081, 0x1082, 0x1082, 0x1082, 0x1082, 0x1082, 0x1082, 0x1082,
  0x1082, 0x1082, 0x1082, 0x1082, 0x1082, 0x1082, 0x1082, 0x1082, 0x1082, 0x1082, 0x1082, 0x1082,
  0x1082, 0x1082, 0x1082, 0x1082, 0x1082, 0x1082, 0x1082, 0x1082, 0x1082, 0x1082, 0x1082, 0x1082,
  0x1082, 0x1082, 0x1082, 0x1082, 0x1082, 0x1082, 0x1082, 0x1082, 0x1082, 0x1082, 0x1082, 0x1082,
  0x0000, 0x0000, 0x0000, 0x0000, 0x0000, 0x0000, 0x0000, 0x0000, 0x0000, 0x0000, 0x0000, 0x0000,
  0x0000, 0x0000, 0x0000, 0x0000, 0x0000, 0x0000, 0x0000, 0x0000, 0x0000, 0x0000, 0x0000, 0x0000,
  0x0000, 0x0000, 0x0000, 0x0000, 0x0000, 0x0000, 0x0000, 0x0000, 0x0000, 0x0000, 0x0000, 0x0000,
  0x0000, 0x0000, 0x0000, 0x0000, 0x0000, 0x0000, 0x0000, 0x0000, 0x0000, 0x0000, 0x0000, 0x0000,
  0x0000, 0x0020, 0x0860, 0x10A0, 0x2101, 0x2101, 0x2160, 0x7C4B, 0xB612, 0x31E2, 0x18E0, 0x2942,
  0x1080, 0x0880, 0x0860, 0x0000, 0x0000, 0x0000, 0x0000, 0x0000, 0x0000, 0x0000, 0x0020, 0x0840,
  0x0840, 0x0860, 0x1080, 0x20E2, 0x20E1, 0x2121, 0x3A24, 0xADD1, 0x94EE, 0x29A2, 0x2121, 0x2121,
  0x18E1, 0x10A0, 0x1080, 0x0840, 0x0020, 0x0000, 0x0000, 0x0000, 0x0000, 0x0000, 0x0000, 0x0000,
  0x0000, 0x0000, 0x0000, 0x0000, 0x0020, 0x0860, 0x42A4, 0x7C69, 0x1920, 0x1920, 0x3A83, 0x8CEC,
  0x1980, 0x1900, 0x10E0, 0x63C7, 0x63C7, 0x08E0, 0x2140, 0x2180, 0x7C8A, 0x3201, 0x1920, 0x10E0,
  0x4B04, 0x6C08, 0x1940, 0x1920, 0x2160, 0x84CA, 0x850B, 0x1940, 0x10E0, 0x0080, 0x10C0, 0x3A22,
  0x9D8D, 0xA5EE, 0x84CB, 0x84EC, 0x952D, 0x2181, 0x10C0, 0x0840, 0x0020, 0x1081, 0x0020, 0x0020,
  0x0000, 0x0000, 0x0020, 0x0000, 0x0000, 0x0000, 0x0000, 0x0000, 0x0000, 0x0000, 0x0000, 0x0000,
  0x0000, 0x0840, 0x0860, 0x10A0, 0x18E1, 0x2122, 0x2101, 0x2120, 0x742B, 0xBE53, 0x5306, 0x1900,
  0x2122, 0x2101, 0x18C1, 0x0860, 0x0840, 0x0840, 0x0840, 0x0020, 0x0000, 0x0000, 0x0000, 0x0000,
  0x0000, 0x0000, 0x0820, 0x0860, 0x10A1, 0x18C1, 0x2942, 0x1900, 0x848C, 0xADF1, 0x3A23, 0x1900,
  0x2121, 0x18A1, 0x0880, 0x0040, 0x0000, 0x0000, 0x0000, 0x0000, 0x0000, 0x0000, 0x0000, 0x0000,
  0x0000, 0x0000, 0x0000, 0x0000, 0x0000, 0x0000, 0x0000, 0x0000, 0x0000, 0x0000, 0x0000, 0x0000,
  0x0000, 0x0000, 0x0000, 0x0000, 0x0000, 0x0000, 0x0000, 0x0000, 0x0000, 0x0000, 0x0000, 0x0000,
  0x0000, 0x0000, 0x0000, 0x0000, 0x0000, 0x0000, 0x0000, 0x0000, 0x0000, 0x0000, 0x0000, 0x0000,
  0x0861, 0x0861, 0x0861, 0x0861, 0x0861, 0x0861, 0x0861, 0x0861, 0x0861, 0x0861, 0x0861, 0x0861,
  0x0861, 0x0861, 0x0861, 0x0861, 0x0861, 0x0861, 0x0861, 0x0861, 0x0861, 0x0861, 0x0861, 0x0861,
  0x0861, 0x0861, 0x0861, 0x0861, 0x0861, 0x0861, 0x0861, 0x0861, 0x0861, 0x0861, 0x0861, 0x0861,
  0x0861, 0x0861, 0x0861, 0x0861, 0x0861, 0x0861, 0x0861, 0x0861, 0x0861, 0x0861, 0x0861, 0x0862,
  0x0861, 0x1081, 0x18C1, 0x2942, 0x2943, 0x2982, 0x8D2D, 0xBE92, 0x4263, 0x2962, 0x3183, 0x2102,
  0x18C2, 0x18E2, 0x0861, 0x0841, 0x0861, 0x0861, 0x0861, 0x0861, 0x1081, 0x1081, 0x10A1, 0x18A2,
  0x18C2, 0x18C2, 0x18C2, 0x2101, 0x3142, 0x2943, 0x2163, 0x3224, 0x9D8F, 0xB652, 0x5B27, 0x2942,
  0x3183, 0x2963, 0x2102, 0x18E2, 0x10A2, 0x0861, 0x0861, 0x0861, 0x0861, 0x0861, 0x0861, 0x0861,
  0x0861, 0x0861, 0x0861, 0x0841, 0x1061, 0x1080, 0x4AC5, 0x954D, 0x3201, 0x31E1, 0x7428, 0xB651,
  0x42C4, 0x2180, 0x3A22, 0x9D6D, 0x954C, 0x29E1, 0x29A0, 0x5304, 0xB650, 0x5B66, 0x2181, 0x2181,
  0x84CA, 0x9DAE, 0x42A3, 0x2180, 0x42A2, 0xB64F, 0x956C, 0x29A0, 0x1940, 0x10E0, 0x1920, 0x4AC3,
  0x954C, 0x63E6, 0x744A, 0x744A, 0x3A43, 0x18E1, 0x10A1, 0x0841, 0x0861, 0x0841, 0x1082, 0x0821,
  0x1062, 0x0861, 0x0861, 0x0861, 0x0861, 0x0861, 0x0861, 0x0861, 0x0861, 0x0861, 0x1081, 0x1081,
  0x1081, 0x18E2, 0x2102, 0x2942, 0x3183, 0x2942, 0x4A65, 0xA5B0, 0xB652, 0x42C5, 0x2962, 0x3163,
  0x2942, 0x2102, 0x2102, 0x10C1, 0x10C2, 0x18E2, 0x18C1, 0x10A1, 0x10A1, 0x1081, 0x0861, 0x0861,
  0x0861, 0x0861, 0x1061, 0x1081, 0x10C2, 0x20E1, 0x2942, 0x3183, 0x2962, 0x8D0D, 0xC674, 0x4A65,
  0x2962, 0x2943, 0x1902, 0x10C1, 0x0881, 0x0861, 0x0841, 0x0841, 0x0861, 0x0861, 0x0861, 0x0861,
  0x0861, 0x0861, 0x0861, 0x0861, 0x0861, 0x0861, 0x0861, 0x0861, 0x0861, 0x0861, 0x0861, 0x0861,
  0x0861, 0x0861, 0x0861, 0x0861, 0x0861, 0x0861, 0x0861, 0x0861, 0x0861, 0x0861, 0x0861, 0x0861,
  0x0861, 0x0861, 0x0861, 0x0861, 0x0861, 0x0861, 0x0861, 0x0861, 0x0861, 0x0861, 0x0861, 0x0861,
  0x0861, 0x0861, 0x0861, 0x0861, 0x0861, 0x0861, 0x0861, 0x0861, 0x0861, 0x0861, 0x0861, 0x0861,
  0x0861, 0x0861, 0x0861, 0x0861, 0x0861, 0x0861, 0x0861, 0x0861, 0x0861, 0x0861, 0x0861, 0x0861,
  0x0861, 0x0861, 0x0861, 0x0861, 0x0861, 0x0861, 0x0861, 0x0861, 0x0861, 0x0861, 0x0861, 0x0861,
  0x0861, 0x0861, 0x0861, 0x0861, 0x0861, 0x0861, 0x0861, 0x0861, 0x0861, 0x0861, 0x0861, 0x0862,
  0x1062, 0x10A2, 0x2122, 0x2963, 0x29A2, 0x950E, 0xC6B4, 0x42A4, 0x31A2, 0x39A4, 0x2142, 0x18E2,
  0x10A2, 0x1082, 0x0881, 0x0861, 0x0861, 0x0861, 0x1061, 0x1082, 0x18C2, 0x2102, 0x2103, 0x2103,
  0x2103, 0x2122, 0x2122, 0x18E2, 0x2102, 0x2962, 0x2962, 0x2963, 0x2961, 0x844B, 0xCEF4, 0x7C6A,
  0x31A2, 0x3182, 0x3183, 0x2923, 0x2102, 0x18C2, 0x18A2, 0x10A1, 0x0881, 0x0881, 0x0861, 0x0861,
  0x0861, 0x0861, 0x0861, 0x1081, 0x0861, 0x10C2, 0x1921, 0x7C6B, 0x7C8A, 0x7C69, 0x8D0C, 0x6C28,
  0x954D, 0x63A6, 0x954C, 0x7469, 0x7CAA, 0x8D2C, 0x6C07, 0x9D8E, 0x6C08, 0x9D6E, 0x7449, 0x84AB,
  0x8D0C, 0x6C29, 0x956D, 0x6407, 0x956C, 0xAE70, 0xC6D2, 0x84AA, 0x7429, 0x63A7, 0x5346, 0x8D0C,
  0x7C6A, 0x1960, 0x1921, 0x1100, 0x10C2, 0x10A2, 0x1082, 0x0861, 0x0861, 0x0861, 0x1062, 0x0861,
  0x0861, 0x0861, 0x0861, 0x0862, 0x0862, 0x0841, 0x0861, 0x0861, 0x0881, 0x0880, 0x10A2, 0x18C1,
  0x2102, 0x2922, 0x3143, 0x39A4, 0x2141, 0x63C8, 0xC6D3, 0x9D2F, 0x31E3, 0x2162, 0x3183, 0x2122,
  0x2122, 0x2102, 0x2102, 0x1902, 0x2122, 0x2122, 0x2923, 0x28E2, 0x20E2, 0x10E2, 0x1081, 0x1061,
  0x0861, 0x0861, 0x0881, 0x0881, 0x1081, 0x18C1, 0x2122, 0x3183, 0x31A3, 0x31C2, 0x950E, 0xBE73,
  0x4285, 0x2122, 0x2943, 0x18E2, 0x1081, 0x0861, 0x0861, 0x0861, 0x0861, 0x0861, 0x0861, 0x0861,
  0x0861, 0x0861, 0x0861, 0x0861, 0x0861, 0x0861, 0x0861, 0x0861, 0x0861, 0x0861, 0x0861, 0x0861,
  0x0861, 0x0861, 0x0861, 0x0861, 0x0861, 0x0861, 0x0861, 0x0861, 0x0861, 0x0861, 0x0861, 0x0861,
  0x0861, 0x0861, 0x0861, 0x0861, 0x0861, 0x0861, 0x0861, 0x0861, 0x0861, 0x0861, 0x0861, 0x0861,
  0x0000, 0x0000, 0x0000, 0x0000, 0x0000, 0x0000, 0x0000, 0x0000, 0x0000, 0x0000, 0x0000, 0x0000,
  0x0000, 0x0000, 0x0000, 0x0000, 0x0000, 0x0000, 0x0000, 0x0000, 0x0000, 0x0000, 0x0000, 0x0000,
  0x0000, 0x0000, 0x0000, 0x0000, 0x0000, 0x0000, 0x0000, 0x0000, 0x0000, 0x0000, 0x0000, 0x0000,
  0x0000, 0x0000, 0x0000, 0x0000, 0x0000, 0x0000, 0x0000, 0x0000, 0x0000, 0x0000, 0x0000, 0x0000,
  0x0000, 0x1081, 0x10C1, 0x18E1, 0x7C6C, 0x9DAF, 0x4244, 0x3161, 0x31A3, 0x1901, 0x10A0, 0x0840,
  0x0000, 0x0000, 0x0000, 0x0000, 0x0000, 0x0020, 0x0840, 0x1060, 0x10A2, 0x18E1, 0x1900, 0x1900,
  0x18C1, 0x18E1, 0x10C1, 0x1080, 0x10A0, 0x18C1, 0x18C1, 0x20E2, 0x1901, 0x1900, 0x3A43, 0xADB0,
  0x9D70, 0x3A23, 0x1900, 0x2121, 0x18E1, 0x18A1, 0x10A1, 0x1080, 0x0040, 0x0020, 0x0000, 0x0000,
  0x0000, 0x0000, 0x0000, 0x0020, 0x0000, 0x0000, 0x0880, 0x1920, 0x848B, 0x7C6B, 0x2181, 0x0900,
  0x4AE5, 0x952E, 0x5B47, 0x1940, 0x1940, 0x6BE9, 0x950E, 0x3222, 0x1100, 0x29C1, 0x8CCD, 0x7C6B,
  0x1940, 0x1100, 0x4AC4, 0x952E, 0x5346, 0x3242, 0x5BA6, 0x63C7, 0x84AB, 0x84AB, 0x84CB, 0x6BE9,
  0x1920, 0x10C0, 0x0040, 0x0860, 0x0040, 0x0000, 0x0000, 0x0000, 0x0000, 0x0000, 0x0000, 0x0000,
  0x0000, 0x0000, 0x0000, 0x0000, 0x0000, 0x0000, 0x0000, 0x0020, 0x0820, 0x1061, 0x10A1, 0x18A1,
  0x20E1, 0x2101, 0x2141, 0x2981, 0x8CCD, 0xADD1, 0x5306, 0x2140, 0x18E0, 0x2102, 0x18E1, 0x10A1,
  0x08A0, 0x10A0, 0x10A0, 0x18E1, 0x2102, 0x10E0, 0x10E0, 0x2922, 0x10A0, 0x1080, 0x1081, 0x0820,
  0x0000, 0x0000, 0x0000, 0x0000, 0x0000, 0x0820, 0x1080, 0x1901, 0x2942, 0x3142, 0x2980, 0x84AB,
  0xA5D1, 0x3204, 0x10C0, 0x10A1, 0x0820, 0x0000, 0x0000, 0x0000, 0x0000, 0x0000, 0x0000, 0x0000,
  0x0000, 0x0000, 0x0000, 0x0000, 0x0000, 0x0000, 0x0000, 0x0000, 0x0000, 0x0000, 0x0000, 0x0000,
  0x0000, 0x0000, 0x0000, 0x0000, 0x0000, 0x0000, 0x0000, 0x0000, 0x0000, 0x0000, 0x0000, 0x0000,
  0x0000, 0x0000, 0x0000, 0x0000, 0x0000, 0x0000, 0x0000, 0x0000, 0x0000, 0x0000, 0x0000, 0x0000,
  0x1082, 0x1082, 0x1082, 0x1082, 0x1082, 0x1082, 0x1082, 0x1082, 0x1082, 0x1082, 0x1082, 0x1082,
  0x1082, 0x1082, 0x1082, 0x1082, 0x1082, 0x1082, 0x1082, 0x1082, 0x1082, 0x1082, 0x1082, 0x1082,
  0x1082, 0x1082, 0x1082, 0x1082, 0x1082, 0x1082, 0x1082, 0x1082, 0x1082, 0x1082, 0x1082, 0x1082,
  0x1082, 0x1082, 0x1082, 0x1082, 0x1082, 0x1082, 0x1082, 0x1082, 0x1082, 0x1082, 0x1082, 0x10A2,
  0x10C2, 0x18E2, 0x2962, 0x39E4, 0xBE73, 0x956D, 0x41E3, 0x4A25, 0x3A04, 0x29C3, 0x2943, 0x18E2,
  0x10A2, 0x1082, 0x1082, 0x1081, 0x10A2, 0x18E2, 0x2102, 0x2963, 0x3185, 0x29A3, 0x742A, 0x9D6F,
  0x3A24, 0x2983, 0x39C4, 0x3184, 0x2123, 0x2943, 0x2123, 0x2103, 0x2964, 0x31C4, 0x31A3, 0x3A04,
  0x8D0D, 0xCF15, 0x8CCD, 0x3A23, 0x31C2, 0x31A3, 0x2983, 0x2963, 0x2122, 0x2102, 0x18C2, 0x18A2,
  0x10A2, 0x1082, 0x1082, 0x0861, 0x1082, 0x1082, 0x18E2, 0x1901, 0x1921, 0x2142, 0x2142, 0x2162,
  0x1901, 0x2162, 0x2142, 0x2162, 0x1922, 0x2142, 0x1922, 0x1901, 0x2162, 0x1921, 0x2142, 0x1921,
  0x2121, 0x2942, 0x1901, 0x2982, 0x2141, 0x2161, 0x1920, 0x1940, 0x1920, 0x2161, 0x2181, 0x1921,
  0x1902, 0x18C2, 0x0861, 0x10A2, 0x0861, 0x1082, 0x1082, 0x1082, 0x1082, 0x1082, 0x10A2, 0x1082,
  0x1082, 0x1082, 0x1082, 0x1082, 0x10A2, 0x10A2, 0x18E2, 0x18E2, 0x2903, 0x3144, 0x3163, 0x39A4,
  0x3162, 0x3204, 0x742A, 0xCF14, 0xA58F, 0x4265, 0x3183, 0x31A3, 0x3184, 0x2943, 0x2123, 0x2123,
  0x2163, 0x2984, 0x3183, 0x39C4, 0x3182, 0x742B, 0x9D6F, 0x3A44, 0x39C3, 0x3184, 0x2123, 0x2102,
  0x18C2, 0x10A2, 0x1082, 0x1062, 0x1082, 0x18C2, 0x2123, 0x3183, 0x39A4, 0x5246, 0x4224, 0x5326,
  0xD736, 0x6389, 0x2122, 0x2923, 0x18C2, 0x1082, 0x1082, 0x1082, 0x1082, 0x1082, 0x1082, 0x1082,
  0x1082, 0x1082, 0x1082, 0x1082, 0x1082, 0x1082, 0x1082, 0x1082, 0x1082, 0x1082, 0x1082, 0x1082,
  0x1082, 0x1082, 0x1082, 0x1082, 0x1082, 0x1082, 0x1082, 0x1082, 0x1082, 0x1082, 0x1082, 0x1082,
  0x1082, 0x1082, 0x1082, 0x1082, 0x1082, 0x1082, 0x1082, 0x1082, 0x1082, 0x1082, 0x1082, 0x1082,
  0x0020, 0x0020, 0x0020, 0x0020, 0x0020, 0x0020, 0x0020, 0x0020, 0x0020, 0x0020, 0x0020, 0x0020,
  0x0020, 0x0020, 0x0020, 0x0020, 0x0020, 0x0020, 0x0020, 0x0020, 0x0020, 0x0020, 0x0020, 0x0020,
  0x0020, 0x0020, 0x0020, 0x0020, 0x0020, 0x0020, 0x0020, 0x0020, 0x0020, 0x0020, 0x0020, 0x0020,
  0x0020, 0x0020, 0x0020, 0x0020, 0x0020, 0x0020, 0x0020, 0x0020, 0x0020, 0x0020, 0x0020, 0x0020,
  0x0861, 0x0860, 0x2122, 0x18E0, 0x4264, 0xB652, 0x846C, 0x31A2, 0x31A2, 0x2962, 0x18E1, 0x1081,
  0x0840, 0x0840, 0x0020, 0x0840, 0x1060, 0x10A0, 0x20E1, 0x2962, 0x2141, 0x63A9, 0xB632, 0xA5D0,
  0xADD1, 0x31E2, 0x2141, 0x2142, 0x2122, 0x18C1, 0x18C1, 0x18C2, 0x18C1, 0x18C1, 0x2122, 0x2942,
  0x1940, 0x4A85, 0xA5B1, 0xADF1, 0x5B26, 0x2161, 0x1920, 0x2121, 0x2942, 0x20E1, 0x10A1, 0x10A1,
  0x1061, 0x0841, 0x0820, 0x0820, 0x0020, 0x0020, 0x0000, 0x0840, 0x0860, 0x0881, 0x0861, 0x0840,
  0x0861, 0x0840, 0x0881, 0x0840, 0x0840, 0x0861, 0x0040, 0x10A2, 0x0040, 0x0861, 0x0861, 0x0881,
  0x0860, 0x0840, 0x0840, 0x0840, 0x1081, 0x1081, 0x0861, 0x0841, 0x0841, 0x1081, 0x0861, 0x0881,
  0x0840, 0x0021, 0x0841, 0x0000, 0x0020, 0x0020, 0x0020, 0x0020, 0x0020, 0x0020, 0x0020, 0x0020,
  0x0020, 0x0020, 0x0840, 0x0860, 0x1060, 0x10A1, 0x18C1, 0x18E1, 0x2102, 0x2122, 0x2141, 0x2120,
  0x52C6, 0x9D70, 0xA5D1, 0x5B67, 0x2160, 0x2121, 0x2122, 0x1901, 0x18E1, 0x18C1, 0x18C1, 0x18E1,
  0x2102, 0x2942, 0x2982, 0x2981, 0x848C, 0xBE32, 0xADD1, 0x9D4F, 0x31C2, 0x2921, 0x2922, 0x18C1,
  0x1080, 0x0860, 0x0820, 0x0020, 0x0840, 0x1061, 0x18C1, 0x2122, 0x2962, 0x3162, 0x4AA5, 0xBE73,
  0x740A, 0x1920, 0x2101, 0x10A1, 0x0840, 0x0020, 0x0020, 0x0020, 0x0020, 0x0020, 0x0020, 0x0020,
  0x0020, 0x0020, 0x0020, 0x0020, 0x0020, 0x0020, 0x0020, 0x0020, 0x0020, 0x0020, 0x0020, 0x0020,
  0x0020, 0x0020, 0x0020, 0x0020, 0x0020, 0x0020, 0x0020, 0x0020, 0x0020, 0x0020, 0x0020, 0x0020,
  0x0020, 0x0020, 0x0020, 0x0020, 0x0020, 0x0020, 0x0020, 0x0020, 0x0020, 0x0020, 0x0020, 0x0020,
  0x0020, 0x0020, 0x0020, 0x0020, 0x0020, 0x0020, 0x0020, 0x0020, 0x0020, 0x0020, 0x0020, 0x0020,
  0x0020, 0x0020, 0x0020, 0x0020, 0x0020, 0x0020, 0x0020, 0x0020, 0x0020, 0x0020, 0x0020, 0x0020,
  0x0020, 0x0020, 0x0020, 0x0020, 0x0020, 0x0020, 0x0020, 0x0020, 0x0020, 0x0020, 0x0020, 0x0020,
  0x0020, 0x0020, 0x0020, 0x0020, 0x0020, 0x0020, 0x0020, 0x0020, 0x0020, 0x0020, 0x0020, 0x0821,
  0x0841, 0x0860, 0x10A1, 0x2122, 0x2102, 0x4265, 0xB692, 0x746A, 0x3182, 0x3943, 0x2141, 0x18C1,
  0x10A1, 0x0881, 0x0880, 0x1081, 0x18C1, 0x2101, 0x2962, 0x2921, 0x6BE8, 0xC694, 0x5307, 0x29A1,
  0x952D, 0xB652, 0x4AA5, 0x1900, 0x2983, 0x2122, 0x1902, 0x10C1, 0x18C1, 0x18C1, 0x18C1, 0x2102,
  0x3102, 0x2921, 0x2982, 0x6BA9, 0xAE31, 0xA570, 0x52E7, 0x2120, 0x2121, 0x2942, 0x2122, 0x1901,
  0x18E1, 0x18A1, 0x1081, 0x1081, 0x0880, 0x0040, 0x0841, 0x0021, 0x0841, 0x0821, 0x0821, 0x0841,
  0x0841, 0x0862, 0x0020, 0x0841, 0x0841, 0x0021, 0x0861, 0x0021, 0x0841, 0x0021, 0x0841, 0x0020,
  0x0021, 0x0841, 0x0841, 0x0041, 0x0041, 0x0841, 0x0821, 0x0821, 0x0841, 0x0020, 0x0841, 0x0861,
  0x0841, 0x0020, 0x0041, 0x0840, 0x0020, 0x0841, 0x0841, 0x0841, 0x0020, 0x0020, 0x0840, 0x0840,
  0x0861, 0x0881, 0x1081, 0x18C1, 0x18E1, 0x1902, 0x2122, 0x2943, 0x2121, 0x2121, 0x4264, 0x952E,
  0xB652, 0x7C4A, 0x31A2, 0x2101, 0x2122, 0x2101, 0x2101, 0x18E1, 0x18C1, 0x18E2, 0x2122, 0x2121,
  0x3143, 0x2962, 0x31E2, 0x9D8F, 0xB671, 0x5AE6, 0x31E1, 0xA5AF, 0x9D70, 0x31C3, 0x2122, 0x2942,
  0x18E1, 0x10A1, 0x1061, 0x0861, 0x1081, 0x10C1, 0x1901, 0x2982, 0x2961, 0x4AA5, 0xBE93, 0x742A,
  0x2961, 0x3123, 0x18C1, 0x10A1, 0x0840, 0x0020, 0x0040, 0x0020, 0x0020, 0x0020, 0x0020, 0x0020,
  0x0020, 0x0020, 0x0020, 0x0020, 0x0020, 0x0020, 0x0020, 0x0020, 0x0020, 0x0020, 0x0020, 0x0020,
  0x0020, 0x0020, 0x0020, 0x0020, 0x0020, 0x0020, 0x0020, 0x0020, 0x0020, 0x0020, 0x0020, 0x0020,
  0x0020, 0x0020, 0x0020, 0x0020, 0x0020, 0x0020, 0x0020, 0x0020, 0x0020, 0x0020, 0x0020, 0x0020,
  0x1082, 0x1082, 0x1082, 0x1082, 0x1082, 0x1082, 0x1082, 0x1082, 0x1082, 0x1082, 0x1082, 0x1082,
  0x1082, 0x1082, 0x1082, 0x1082, 0x1082, 0x1082, 0x1082, 0x1082, 0x1082, 0x1082, 0x1082, 0x1082,
  0x1082, 0x1082, 0x1082, 0x1082, 0x1082, 0x1082, 0x1082, 0x1082, 0x1082, 0x1082, 0x1082, 0x1082,
  0x1082, 0x1082, 0x1082, 0x1082, 0x1082, 0x1082, 0x1082, 0x1082, 0x1082, 0x1082, 0x1082, 0x1082,
  0x0862, 0x10A2, 0x1902, 0x2123, 0x3164, 0x39C4, 0x4AA5, 0xCEF5, 0x8CCC, 0x31E2, 0x39A4, 0x3183,
  0x2922, 0x2123, 0x1903, 0x2942, 0x2943, 0x39C5, 0x29A2, 0x7C4A, 0xD6F5, 0x6347, 0x3A04, 0x4245,
  0x3A03, 0x950D, 0xCF15, 0x6BC8, 0x29A1, 0x39A4, 0x3184, 0x2163, 0x2963, 0x2122, 0x2122, 0x2123,
  0x2943, 0x3184, 0x31A3, 0x2982, 0x4285, 0x8CED, 0xC693, 0xA590, 0x5307, 0x2983, 0x2963, 0x31A4,
  0x3163, 0x2943, 0x2944, 0x2103, 0x2102, 0x18E2, 0x18E3, 0x10A2, 0x10C3, 0x10A2, 0x1061, 0x10A2,
  0x1082, 0x1062, 0x1082, 0x1082, 0x1082, 0x1082, 0x0862, 0x1082, 0x10A2, 0x1082, 0x10A2, 0x1082,
  0x1082, 0x1082, 0x0861, 0x1082, 0x0882, 0x1082, 0x1062, 0x1082, 0x1082, 0x1082, 0x10A2, 0x10A2,
  0x1082, 0x1082, 0x1082, 0x1082, 0x1082, 0x1082, 0x1082, 0x10A2, 0x10A2, 0x10C2, 0x10C2, 0x1902,
  0x2102, 0x2122, 0x2963, 0x3183, 0x3183, 0x39A4, 0x2963, 0x3183, 0x4B06, 0x952E, 0xC694, 0x9D2F,
  0x4AA5, 0x2961, 0x39C4, 0x3183, 0x3163, 0x2942, 0x2122, 0x1922, 0x2943, 0x3184, 0x31A3, 0x39E4,
  0x31A3, 0x5306, 0xBE92, 0xBE73, 0x52C6, 0x4204, 0x4244, 0x4244, 0xADF1, 0xADF1, 0x4244, 0x31A3,
  0x3164, 0x3164, 0x2142, 0x1922, 0x2123, 0x2963, 0x39C4, 0x31A2, 0x5307, 0xC6D3, 0x8CCD, 0x2981,
  0x31A4, 0x3163, 0x20E2, 0x18E2, 0x1082, 0x1082, 0x1082, 0x1082, 0x1082, 0x1082, 0x1082, 0x1082,
  0x1082, 0x1082, 0x1082, 0x1082, 0x1082, 0x1082, 0x1082, 0x1082, 0x1082, 0x1082, 0x1082, 0x1082,
  0x1082, 0x1082, 0x1082, 0x1082, 0x1082, 0x1082, 0x1082, 0x1082, 0x1082, 0x1082, 0x1082, 0x1082,
  0x1082, 0x1082, 0x1082, 0x1082, 0x1082, 0x1082, 0x1082, 0x1082, 0x1082, 0x1082, 0x1082, 0x1082,
  0x0000, 0x0000, 0x0000, 0x0000, 0x0000, 0x0000, 0x0000, 0x0000, 0x0000, 0x0000, 0x0000, 0x0000,
  0x0000, 0x0000, 0x0000, 0x0000, 0x0000, 0x0000, 0x0000, 0x0000, 0x0000, 0x0000, 0x0000, 0x0000,
  0x0000, 0x0000, 0x0000, 0x0000, 0x0000, 0x0000, 0x0000, 0x0000, 0x0000, 0x0000, 0x0000, 0x0000,
  0x0000, 0x0000, 0x0000, 0x0000, 0x0000, 0x0000, 0x0000, 0x0000, 0x0000, 0x0000, 0x0000, 0x0000,
  0x0000, 0x0000, 0x0040, 0x0880, 0x18C1, 0x18E1, 0x1900, 0x3A24, 0xB632, 0x6BE9, 0x2120, 0x2100,
  0x2922, 0x2101, 0x1901, 0x2101, 0x2942, 0x10C0, 0x5B48, 0xBE72, 0x4AA5, 0x2120, 0x31A3, 0x2941,
  0x3182, 0x2140, 0x5B88, 0xBE72, 0x742A, 0x2141, 0x2962, 0x2121, 0x10C0, 0x18E1, 0x1080, 0x1080,
  0x10A0, 0x10A0, 0x18C1, 0x2101, 0x18E1, 0x10E0, 0x31E3, 0x7C2B, 0xADF1, 0x8CEC, 0x52E6, 0x2121,
  0x10C0, 0x1901, 0x18E1, 0x2101, 0x18C0, 0x18C0, 0x1080, 0x18C1, 0x0860, 0x0840, 0x0840, 0x0020,
  0x0000, 0x0000, 0x0000, 0x0000, 0x0000, 0x0000, 0x0000, 0x0000, 0x0000, 0x0000, 0x0000, 0x0000,
  0x0000, 0x0000, 0x0000, 0x0000, 0x0000, 0x0000, 0x0000, 0x0000, 0x0000, 0x0000, 0x0000, 0x0000,
  0x0000, 0x0000, 0x0000, 0x0000, 0x0020, 0x0820, 0x0840, 0x0840, 0x0860, 0x10A0, 0x1080, 0x10A0,
  0x18C1, 0x18C1, 0x20C2, 0x18E1, 0x1901, 0x1920, 0x4264, 0x8CCD, 0xB611, 0x8CCD, 0x3A24, 0x18E0,
  0x2101, 0x2101, 0x18C1, 0x10C0, 0x10A0, 0x1080, 0x10A0, 0x18C1, 0x20C1, 0x2101, 0x2962, 0x2141,
  0x5B47, 0xB673, 0x8CED, 0x29A1, 0x3162, 0x3182, 0x31A3, 0x2961, 0x2181, 0x9D4E, 0x952E, 0x1940,
  0x2942, 0x18C1, 0x2101, 0x1901, 0x18E1, 0x2101, 0x2121, 0x4244, 0xAE12, 0x7409, 0x10C0, 0x2962,
  0x18C1, 0x1080, 0x0840, 0x0020, 0x0000, 0x0000, 0x0000, 0x0000, 0x0000, 0x0000, 0x0000, 0x0000,
  0x0000, 0x0000, 0x0000, 0x0000, 0x0000, 0x0000, 0x0000, 0x0000, 0x0000, 0x0000, 0x0000, 0x0000,
  0x0000, 0x0000, 0x0000, 0x0000, 0x0000, 0x0000, 0x0000, 0x0000, 0x0000, 0x0000, 0x0000, 0x0000,
  0x0000, 0x0000, 0x0000, 0x0000, 0x0000, 0x0000, 0x0000, 0x0000, 0x0000, 0x0000, 0x0000, 0x0000,
  0x0861, 0x0861, 0x0861, 0x0861, 0x0861, 0x0861, 0x0861, 0x0861, 0x0861, 0x0861, 0x0861, 0x0861,
  0x0861, 0x0861, 0x0861, 0x0861, 0x0861, 0x0861, 0x0861, 0x0861, 0x0861, 0x0861, 0x0861, 0x0861,
  0x0861, 0x0861, 0x0861, 0x0861, 0x0861, 0x0861, 0x0861, 0x0861, 0x0861, 0x0861, 0x0861, 0x0861,
  0x0861, 0x0861, 0x0861, 0x0861, 0x0861, 0x0861, 0x0861, 0x0861, 0x0861, 0x0861, 0x0861, 0x1062,
  0x0861, 0x0881, 0x1081, 0x10C2, 0x18E2, 0x2943, 0x31C4, 0x2161, 0x4AA6, 0xCED4, 0x84AB, 0x31C3,
  0x39C4, 0x39A4, 0x39C3, 0x39C5, 0x31C2, 0x63A8, 0xCEF5, 0x5B48, 0x2961, 0x39E3, 0x31C4, 0x3183,
  0x31A3, 0x31A3, 0x3182, 0x52E6, 0xC673, 0xA5D0, 0x3A23, 0x2982, 0x39C4, 0x3163, 0x2943, 0x2923,
  0x2102, 0x2102, 0x2122, 0x2123, 0x2943, 0x2944, 0x2963, 0x29A2, 0x4244, 0x8CCC, 0xB632, 0xB612,
  0x8CCD, 0x4AC5, 0x29C2, 0x2982, 0x3182, 0x31A3, 0x2962, 0x2942, 0x3184, 0x2122, 0x2102, 0x2102,
  0x20E2, 0x18E2, 0x18C2, 0x18C2, 0x10C2, 0x10A2, 0x10A2, 0x1082, 0x1082, 0x1082, 0x1082, 0x1082,
  0x1082, 0x1082, 0x1082, 0x1082, 0x1082, 0x1082, 0x1081, 0x1081, 0x1081, 0x1081, 0x10A1, 0x10A2,
  0x18A2, 0x18C2, 0x18C2, 0x18E2, 0x18C2, 0x18E2, 0x2123, 0x2123, 0x2143, 0x2943, 0x3143, 0x3183,
  0x3183, 0x2963, 0x2142, 0x4A86, 0x848D, 0xADD1, 0xC6B3, 0x8CEC, 0x52A6, 0x3182, 0x2962, 0x3184,
  0x3143, 0x2923, 0x2123, 0x2102, 0x2102, 0x2122, 0x2943, 0x2943, 0x39E4, 0x39E3, 0x3A44, 0x9D4F,
  0xCF34, 0x7C6C, 0x31E4, 0x4204, 0x39A2, 0x3183, 0x3183, 0x31C4, 0x31E3, 0x31C2, 0xAE11, 0x954E,
  0x31E2, 0x39E4, 0x39C4, 0x39A3, 0x39C4, 0x39C3, 0x4AA5, 0xC6D5, 0x7C6B, 0x29A2, 0x31C4, 0x2123,
  0x2103, 0x20E2, 0x1081, 0x0881, 0x0861, 0x0861, 0x0862, 0x0862, 0x0861, 0x0861, 0x0861, 0x0861,
  0x0861, 0x0861, 0x0861, 0x0861, 0x0861, 0x0861, 0x0861, 0x0861, 0x0861, 0x0861, 0x0861, 0x0861,
  0x0861, 0x0861, 0x0861, 0x0861, 0x0861, 0x0861, 0x0861, 0x0861, 0x0861, 0x0861, 0x0861, 0x0861,
  0x0861, 0x0861, 0x0861, 0x0861, 0x0861, 0x0861, 0x0861, 0x0861, 0x0861, 0x0861, 0x0861, 0x0861,
  0x0841, 0x0841, 0x0841, 0x0841, 0x0841, 0x0841, 0x0841, 0x0841, 0x0841, 0x0841, 0x0841, 0x0841,
  0x0841, 0x0841, 0x0841, 0x0841, 0x0841, 0x0841, 0x0841, 0x0841, 0x0841, 0x0841, 0x0841, 0x0841,
  0x0841, 0x0841, 0x0841, 0x0841, 0x0841, 0x0841, 0x0841, 0x0841, 0x0841, 0x0841, 0x0841, 0x0841,
  0x0841, 0x0841, 0x0841, 0x0841, 0x0841, 0x0841, 0x0841, 0x0841, 0x0841, 0x0841, 0x0841, 0x0841,
  0x0841, 0x0841, 0x0841, 0x0861, 0x1081, 0x10C1, 0x1902, 0x2983, 0x2141, 0x4285, 0xC6D3, 0x7C4B,
  0x39E3, 0x4203, 0x4203, 0x29A2, 0x5B26, 0xD714, 0x6B88, 0x2962, 0x31A3, 0x2142, 0x2123, 0x20E2,
  0x2122, 0x2943, 0x3143, 0x2982, 0x3202, 0xADF1, 0xB652, 0x6348, 0x29A2, 0x31A3, 0x3183, 0x2902,
  0x2102, 0x18E2, 0x18C2, 0x18C2, 0x18E2, 0x2101, 0x2142, 0x2963, 0x2942, 0x2122, 0x3A24, 0x6BE9,
  0x9D4F, 0xB633, 0x9D70, 0x6368, 0x31C3, 0x2121, 0x2983, 0x2942, 0x2943, 0x2963, 0x2962, 0x2942,
  0x2122, 0x2102, 0x2102, 0x18E2, 0x18E2, 0x18E1, 0x18E1, 0x18C1, 0x18A2, 0x18A2, 0x18A2, 0x18A2,
  0x18A2, 0x10A1, 0x10A1, 0x10A1, 0x10A1, 0x10A1, 0x10A1, 0x10A1, 0x18C1, 0x18C1, 0x18C1, 0x18C1,
  0x18E1, 0x20E1, 0x2102, 0x2122, 0x2122, 0x2142, 0x2942, 0x2963, 0x2983, 0x2943, 0x2903, 0x2942,
  0x2981, 0x6367, 0x9D6E, 0xBE72, 0x9D8F, 0x7C2B, 0x3A24, 0x2142, 0x2922, 0x3163, 0x2922, 0x2102,
  0x20C2, 0x18C2, 0x18C2, 0x18E1, 0x2102, 0x2942, 0x3183, 0x39C3, 0x29A1, 0x5326, 0xBE53, 0xC694,
  0x5B86, 0x2181, 0x3184, 0x3143, 0x2942, 0x2101, 0x2123, 0x2102, 0x2963, 0x3183, 0x3A23, 0xB632,
  0x950E, 0x31C1, 0x39E3, 0x4204, 0x31A2, 0x4A84, 0xCEF5, 0x740A, 0x2181, 0x31A3, 0x2102, 0x18E2,
  0x18C2, 0x1061, 0x0841, 0x0841, 0x0841, 0x0841, 0x0841, 0x0841, 0x0841, 0x0841, 0x0841, 0x0841,
  0x0841, 0x0841, 0x0841, 0x0841, 0x0841, 0x0841, 0x0841, 0x0841, 0x0841, 0x0841, 0x0841, 0x0841,
  0x0841, 0x0841, 0x0841, 0x0841, 0x0841, 0x0841, 0x0841, 0x0841, 0x0841, 0x0841, 0x0841, 0x0841,
  0x0841, 0x0841, 0x0841, 0x0841, 0x0841, 0x0841, 0x0841, 0x0841, 0x0841, 0x0841, 0x0841, 0x0841,
  0x0000, 0x0000, 0x0000, 0x0000, 0x0000, 0x0000, 0x0000, 0x0000, 0x0000, 0x0000, 0x0000, 0x0000,
  0x0000, 0x0000, 0x0000, 0x0000, 0x0000, 0x0000, 0x0000, 0x0000, 0x0000, 0x0000, 0x0000, 0x0000,
  0x0000, 0x0000, 0x0000, 0x0000, 0x0000, 0x0000, 0x0000, 0x0000, 0x0000, 0x0000, 0x0000, 0x0000,
  0x0000, 0x0000, 0x0000, 0x0000, 0x0000, 0x0000, 0x0000, 0x0000, 0x0000, 0x0000, 0x0000, 0x0000,
  0x0000, 0x0000, 0x0000, 0x0000, 0x0020, 0x0840, 0x1081, 0x18E1, 0x2102, 0x2101, 0x3A24, 0xBE52,
  0x7409, 0x39E1, 0x3161, 0x5B66, 0xBE93, 0x5B27, 0x2141, 0x2102, 0x18C1, 0x18C1, 0x1081, 0x0860,
  0x0860, 0x1080, 0x20E2, 0x20E2, 0x2962, 0x2961, 0x73E9, 0xBEB3, 0x84AC, 0x2981, 0x2941, 0x2942,
  0x2102, 0x18E1, 0x10A0, 0x0860, 0x1080, 0x10A0, 0x1080, 0x18A2, 0x18C2, 0x18E1, 0x2101, 0x18C0,
  0x2120, 0x3A03, 0x73EA, 0xADD1, 0x9DD0, 0x952E, 0x5B27, 0x3202, 0x29A2, 0x18C0, 0x18E1, 0x2101,
  0x2122, 0x2102, 0x2102, 0x1901, 0x1901, 0x18E1, 0x18E1, 0x18C1, 0x18C1, 0x18C1, 0x18C1, 0x18C1,
  0x18C1, 0x18C1, 0x18C1, 0x18C1, 0x18C1, 0x18C1, 0x18C1, 0x18C1, 0x18C1, 0x18C1, 0x18E1, 0x18E1,
  0x2101, 0x2101, 0x2101, 0x2121, 0x2101, 0x2121, 0x2101, 0x10C0, 0x2921, 0x39E3, 0x4AE5, 0x8CED,
  0xADF1, 0xA5AF, 0x7C4A, 0x4224, 0x2141, 0x10C0, 0x2122, 0x20E2, 0x20E1, 0x10A0, 0x1080, 0x0860,
  0x0040, 0x0860, 0x1080, 0x10A0, 0x2121, 0x2962, 0x2141, 0x31E2, 0x7C6A, 0xBEB3, 0x9D2E, 0x39E2,
  0x2121, 0x2942, 0x20C1, 0x18C1, 0x0881, 0x10A0, 0x0860, 0x1081, 0x18A1, 0x20E2, 0x2121, 0x31C2,
  0xA5B0, 0x8D0D, 0x2961, 0x3182, 0x52C5, 0xBE52, 0x6BE9, 0x1900, 0x2102, 0x20E1, 0x18A1, 0x0840,
  0x0020, 0x0020, 0x0000, 0x0020, 0x0000, 0x0000, 0x0000, 0x0000, 0x0000, 0x0000, 0x0000, 0x0000,
  0x0000, 0x0000, 0x0000, 0x0000, 0x0000, 0x0000, 0x0000, 0x0000, 0x0000, 0x0000, 0x0000, 0x0000,
  0x0000, 0x0000, 0x0000, 0x0000, 0x0000, 0x0000, 0x0000, 0x0000, 0x0000, 0x0000, 0x0000, 0x0000,
  0x0000, 0x0000, 0x0000, 0x0000, 0x0000, 0x0000, 0x0000, 0x0000, 0x0000, 0x0000, 0x0000, 0x0000,
  0x1082, 0x1082, 0x1082, 0x1082, 0x1082, 0x1082, 0x1082, 0x1082, 0x1082, 0x1082, 0x1082, 0x1082,
  0x1082, 0x1082, 0x1082, 0x1082, 0x1082, 0x1082, 0x1082, 0x1082, 0x1082, 0x1082, 0x1082, 0x1082,
  0x1082, 0x1082, 0x1082, 0x1082, 0x1082, 0x1082, 0x1082, 0x1082, 0x1082, 0x1082, 0x1082, 0x1082,
  0x1082, 0x1082, 0x1082, 0x1082, 0x1082, 0x1082, 0x1082, 0x1082, 0x1082, 0x1082, 0x1082, 0x1082,
  0x1082, 0x1082, 0x1082, 0x1082, 0x10A2, 0x1082, 0x18E2, 0x2102, 0x2963, 0x39C4, 0x3183, 0x52E6,
  0xD715, 0x84AC, 0x6BC9, 0xD735, 0x7C2A, 0x31A2, 0x31A4, 0x2943, 0x2943, 0x18E2, 0x1081, 0x18C2,
  0x18C2, 0x18C2, 0x2103, 0x2943, 0x3183, 0x39C4, 0x31C3, 0x5B47, 0xC6D4, 0xC6D4, 0x63A8, 0x3202,
  0x39E4, 0x31A3, 0x2943, 0x2923, 0x1902, 0x18C2, 0x18E3, 0x18E2, 0x2123, 0x2963, 0x2963, 0x3164,
  0x31A4, 0x3183, 0x2982, 0x4224, 0x6387, 0x8CED, 0xB652, 0xCEF5, 0xB611, 0x8CED, 0x742A, 0x52E6,
  0x31E3, 0x31A2, 0x31A3, 0x3183, 0x3183, 0x3183, 0x39A4, 0x31A4, 0x31A4, 0x3183, 0x3183, 0x31A4,
  0x39C4, 0x31A4, 0x31A4, 0x31A4, 0x31A4, 0x31A4, 0x3185, 0x3184, 0x31A4, 0x31A4, 0x3184, 0x3984,
  0x3183, 0x3183, 0x31A3, 0x31A2, 0x31C2, 0x4AA5, 0x6B89, 0x8CAD, 0xB5F2, 0xC6D4, 0xBEB2, 0x9D4E,
  0x6388, 0x3A24, 0x2982, 0x3184, 0x31A4, 0x31A4, 0x2943, 0x2942, 0x2102, 0x2103, 0x18E2, 0x10C2,
  0x10E2, 0x2102, 0x2943, 0x31C4, 0x31C3, 0x3A03, 0x6388, 0xBE93, 0xD776, 0x7C6B, 0x4243, 0x4204,
  0x39C4, 0x3163, 0x2922, 0x20E2, 0x18C2, 0x10A2, 0x18C2, 0x18C2, 0x2123, 0x2923, 0x39A4, 0x3182,
  0x4AA5, 0xBE73, 0xA590, 0x5B47, 0xCED4, 0x950D, 0x2181, 0x39E5, 0x3164, 0x2122, 0x2102, 0x18C2,
  0x1082, 0x10A2, 0x10A2, 0x10A2, 0x10A2, 0x1082, 0x1082, 0x1082, 0x1082, 0x1082, 0x1082, 0x1082,
  0x1082, 0x1082, 0x1082, 0x1082, 0x1082, 0x1082, 0x1082, 0x1082, 0x1082, 0x1082, 0x1082, 0x1082,
  0x1082, 0x1082, 0x1082, 0x1082, 0x1082, 0x1082, 0x1082, 0x1082, 0x1082, 0x1082, 0x1082, 0x1082,
  0x1082, 0x1082, 0x1082, 0x1082, 0x1082, 0x1082, 0x1082, 0x1082, 0x1082, 0x1082, 0x1082, 0x1082,
  0x0000, 0x0000, 0x0000, 0x0000, 0x0000, 0x0000, 0x0000, 0x0000, 0x0000, 0x0000, 0x0000, 0x0000,
  0x0000, 0x0000, 0x0000, 0x0000, 0x0000, 0x0000, 0x0000, 0x0000, 0x0000, 0x0000, 0x0000, 0x0000,
  0x0000, 0x0000, 0x0000, 0x0000, 0x0000, 0x0000, 0x0000, 0x0000, 0x0000, 0x0000, 0x0000, 0x0000,
  0x0000, 0x0000, 0x0000, 0x0000, 0x0000, 0x0000, 0x0000, 0x0000, 0x0000, 0x0000, 0x0000, 0x0000,
  0x0000, 0x0000, 0x0000, 0x0000, 0x0000, 0x0000, 0x0000, 0x0840, 0x08A1, 0x18C1, 0x2902, 0x2121,
  0x3A44, 0xAE11, 0xB672, 0x6B68, 0x2120, 0x2121, 0x20E1, 0x18A0, 0x0840, 0x0020, 0x0020, 0x0000,
  0x0020, 0x0020, 0x0841, 0x1061, 0x10A1, 0x2101, 0x2942, 0x3162, 0x31E2, 0x84CB, 0xBED3, 0x8D2D,
  0x4244, 0x2941, 0x2102, 0x1081, 0x0860, 0x0020, 0x0020, 0x0040, 0x0860, 0x0861, 0x1081, 0x10A1,
  0x18C1, 0x18E1, 0x2102, 0x2102, 0x2101, 0x2121, 0x2161, 0x3A44, 0x6BC9, 0x956D, 0xA5CF, 0xAE11,
  0xA5B0, 0x9D6F, 0x846B, 0x5B27, 0x4264, 0x3A24, 0x29C2, 0x2961, 0x2141, 0x1900, 0x1900, 0x18E0,
  0x18E0, 0x18E0, 0x18E0, 0x18E0, 0x18E0, 0x18E0, 0x18E0, 0x18E0, 0x2120, 0x2981, 0x31A2, 0x3A03,
  0x3A24, 0x4AC5, 0x742A, 0x9D4F, 0xA5D0, 0xADF1, 0xADD0, 0x9D4F, 0x742A, 0x4284, 0x31A2, 0x1900,
  0x1900, 0x2121, 0x1901, 0x1901, 0x18E1, 0x10A1, 0x1080, 0x0860, 0x0840, 0x0020, 0x0020, 0x0020,
  0x0860, 0x1080, 0x18A1, 0x2121, 0x3A43, 0x8CCD, 0xC6B4, 0x9D6E, 0x4284, 0x2961, 0x3162, 0x2942,
  0x18E1, 0x10A1, 0x0860, 0x0820, 0x0820, 0x0000, 0x0000, 0x0020, 0x0860, 0x08A1, 0x18C1, 0x20E1,
  0x2141, 0x3203, 0xA58F, 0xBE72, 0x6BEA, 0x1920, 0x31A3, 0x18C1, 0x18A1, 0x0880, 0x0860, 0x0020,
  0x0000, 0x0000, 0x0000, 0x0000, 0x0000, 0x0000, 0x0000, 0x0000, 0x0000, 0x0000, 0x0000, 0x0000,
  0x0000, 0x0000, 0x0000, 0x0000, 0x0000, 0x0000, 0x0000, 0x0000, 0x0000, 0x0000, 0x0000, 0x0000,
  0x0000, 0x0000, 0x0000, 0x0000, 0x0000, 0x0000, 0x0000, 0x0000, 0x0000, 0x0000, 0x0000, 0x0000,
  0x0000, 0x0000, 0x0000, 0x0000, 0x0000, 0x0000, 0x0000, 0x0000, 0x0000, 0x0000, 0x0000, 0x0000,
  0x0841, 0x0841, 0x0841, 0x0841, 0x0841, 0x0841, 0x0841, 0x0841, 0x0841, 0x0841, 0x0841, 0x0841,
  0x0841, 0x0841, 0x0841, 0x0841, 0x0841, 0x0841, 0x0841, 0x0841, 0x0841, 0x0841, 0x0841, 0x0841,
  0x0841, 0x0841, 0x0841, 0x0841, 0x0841, 0x0841, 0x0841, 0x0841, 0x0841, 0x0841, 0x0841, 0x0841,
  0x0841, 0x0841, 0x0841, 0x0841, 0x0841, 0x0841, 0x0841, 0x0841, 0x0841, 0x0841, 0x0841, 0x0841,
  0x0841, 0x0841, 0x0841, 0x0841, 0x0841, 0x0841, 0x0841, 0x0861, 0x10A1, 0x10A1, 0x2923, 0x2922,
  0x2942, 0x3A04, 0x52E7, 0x2942, 0x2962, 0x2122, 0x18C2, 0x1081, 0x0861, 0x0841, 0x0840, 0x0840,
  0x0841, 0x0841, 0x0861, 0x1081, 0x10A1, 0x18E1, 0x2922, 0x3162, 0x39E3, 0x31E2, 0x6368, 0xBE32,
  0xBED3, 0x6389, 0x2101, 0x2123, 0x10A1, 0x0820, 0x0841, 0x0841, 0x0841, 0x0861, 0x1061, 0x1081,
  0x18A1, 0x18C1, 0x18E2, 0x2102, 0x2142, 0x2142, 0x2962, 0x2962, 0x2942, 0x2961, 0x31A2, 0x52C6,
  0x73EA, 0x7C2C, 0x9D8F, 0xAE31, 0xB672, 0xB672, 0xAE31, 0xADF1, 0x9D6F, 0x8CCC, 0x84CC, 0x8CCD,
  0x8CCD, 0x8CCC, 0x8CCC, 0x8CCC, 0x8CCC, 0x8CCC, 0x8CEC, 0x8CCC, 0x952D, 0xA5CF, 0xB651, 0xB692,
  0xB692, 0xB672, 0x9DAF, 0x7C8B, 0x740A, 0x6348, 0x39E3, 0x2161, 0x2941, 0x2121, 0x2162, 0x2962,
  0x2142, 0x2102, 0x2102, 0x18C2, 0x10C1, 0x10A1, 0x1061, 0x0860, 0x0840, 0x0841, 0x0841, 0x0841,
  0x0881, 0x18C1, 0x2942, 0x3A03, 0xBE32, 0xC693, 0x7409, 0x4223, 0x39E3, 0x39E4, 0x2122, 0x18E1,
  0x18C1, 0x10A1, 0x0860, 0x0840, 0x0841, 0x0841, 0x0841, 0x0841, 0x0861, 0x0881, 0x18E2, 0x18E2,
  0x2963, 0x2121, 0x3A24, 0x5B08, 0x2983, 0x2142, 0x2122, 0x18C1, 0x10A1, 0x0881, 0x0860, 0x0841,
  0x0841, 0x0841, 0x0841, 0x0841, 0x0841, 0x0841, 0x0841, 0x0841, 0x0841, 0x0841, 0x0841, 0x0841,
  0x0841, 0x0841, 0x0841, 0x0841, 0x0841, 0x0841, 0x0841, 0x0841, 0x0841, 0x0841, 0x0841, 0x0841,
  0x0841, 0x0841, 0x0841, 0x0841, 0x0841, 0x0841, 0x0841, 0x0841, 0x0841, 0x0841, 0x0841, 0x0841,
  0x0841, 0x0841, 0x0841, 0x0841, 0x0841, 0x0841, 0x0841, 0x0841, 0x0841, 0x0841, 0x0841, 0x0841,
  0x0861, 0x0861, 0x0861, 0x0861, 0x0861, 0x0861, 0x0861, 0x0861, 0x0861, 0x0861, 0x0861, 0x0861,
  0x0861, 0x0861, 0x0861, 0x0861, 0x0861, 0x0861, 0x0861, 0x0861, 0x0861, 0x0861, 0x0861, 0x0861,
  0x0861, 0x0861, 0x0861, 0x0861, 0x0861, 0x0861, 0x0861, 0x0861, 0x0861, 0x0861, 0x0861, 0x0861,
  0x0861, 0x0861, 0x0861, 0x0861, 0x0861, 0x0861, 0x0861, 0x0861, 0x0861, 0x0861, 0x0861, 0x0861,
  0x0861, 0x0861, 0x0861, 0x0861, 0x1082, 0x1082, 0x1061, 0x1081, 0x1082, 0x10A2, 0x20E2, 0x20E2,
  0x3164, 0x2943, 0x2122, 0x2943, 0x2943, 0x18C2, 0x18A2, 0x1882, 0x1082, 0x1081, 0x0881, 0x0881,
  0x0881, 0x0861, 0x0881, 0x1082, 0x10A1, 0x18C2, 0x2103, 0x3163, 0x41E5, 0x4204, 0x4244, 0x4AA4,
  0xBF14, 0x8D0D, 0x29A3, 0x2923, 0x20E3, 0x1082, 0x1062, 0x0862, 0x1062, 0x1062, 0x1082, 0x10A1,
  0x18A2, 0x18C2, 0x18E2, 0x2103, 0x1922, 0x2102, 0x2943, 0x3163, 0x3163, 0x3984, 0x3183, 0x3163,
  0x2962, 0x2161, 0x31C2, 0x4244, 0x4A85, 0x4AA5, 0x6327, 0x740A, 0x84AC, 0x9D4F, 0xA58F, 0x9D6F,
  0x9D6F, 0x9D6F, 0x9D6F, 0x9D6F, 0x9D6F, 0x9D6F, 0xA590, 0x9D6F, 0x950E, 0x742B, 0x5B47, 0x52C5,
  0x4A85, 0x4224, 0x31C3, 0x2962, 0x2941, 0x2962, 0x3183, 0x39A4, 0x3184, 0x2943, 0x2943, 0x2123,
  0x2123, 0x2102, 0x18C2, 0x18E2, 0x18C2, 0x10A2, 0x1081, 0x0861, 0x0861, 0x1082, 0x0862, 0x1082,
  0x10C2, 0x2102, 0x2962, 0x4AA5, 0xD736, 0x7429, 0x3A22, 0x5265, 0x4204, 0x3183, 0x2943, 0x18C2,
  0x10A2, 0x1081, 0x1081, 0x1081, 0x1081, 0x1082, 0x1082, 0x1082, 0x1082, 0x1082, 0x1081, 0x2103,
  0x18E2, 0x2963, 0x2942, 0x2102, 0x2944, 0x2103, 0x2102, 0x20E2, 0x10A1, 0x0881, 0x0881, 0x0881,
  0x1081, 0x1082, 0x0861, 0x0861, 0x0861, 0x0861, 0x0861, 0x0861, 0x0861, 0x0861, 0x0861, 0x0861,
  0x0861, 0x0861, 0x0861, 0x0861, 0x0861, 0x0861, 0x0861, 0x0861, 0x0861, 0x0861, 0x0861, 0x0861,
  0x0861, 0x0861, 0x0861, 0x0861, 0x0861, 0x0861, 0x0861, 0x0861, 0x0861, 0x0861, 0x0861, 0x0861,
  0x0861, 0x0861, 0x0861, 0x0861, 0x0861, 0x0861, 0x0861, 0x0861, 0x0861, 0x0861, 0x0861, 0x0861,
  0x0000, 0x0000, 0x0000, 0x0000, 0x0000, 0x0000, 0x0000, 0x0000, 0x0000, 0x0000, 0x0000, 0x0000,
  0x0000, 0x0000, 0x0000, 0x0000, 0x0000, 0x0000, 0x0000, 0x0000, 0x0000, 0x0000, 0x0000, 0x0000,
  0x0000, 0x0000, 0x0000, 0x0000, 0x0000, 0x0000, 0x0000, 0x0000, 0x0000, 0x0000, 0x0000, 0x0000,
  0x0000, 0x0000, 0x0000, 0x0000, 0x0000, 0x0000, 0x0000, 0x0000, 0x0000, 0x0000, 0x0000, 0x0000,
  0x0000, 0x0000, 0x0000, 0x0000, 0x0000, 0x0000, 0x0000, 0x0000, 0x0000, 0x0000, 0x0020, 0x0860,
  0x0860, 0x1060, 0x18A1, 0x0880, 0x0860, 0x0020, 0x0020, 0x0000, 0x0000, 0x0000, 0x0000, 0x0000,
  0x0000, 0x0000, 0x0000, 0x0000, 0x0000, 0x0020, 0x0860, 0x10C0, 0x2902, 0x3983, 0x31A2, 0x5B26,
  0xB651, 0x3A23, 0x20E1, 0x18A1, 0x1040, 0x0020, 0x0000, 0x0000, 0x0000, 0x0000, 0x0000, 0x0820,
  0x0840, 0x0840, 0x0860, 0x1080, 0x0880, 0x1080, 0x10A1, 0x1081, 0x1881, 0x10A0, 0x18E1, 0x20E1,
  0x18E1, 0x2101, 0x20E1, 0x20E1, 0x20E1, 0x2101, 0x20E0, 0x18E0, 0x1900, 0x1900, 0x10E0, 0x1900,
  0x2120, 0x1900, 0x1900, 0x1900, 0x1900, 0x1900, 0x1900, 0x10E0, 0x10E0, 0x18E0, 0x18E1, 0x2101,
  0x20E1, 0x20C1, 0x20E1, 0x2902, 0x2102, 0x18E1, 0x18C1, 0x18A1, 0x18A1, 0x10A1, 0x1081, 0x0840,
  0x0860, 0x1080, 0x0860, 0x0860, 0x0840, 0x0040, 0x0020, 0x0000, 0x0000, 0x0000, 0x0000, 0x0000,
  0x0020, 0x0860, 0x2122, 0x1900, 0x848C, 0x9D6E, 0x31E1, 0x31A2, 0x2962, 0x2122, 0x0860, 0x0840,
  0x0000, 0x0000, 0x0000, 0x0000, 0x0000, 0x0000, 0x0000, 0x0000, 0x0000, 0x0000, 0x0020, 0x0040,
  0x0840, 0x1060, 0x1060, 0x18A1, 0x1080, 0x0840, 0x0820, 0x0020, 0x0000, 0x0000, 0x0000, 0x0000,
  0x0000, 0x0000, 0x0000, 0x0000, 0x0000, 0x0000, 0x0000, 0x0000, 0x0000, 0x0000, 0x0000, 0x0000,
  0x0000, 0x0000, 0x0000, 0x0000, 0x0000, 0x0000, 0x0000, 0x0000, 0x0000, 0x0000, 0x0000, 0x0000,
  0x0000, 0x0000, 0x0000, 0x0000, 0x0000, 0x0000, 0x0000, 0x0000, 0x0000, 0x0000, 0x0000, 0x0000,
  0x0000, 0x0000, 0x0000, 0x0000, 0x0000, 0x0000, 0x0000, 0x0000, 0x0000, 0x0000, 0x0000, 0x0000,
  0x1082, 0x1082, 0x1082, 0x1082, 0x1082, 0x1082, 0x1082, 0x1082, 0x1082, 0x1082, 0x1082, 0x1082,
  0x1082, 0x1082, 0x1082, 0x1082, 0x1082, 0x1082, 0x1082, 0x1082, 0x1082, 0x1082, 0x1082, 0x1082,
  0x1082, 0x1082, 0x1082, 0x1082, 0x1082, 0x1082, 0x1082, 0x1082, 0x1082, 0x1082, 0x1082, 0x1082,
  0x1082, 0x1082, 0x1082, 0x1082, 0x1082, 0x1082, 0x1082, 0x1082, 0x1082, 0x1082, 0x1082, 0x1082,
  0x1082, 0x1082, 0x1082, 0x1082, 0x1082, 0x1082, 0x1082, 0x1082, 0x1062, 0x0861, 0x10A1, 0x10A1,
  0x18C2, 0x18C2, 0x10C2, 0x10A1, 0x10A1, 0x10A2, 0x1082, 0x1082, 0x1082, 0x1082, 0x1082, 0x1082,
  0x1082, 0x1082, 0x0882, 0x1082, 0x1082, 0x1082, 0x18E2, 0x2162, 0x3184, 0x41E4, 0x4244, 0xB632,
  0x9D2E, 0x39E3, 0x39A4, 0x2923, 0x20C2, 0x1082, 0x1081, 0x1081, 0x1081, 0x10A2, 0x18C2, 0x20E2,
  0x2103, 0x2123, 0x2923, 0x2923, 0x2923, 0x2943, 0x2122, 0x2103, 0x2123, 0x2142, 0x2122, 0x2122,
  0x2122, 0x2943, 0x2143, 0x2963, 0x2963, 0x2142, 0x2983, 0x3184, 0x3164, 0x3184, 0x3184, 0x31A4,
  0x3184, 0x3184, 0x3184, 0x3184, 0x3184, 0x3184, 0x31A3, 0x3183, 0x3183, 0x3183, 0x3183, 0x2963,
  0x2963, 0x2963, 0x2963, 0x2142, 0x2122, 0x2123, 0x2123, 0x2123, 0x2123, 0x2122, 0x2122, 0x2122,
  0x2143, 0x2942, 0x2942, 0x2123, 0x2943, 0x20E2, 0x18E2, 0x10C2, 0x10A2, 0x1082, 0x1062, 0x1082,
  0x10A2, 0x2102, 0x2963, 0x39E4, 0x52E6, 0xCEF4, 0x6BE9, 0x3203, 0x31E3, 0x2963, 0x2122, 0x10A2,
  0x1082, 0x1082, 0x1082, 0x1082, 0x1081, 0x1081, 0x1082, 0x1082, 0x1082, 0x1062, 0x1081, 0x0881,
  0x10A2, 0x18A1, 0x18A2, 0x18A1, 0x18C1, 0x18C2, 0x10A2, 0x1062, 0x1082, 0x1082, 0x1082, 0x1082,
  0x1082, 0x1082, 0x1082, 0x1082, 0x1082, 0x1082, 0x1082, 0x1082, 0x1082, 0x1082, 0x1082, 0x1082,
  0x1082, 0x1082, 0x1082, 0x1082, 0x1082, 0x1082, 0x1082, 0x1082, 0x1082, 0x1082, 0x1082, 0x1082,
  0x1082, 0x1082, 0x1082, 0x1082, 0x1082, 0x1082, 0x1082, 0x1082, 0x1082, 0x1082, 0x1082, 0x1082,
  0x1082, 0x1082, 0x1082, 0x1082, 0x1082, 0x1082, 0x1082, 0x1082, 0x1082, 0x1082, 0x1082, 0x1082,
  0x0020, 0x0020, 0x0020, 0x0020, 0x0020, 0x0020, 0x0020, 0x0020, 0x0020, 0x0020, 0x0020, 0x0020,
  0x0020, 0x0020, 0x0020, 0x0020, 0x0020, 0x0020, 0x0020, 0x0020, 0x0020, 0x0020, 0x0020, 0x0020,
  0x0020, 0x0020, 0x0020, 0x0020, 0x0020, 0x0020, 0x0020, 0x0020, 0x0020, 0x0020, 0x0020, 0x0020,
  0x0020, 0x0020, 0x0020, 0x0020, 0x0020, 0x0020, 0x0020, 0x0020, 0x0020, 0x0020, 0x0020, 0x0020,
  0x0020, 0x0020, 0x0020, 0x0020, 0x0020, 0x0020, 0x0020, 0x0020, 0x0020, 0x0020, 0x0841, 0x0841,
  0x0021, 0x0841, 0x0021, 0x0841, 0x0841, 0x0841, 0x0841, 0x0841, 0x0020, 0x0020, 0x0020, 0x0020,
  0x0020, 0x0840, 0x0841, 0x0841, 0x0821, 0x1061, 0x1081, 0x2102, 0x3163, 0x2962, 0x5B47, 0xC6B3,
  0x5286, 0x2941, 0x2942, 0x18C1, 0x0861, 0x0841, 0x0020, 0x0020, 0x0840, 0x0880, 0x18C2, 0x18A1,
  0x2102, 0x2101, 0x3143, 0x3123, 0x2122, 0x20E1, 0x18E1, 0x1902, 0x18E2, 0x18C1, 0x18C2, 0x18E1,
  0x10E1, 0x10E1, 0x18E1, 0x18C1, 0x18E1, 0x18E1, 0x18E2, 0x18E1, 0x18E1, 0x18E1, 0x18E1, 0x1901,
  0x1901, 0x1901, 0x1901, 0x1901, 0x1901, 0x1901, 0x1901, 0x18E1, 0x18E1, 0x18E1, 0x18E1, 0x18E2,
  0x18E2, 0x18E1, 0x18C1, 0x18C1, 0x10E1, 0x10E1, 0x10C1, 0x18C1, 0x18C2, 0x18E2, 0x18E1, 0x1901,
  0x2121, 0x2942, 0x3162, 0x2121, 0x20E1, 0x20C2, 0x18E2, 0x0881, 0x1061, 0x0841, 0x0821, 0x0841,
  0x0861, 0x10A0, 0x2101, 0x3143, 0x3162, 0x84EC, 0xA5F0, 0x29A2, 0x31A2, 0x2122, 0x18C1, 0x0860,
  0x0841, 0x0021, 0x0020, 0x0841, 0x0020, 0x0020, 0x0020, 0x0020, 0x0020, 0x0020, 0x0841, 0x0841,
  0x0841, 0x0041, 0x0841, 0x0841, 0x0021, 0x0021, 0x0841, 0x0841, 0x0841, 0x0020, 0x0020, 0x0020,
  0x0020, 0x0020, 0x0020, 0x0020, 0x0020, 0x0020, 0x0020, 0x0020, 0x0020, 0x0020, 0x0020, 0x0020,
  0x0020, 0x0020, 0x0020, 0x0020, 0x0020, 0x0020, 0x0020, 0x0020, 0x0020, 0x0020, 0x0020, 0x0020,
  0x0020, 0x0020, 0x0020, 0x0020, 0x0020, 0x0020, 0x0020, 0x0020, 0x0020, 0x0020, 0x0020, 0x0020,
  0x0020, 0x0020, 0x0020, 0x0020, 0x0020, 0x0020, 0x0020, 0x0020, 0x0020, 0x0020, 0x0020, 0x0020,
  0x0020, 0x0020, 0x0020, 0x0020, 0x0020, 0x0020, 0x0020, 0x0020, 0x0020, 0x0020, 0x0020, 0x0020,
  0x0020, 0x0020, 0x0020, 0x0020, 0x0020, 0x0020, 0x0020, 0x0020, 0x0020, 0x0020, 0x0020, 0x0020,
  0x0020, 0x0020, 0x0020, 0x0020, 0x0020, 0x0020, 0x0020, 0x0020, 0x0020, 0x0020, 0x0020, 0x0020,
  0x0020, 0x0020, 0x0020, 0x0020, 0x0020, 0x0020, 0x0020, 0x0020, 0x0020, 0x0020, 0x0020, 0x0020,
  0x0020, 0x0020, 0x0020, 0x0020, 0x0020, 0x0020, 0x0020, 0x0020, 0x0020, 0x0020, 0x0020, 0x0020,
  0x0020, 0x0020, 0x0020, 0x0020, 0x0020, 0x0020, 0x0020, 0x0020, 0x0020, 0x0020, 0x0020, 0x0020,
  0x0020, 0x0020, 0x0020, 0x0020, 0x0020, 0x0840, 0x10A1, 0x2101, 0x2942, 0x2982, 0xA590, 0x84CC,
  0x2941, 0x2942, 0x2101, 0x1081, 0x0820, 0x0020, 0x0020, 0x0020, 0x0860, 0x1081, 0x18C1, 0x18E1,
  0x29A2, 0x3A44, 0x2181, 0x1920, 0x2982, 0x2962, 0x2922, 0x2942, 0x2102, 0x20E1, 0x20E2, 0x20E2,
  0x18E1, 0x18C1, 0x18C1, 0x18C1, 0x18A1, 0x10A1, 0x10A1, 0x10A1, 0x10A1, 0x1081, 0x1080, 0x1080,
  0x1080, 0x1080, 0x1080, 0x1080, 0x1080, 0x1080, 0x1080, 0x1080, 0x1080, 0x1080, 0x10A1, 0x10A1,
  0x10A1, 0x10A1, 0x18A1, 0x18C1, 0x18C0, 0x18E0, 0x1901, 0x2121, 0x2101, 0x2101, 0x2923, 0x2923,
  0x2122, 0x2121, 0x1921, 0x29E3, 0x4265, 0x2141, 0x18C1, 0x18A1, 0x1060, 0x0840, 0x0000, 0x0020,
  0x0040, 0x0860, 0x18E1, 0x20E2, 0x2942, 0x4284, 0xBE93, 0x5B27, 0x2140, 0x2942, 0x18C1, 0x0840,
  0x0020, 0x0020, 0x0020, 0x0020, 0x0020, 0x0020, 0x0020, 0x0020, 0x0020, 0x0020, 0x0020, 0x0020,
  0x0020, 0x0020, 0x0020, 0x0020, 0x0020, 0x0020, 0x0020, 0x0020, 0x0020, 0x0020, 0x0020, 0x0020,
  0x0020, 0x0020, 0x0020, 0x0020, 0x0020, 0x0020, 0x0020, 0x0020, 0x0020, 0x0020, 0x0020, 0x0020,
  0x0020, 0x0020, 0x0020, 0x0020, 0x0020, 0x0020, 0x0020, 0x0020, 0x0020, 0x0020, 0x0020, 0x0020,
  0x0020, 0x0020, 0x0020, 0x0020, 0x0020, 0x0020, 0x0020, 0x0020, 0x0020, 0x0020, 0x0020, 0x0020,
  0x0020, 0x0020, 0x0020, 0x0020, 0x0020, 0x0020, 0x0020, 0x0020, 0x0020, 0x0020, 0x0020, 0x0020,
  0x1082, 0x1082, 0x1082, 0x1082, 0x1082, 0x1082, 0x1082, 0x1082, 0x1082, 0x1082, 0x1082, 0x1082,
  0x1082, 0x1082, 0x1082, 0x1082, 0x1082, 0x1082, 0x1082, 0x1082, 0x1082, 0x1082, 0x1082, 0x1082,
  0x1082, 0x1082, 0x1082, 0x1082, 0x1082, 0x1082, 0x1082, 0x1082, 0x1082, 0x1082, 0x1082, 0x1082,
  0x1082, 0x1082, 0x1082, 0x1082, 0x1082, 0x1082, 0x1082, 0x1082, 0x1082, 0x1082, 0x1082, 0x1082,
  0x1082, 0x1082, 0x1082, 0x1082, 0x1082, 0x1082, 0x1082, 0x1082, 0x1082, 0x1082, 0x1082, 0x1082,
  0x1082, 0x1082, 0x1082, 0x1082, 0x1082, 0x1082, 0x1082, 0x1082, 0x1082, 0x1082, 0x1082, 0x1082,
  0x1082, 0x1082, 0x1082, 0x1082, 0x10A2, 0x18E2, 0x2923, 0x3183, 0x31E3, 0x6BA9, 0xD716, 0x4AC5,
  0x31C3, 0x31A4, 0x18E2, 0x18C2, 0x10A2, 0x1082, 0x1082, 0x18C2, 0x2102, 0x2943, 0x3183, 0x39E3,
  0x8CCD, 0xD756, 0xA5F0, 0x84CC, 0x5306, 0x31E2, 0x39E3, 0x2942, 0x39C4, 0x39E4, 0x31A3, 0x3183,
  0x3184, 0x3163, 0x2963, 0x2943, 0x2943, 0x2923, 0x2923, 0x2123, 0x2123, 0x2102, 0x18E2, 0x18C2,
  0x18A2, 0x10A2, 0x10A2, 0x10A2, 0x10A2, 0x10A2, 0x18A2, 0x18C2, 0x18C2, 0x2102, 0x2123, 0x2923,
  0x2923, 0x2943, 0x2963, 0x3163, 0x3183, 0x3184, 0x39A4, 0x39C4, 0x39C4, 0x31A3, 0x31A3, 0x39E3,
  0x4244, 0x6BC9, 0x954E, 0xC693, 0xCEF5, 0x5B27, 0x31A3, 0x3144, 0x2123, 0x18C2, 0x10A2, 0x1082,
  0x10A2, 0x10A1, 0x1902, 0x2943, 0x31A3, 0x31A2, 0x9D4F, 0xBE72, 0x31E2, 0x39C4, 0x3164, 0x2103,
  0x18C2, 0x10A2, 0x1082, 0x10A2, 0x10A2, 0x1082, 0x1082, 0x1082, 0x1082, 0x1082, 0x1082, 0x1082,
  0x1082, 0x1082, 0x1082, 0x1082, 0x1082, 0x1082, 0x1082, 0x1082, 0x1082, 0x1082, 0x1082, 0x1082,
  0x1082, 0x1082, 0x1082, 0x1082, 0x1082, 0x1082, 0x1082, 0x1082, 0x1082, 0x1082, 0x1082, 0x1082,
  0x1082, 0x1082, 0x1082, 0x1082, 0x1082, 0x1082, 0x1082, 0x1082, 0x1082, 0x1082, 0x1082, 0x1082,
  0x1082, 0x1082, 0x1082, 0x1082, 0x1082, 0x1082, 0x1082, 0x1082, 0x1082, 0x1082, 0x1082, 0x1082,
  0x1082, 0x1082, 0x1082, 0x1082, 0x1082, 0x1082, 0x1082, 0x1082, 0x1082, 0x1082, 0x1082, 0x1082,
  0x0000, 0x0000, 0x0000, 0x0000, 0x0000, 0x0000, 0x0000, 0x0000, 0x0000, 0x0000, 0x0000, 0x0000,
  0x0000, 0x0000, 0x0000, 0x0000, 0x0000, 0x0000, 0x0000, 0x0000, 0x0000, 0x0000, 0x0000, 0x0000,
  0x0000, 0x0000, 0x0000, 0x0000, 0x0000, 0x0000, 0x0000, 0x0000, 0x0000, 0x0000, 0x0000, 0x0000,
  0x0000, 0x0000, 0x0000, 0x0000, 0x0000, 0x0000, 0x0000, 0x0000, 0x0000, 0x0000, 0x0000, 0x0000,
  0x0000, 0x0000, 0x0000, 0x0000, 0x0000, 0x0000, 0x0000, 0x0000, 0x0000, 0x0000, 0x0000, 0x0000,
  0x0000, 0x0000, 0x0000, 0x0000, 0x0000, 0x0000, 0x0000, 0x0000, 0x0000, 0x0000, 0x0000, 0x0000,
  0x0000, 0x0000, 0x0000, 0x0000, 0x0020, 0x1080, 0x18C0, 0x3163, 0x2160, 0x9D6F, 0x848C, 0x2121,
  0x2122, 0x10C1, 0x0860, 0x0040, 0x0000, 0x0000, 0x0000, 0x0840, 0x10A0, 0x2101, 0x2100, 0x4264,
  0xB632, 0x6BE8, 0x8CAC, 0xA58F, 0xBE32, 0xADD1, 0x7C2A, 0x5B27, 0x4264, 0x2140, 0x1920, 0x1900,
  0x2121, 0x2101, 0x2101, 0x2101, 0x2101, 0x2101, 0x2101, 0x2101, 0x18E1, 0x10A0, 0x0860, 0x0820,
  0x0000, 0x0000, 0x0000, 0x0000, 0x0000, 0x0000, 0x0000, 0x0020, 0x0840, 0x1080, 0x10C1, 0x20E1,
  0x2101, 0x2101, 0x2101, 0x2121, 0x2101, 0x2101, 0x18E0, 0x1900, 0x31C3, 0x4285, 0x6367, 0x9D2E,
  0xB632, 0xADD0, 0x9D6E, 0x6BA8, 0x9D4E, 0x8CED, 0x1920, 0x2121, 0x18C1, 0x1080, 0x0820, 0x0000,
  0x0000, 0x0020, 0x0020, 0x10A1, 0x1901, 0x2121, 0x3A23, 0xB652, 0x5306, 0x2120, 0x20E1, 0x18A1,
  0x0860, 0x0020, 0x0000, 0x0000, 0x0000, 0x0000, 0x0000, 0x0000, 0x0000, 0x0000, 0x0000, 0x0000,
  0x0000, 0x0000, 0x0000, 0x0000, 0x0000, 0x0000, 0x0000, 0x0000, 0x0000, 0x0000, 0x0000, 0x0000,
  0x0000, 0x0000, 0x0000, 0x0000, 0x0000, 0x0000, 0x0000, 0x0000, 0x0000, 0x0000, 0x0000, 0x0000,
  0x0000, 0x0000, 0x0000, 0x0000, 0x0000, 0x0000, 0x0000, 0x0000, 0x0000, 0x0000, 0x0000, 0x0000,
  0x0000, 0x0000, 0x0000, 0x0000, 0x0000, 0x0000, 0x0000, 0x0000, 0x0000, 0x0000, 0x0000, 0x0000,
  0x0000, 0x0000, 0x0000, 0x0000, 0x0000, 0x0000, 0x0000, 0x0000, 0x0000, 0x0000, 0x0000, 0x0000,
  0x0861, 0x0861, 0x0861, 0x0861, 0x0861, 0x0861, 0x0861, 0x0861, 0x0861, 0x0861, 0x0861, 0x0861,
  0x0861, 0x0861, 0x0861, 0x0861, 0x0861, 0x0861, 0x0861, 0x0861, 0x0861, 0x0861, 0x0861, 0x0861,
  0x0861, 0x0861, 0x0861, 0x0861, 0x0861, 0x0861, 0x0861, 0x0861, 0x0861, 0x0861, 0x0861, 0x0861,
  0x0861, 0x0861, 0x0861, 0x0861, 0x0861, 0x0861, 0x0861, 0x0861, 0x0861, 0x0861, 0x0861, 0x0861,
  0x0861, 0x0861, 0x0861, 0x0861, 0x0861, 0x0861, 0x0861, 0x0861, 0x0861, 0x0861, 0x0861, 0x0861,
  0x0861, 0x0861, 0x0861, 0x0861, 0x0861, 0x0861, 0x0861, 0x0861, 0x0861, 0x0861, 0x0861, 0x0861,
  0x0861, 0x0861, 0x0861, 0x1061, 0x10A1, 0x2102, 0x31A3, 0x3162, 0x5B67, 0xCF15, 0x4284, 0x3183,
  0x2943, 0x18E2, 0x10A1, 0x0840, 0x0881, 0x0861, 0x1061, 0x18A2, 0x2122, 0x3183, 0x31A2, 0x950E,
  0xADD1, 0x3A22, 0x39E2, 0x4203, 0x5326, 0x7C4B, 0xA5D0, 0xC6D3, 0xBEB3, 0xA5D1, 0x952F, 0x7C4C,
  0x5B28, 0x3A04, 0x39C3, 0x39C3, 0x3182, 0x2962, 0x2962, 0x2942, 0x2142, 0x2122, 0x2102, 0x18C2,
  0x1081, 0x0861, 0x0861, 0x0861, 0x0861, 0x0861, 0x1061, 0x1081, 0x18E2, 0x2122, 0x2122, 0x2942,
  0x2962, 0x31A3, 0x39E3, 0x4204, 0x4264, 0x6B88, 0x950E, 0xA5B0, 0xAE31, 0xC6D4, 0xB672, 0x84AC,
  0x6BA9, 0x4AC5, 0x39E3, 0x39C2, 0x6367, 0xCF15, 0x4AC5, 0x2962, 0x2942, 0x2102, 0x10A2, 0x0861,
  0x0861, 0x1061, 0x1081, 0x10C1, 0x2942, 0x3163, 0x29A2, 0x8D0D, 0xB5F2, 0x31C2, 0x3183, 0x2942,
  0x18E2, 0x10A1, 0x0861, 0x0861, 0x0841, 0x0861, 0x0861, 0x0861, 0x0861, 0x0861, 0x0861, 0x0861,
  0x0861, 0x0861, 0x0861, 0x0861, 0x0861, 0x0861, 0x0861, 0x0861, 0x0861, 0x0861, 0x0861, 0x0861,
  0x0861, 0x0861, 0x0861, 0x0861, 0x0861, 0x0861, 0x0861, 0x0861, 0x0861, 0x0861, 0x0861, 0x0861,
  0x0861, 0x0861, 0x0861, 0x0861, 0x0861, 0x0861, 0x0861, 0x0861, 0x0861, 0x0861, 0x0861, 0x0861,
  0x0861, 0x0861, 0x0861, 0x0861, 0x0861, 0x0861, 0x0861, 0x0861, 0x0861, 0x0861, 0x0861, 0x0861,
  0x0861, 0x0861, 0x0861, 0x0861, 0x0861, 0x0861, 0x0861, 0x0861, 0x0861, 0x0861, 0x0861, 0x0861,
  0x0861, 0x0861, 0x0861, 0x0861, 0x0861, 0x0861, 0x0861, 0x0861, 0x0861, 0x0861, 0x0861, 0x0861,
  0x0861, 0x0861, 0x0861, 0x0861, 0x0861, 0x0861, 0x0861, 0x0861, 0x0861, 0x0861, 0x0861, 0x0861,
  0x0861, 0x0861, 0x0861, 0x0861, 0x0861, 0x0861, 0x0861, 0x0861, 0x0861, 0x0861, 0x0861, 0x0861,
  0x0861, 0x0861, 0x0861, 0x0861, 0x0861, 0x0861, 0x0861, 0x0861, 0x0861, 0x0861, 0x0861, 0x0861,
  0x0861, 0x0861, 0x0861, 0x0861, 0x0861, 0x0861, 0x0861, 0x0861, 0x0861, 0x0861, 0x0861, 0x0861,
  0x0861, 0x0861, 0x0861, 0x0861, 0x0861, 0x0861, 0x0861, 0x0861, 0x0861, 0x0861, 0x0861, 0x0861,
  0x0861, 0x0861, 0x0841, 0x1081, 0x18E2, 0x2101, 0x39C4, 0x31C2, 0xB612, 0x952E, 0x29A2, 0x3183,
  0x2122, 0x18C1, 0x1061, 0x0861, 0x0861, 0x0861, 0x10C2, 0x18E1, 0x2962, 0x3183, 0x4264, 0xC6B4,
  0x73C9, 0x4203, 0x4224, 0x4224, 0x3183, 0x3182, 0x31C3, 0x39E4, 0x52C7, 0x84AC, 0x952E, 0xAE11,
  0xBE92, 0xBED3, 0xBEB3, 0xAE11, 0x8D2E, 0x744B, 0x63C9, 0x6368, 0x6388, 0x4264, 0x3122, 0x2903,
  0x10C1, 0x10A1, 0x0861, 0x0861, 0x0861, 0x1081, 0x10A1, 0x18C1, 0x2123, 0x2963, 0x4AE6, 0x6BE9,
  0x846C, 0x9D6E, 0xAE11, 0xBE92, 0xBEB3, 0xB631, 0xA5D0, 0x9D2E, 0x73C9, 0x4A85, 0x39E4, 0x31A2,
  0x2982, 0x39C3, 0x4204, 0x4204, 0x3A22, 0xAE30, 0x952E, 0x2982, 0x3183, 0x2122, 0x10C1, 0x10A2,
  0x0841, 0x0861, 0x0882, 0x10A1, 0x2102, 0x2963, 0x3183, 0x4AA5, 0xCF54, 0x5347, 0x3183, 0x3183,
  0x2102, 0x18A1, 0x1061, 0x0861, 0x0861, 0x0861, 0x0861, 0x0861, 0x0861, 0x0861, 0x0861, 0x0861,
  0x0861, 0x0861, 0x0861, 0x0861, 0x0861, 0x0861, 0x0861, 0x0861, 0x0861, 0x0861, 0x0861, 0x0861,
  0x0861, 0x0861, 0x0861, 0x0861, 0x0861, 0x0861, 0x0861, 0x0861, 0x0861, 0x0861, 0x0861, 0x0861,
  0x0861, 0x0861, 0x0861, 0x0861, 0x0861, 0x0861, 0x0861, 0x0861, 0x0861, 0x0861, 0x0861, 0x0861,
  0x0861, 0x0861, 0x0861, 0x0861, 0x0861, 0x0861, 0x0861, 0x0861, 0x0861, 0x0861, 0x0861, 0x0861,
  0x0861, 0x0861, 0x0861, 0x0861, 0x0861, 0x0861, 0x0861, 0x0861, 0x0861, 0x0861, 0x0861, 0x0861,
  0x0000, 0x0000, 0x0000, 0x0000, 0x0000, 0x0000, 0x0000, 0x0000, 0x0000, 0x0000, 0x0000, 0x0000,
  0x0000, 0x0000, 0x0000, 0x0000, 0x0000, 0x0000, 0x0000, 0x0000, 0x0000, 0x0000, 0x0000, 0x0000,
  0x0000, 0x0000, 0x0000, 0x0000, 0x0000, 0x0000, 0x0000, 0x0000, 0x0000, 0x0000, 0x0000, 0x0000,
  0x0000, 0x0000, 0x0000, 0x0000, 0x0000, 0x0000, 0x0000, 0x0000, 0x0000, 0x0000, 0x0000, 0x0000,
  0x0000, 0x0000, 0x0000, 0x0000, 0x0000, 0x0000, 0x0000, 0x0000, 0x0000, 0x0000, 0x0000, 0x0000,
  0x0000, 0x0000, 0x0000, 0x0000, 0x0000, 0x0000, 0x0000, 0x0000, 0x0000, 0x0000, 0x0000, 0x0000,
  0x0000, 0x0000, 0x0020, 0x0840, 0x18C1, 0x2101, 0x2141, 0x5B27, 0xBE52, 0x3A43, 0x2961, 0x2942,
  0x18C1, 0x1060, 0x0020, 0x0000, 0x0000, 0x0000, 0x0840, 0x18C1, 0x2121, 0x18E0, 0x7C6B, 0xA5D0,
  0x31C2, 0x2941, 0x3182, 0x2141, 0x2101, 0x2121, 0x2101, 0x2101, 0x2121, 0x18E0, 0x1901, 0x2161,
  0x3A04, 0x4AA6, 0x5307, 0x63A9, 0x84AC, 0xA56F, 0xADD1, 0xB5D1, 0xB652, 0x952E, 0x2922, 0x18A1,
  0x08A0, 0x0040, 0x0000, 0x0000, 0x0000, 0x0000, 0x0020, 0x18E1, 0x18C1, 0x2983, 0xADF1, 0xB5F1,
  0x9D2E, 0x848C, 0x6388, 0x4AE5, 0x4285, 0x31C3, 0x1900, 0x18E0, 0x2101, 0x2101, 0x2121, 0x2121,
  0x2121, 0x2122, 0x2122, 0x3183, 0x2180, 0x5B66, 0xB632, 0x3A03, 0x2121, 0x2101, 0x0880, 0x0860,
  0x0020, 0x0000, 0x0000, 0x0040, 0x10A0, 0x1901, 0x2963, 0x2981, 0x7C8A, 0xA5B0, 0x2141, 0x2941,
  0x18C1, 0x0860, 0x0000, 0x0000, 0x0000, 0x0000, 0x0000, 0x0000, 0x0000, 0x0000, 0x0000, 0x0000,
  0x0000, 0x0000, 0x0000, 0x0000, 0x0000, 0x0000, 0x0000, 0x0000, 0x0000, 0x0000, 0x0000, 0x0000,
  0x0000, 0x0000, 0x0000, 0x0000, 0x0000, 0x0000, 0x0000, 0x0000, 0x0000, 0x0000, 0x0000, 0x0000,
  0x0000, 0x0000, 0x0000, 0x0000, 0x0000, 0x0000, 0x0000, 0x0000, 0x0000, 0x0000, 0x0000, 0x0000,
  0x0000, 0x0000, 0x0000, 0x0000, 0x0000, 0x0000, 0x0000, 0x0000, 0x0000, 0x0000, 0x0000, 0x0000,
  0x0000, 0x0000, 0x0000, 0x0000, 0x0000, 0x0000, 0x0000, 0x0000, 0x0000, 0x0000, 0x0000, 0x0000,
  0x1082, 0x1082, 0x1082, 0x1082, 0x1082, 0x1082, 0x1082, 0x1082, 0x1082, 0x1082, 0x1082, 0x1082,
  0x1082, 0x1082, 0x1082, 0x1082, 0x1082, 0x1082, 0x1082, 0x1082, 0x1082, 0x1082, 0x1082, 0x1082,
  0x1082, 0x1082, 0x1082, 0x1082, 0x1082, 0x1082, 0x1082, 0x1082, 0x1082, 0x1082, 0x1082, 0x1082,
  0x1082, 0x1082, 0x1082, 0x1082, 0x1082, 0x1082, 0x1082, 0x1082, 0x1082, 0x1082, 0x1082, 0x1082,
  0x1082, 0x1082, 0x1082, 0x1082, 0x1082, 0x1082, 0x1082, 0x1082, 0x1082, 0x1082, 0x1082, 0x1082,
  0x1082, 0x1082, 0x1082, 0x1082, 0x1082, 0x1082, 0x1082, 0x1082, 0x1082, 0x1082, 0x1082, 0x1082,
  0x1082, 0x1082, 0x18A2, 0x18E2, 0x2963, 0x31A4, 0x31E3, 0xB652, 0xA58F, 0x3A43, 0x4A65, 0x39C4,
  0x3184, 0x2103, 0x18C2, 0x18A2, 0x10A2, 0x18E2, 0x2102, 0x3184, 0x31C3, 0x4264, 0xCEF5, 0x742A,
  0x39C3, 0x41E5, 0x3184, 0x2963, 0x2943, 0x2123, 0x2963, 0x2983, 0x2983, 0x39A4, 0x3184, 0x3183,
  0x3183, 0x31A3, 0x2983, 0x3183, 0x39C3, 0x4223, 0x4A84, 0x4223, 0x7429, 0xB672, 0x4224, 0x3183,
  0x2143, 0x18E2, 0x10A2, 0x1082, 0x1082, 0x10A2, 0x18E2, 0x2942, 0x2963, 0x4265, 0xBEB2, 0x6347,
  0x4203, 0x4204, 0x39C3, 0x31A3, 0x3183, 0x3183, 0x39A4, 0x39A4, 0x3984, 0x3163, 0x2963, 0x2943,
  0x2943, 0x2943, 0x3183, 0x3183, 0x4224, 0x4244, 0xC673, 0x8CAD, 0x31A2, 0x39E4, 0x2942, 0x18E2,
  0x18E2, 0x10A2, 0x18C2, 0x20E2, 0x2963, 0x31C3, 0x4225, 0x4223, 0x6387, 0xCF15, 0x6BCA, 0x31A3,
  0x3184, 0x2103, 0x18A2, 0x1082, 0x1082, 0x1082, 0x1082, 0x1082, 0x1082, 0x1082, 0x1082, 0x1082,
  0x1082, 0x1082, 0x1082, 0x1082, 0x1082, 0x1082, 0x1082, 0x1082, 0x1082, 0x1082, 0x1082, 0x1082,
  0x1082, 0x1082, 0x1082, 0x1082, 0x1082, 0x1082, 0x1082, 0x1082, 0x1082, 0x1082, 0x1082, 0x1082,
  0x1082, 0x1082, 0x1082, 0x1082, 0x1082, 0x1082, 0x1082, 0x1082, 0x1082, 0x1082, 0x1082, 0x1082,
  0x1082, 0x1082, 0x1082, 0x1082, 0x1082, 0x1082, 0x1082, 0x1082, 0x1082, 0x1082, 0x1082, 0x1082,
  0x1082, 0x1082, 0x1082, 0x1082, 0x1082, 0x1082, 0x1082, 0x1082, 0x1082, 0x1082, 0x1082, 0x1082,
  0x0020, 0x0020, 0x0020, 0x0020, 0x0020, 0x0020, 0x0020, 0x0020, 0x0020, 0x0020, 0x0020, 0x0020,
  0x0020, 0x0020, 0x0020, 0x0020, 0x0020, 0x0020, 0x0020, 0x0020, 0x0020, 0x0020, 0x0020, 0x0020,
  0x0020, 0x0020, 0x0020, 0x0020, 0x0020, 0x0020, 0x0020, 0x0020, 0x0020, 0x0020, 0x0020, 0x0020,
  0x0020, 0x0020, 0x0020, 0x0020, 0x0020, 0x0020, 0x0020, 0x0020, 0x0020, 0x0020, 0x0020, 0x0020,
  0x0020, 0x0020, 0x0020, 0x0020, 0x0020, 0x0020, 0x0020, 0x0020, 0x0020, 0x0020, 0x0020, 0x0020,
  0x0020, 0x0020, 0x0020, 0x0020, 0x0020, 0x0020, 0x0020, 0x0020, 0x0020, 0x0020, 0x0020, 0x0020,
  0x0020, 0x0020, 0x0840, 0x1080, 0x18E1, 0x18E0, 0x6368, 0xB651, 0x4283, 0x31E2, 0x39C3, 0x31A3,
  0x2942, 0x18E1, 0x1081, 0x1081, 0x1081, 0x10A0, 0x20E1, 0x2902, 0x2941, 0x6C09, 0xB632, 0x31E2,
  0x2962, 0x2922, 0x10A1, 0x10A1, 0x0860, 0x0860, 0x10A1, 0x10A1, 0x10A1, 0x18C0, 0x18E1, 0x2101,
  0x2101, 0x2121, 0x2102, 0x2922, 0x2962, 0x31A2, 0x39E2, 0x3161, 0x5B67, 0xAE30, 0x31A1, 0x2922,
  0x18E1, 0x0881, 0x0020, 0x0000, 0x0020, 0x0020, 0x1081, 0x18E1, 0x2101, 0x3A04, 0xB651, 0x5AC6,
  0x3182, 0x31A2, 0x3162, 0x2922, 0x2101, 0x2101, 0x2101, 0x18E1, 0x10A0, 0x10A0, 0x1081, 0x1080,
  0x1080, 0x1081, 0x10C1, 0x18E1, 0x2122, 0x2121, 0x73EA, 0xB631, 0x31E2, 0x2141, 0x2962, 0x18C1,
  0x10A1, 0x1061, 0x1081, 0x18C1, 0x2121, 0x2962, 0x39A2, 0x4A24, 0x2160, 0x7CAB, 0xA5B0, 0x2962,
  0x2101, 0x10A1, 0x0840, 0x0020, 0x0020, 0x0020, 0x0020, 0x0020, 0x0020, 0x0020, 0x0020, 0x0020,
  0x0020, 0x0020, 0x0020, 0x0020, 0x0020, 0x0020, 0x0020, 0x0020, 0x0020, 0x0020, 0x0020, 0x0020,
  0x0020, 0x0020, 0x0020, 0x0020, 0x0020, 0x0020, 0x0020, 0x0020, 0x0020, 0x0020, 0x0020, 0x0020,
  0x0020, 0x0020, 0x0020, 0x0020, 0x0020, 0x0020, 0x0020, 0x0020, 0x0020, 0x0020, 0x0020, 0x0020,
  0x0020, 0x0020, 0x0020, 0x0020, 0x0020, 0x0020, 0x0020, 0x0020, 0x0020, 0x0020, 0x0020, 0x0020,
  0x0020, 0x0020, 0x0020, 0x0020, 0x0020, 0x0020, 0x0020, 0x0020, 0x0020, 0x0020, 0x0020, 0x0020,
  0x0020, 0x0020, 0x0020, 0x0020, 0x0020, 0x0020, 0x0020, 0x0020, 0x0020, 0x0020, 0x0020, 0x0020,
  0x0020, 0x0020, 0x0020, 0x0020, 0x0020, 0x0020, 0x0020, 0x0020, 0x0020, 0x0020, 0x0020, 0x0020,
  0x0020, 0x0020, 0x0020, 0x0020, 0x0020, 0x0020, 0x0020, 0x0020, 0x0020, 0x0020, 0x0020, 0x0020,
  0x0020, 0x0020, 0x0020, 0x0020, 0x0020, 0x0020, 0x0020, 0x0020, 0x0020, 0x0020, 0x0020, 0x0020,
  0x0020, 0x0020, 0x0020, 0x0020, 0x0020, 0x0020, 0x0020, 0x0020, 0x0020, 0x0020, 0x0020, 0x0020,
  0x0020, 0x0020, 0x0020, 0x0020, 0x0020, 0x0020, 0x0020, 0x0020, 0x0020, 0x0020, 0x0020, 0x0020,
  0x0020, 0x0840, 0x0840, 0x10A1, 0x2101, 0x2942, 0x848C, 0xC733, 0x7C2A, 0x4A64, 0x3182, 0x3183,
  0x31A3, 0x2942, 0x2102, 0x2102, 0x2102, 0x1922, 0x2943, 0x3983, 0x39E3, 0xB671, 0x6BE9, 0x2942,
  0x2923, 0x20C2, 0x10A1, 0x0860, 0x0841, 0x0840, 0x0860, 0x0840, 0x0880, 0x10A1, 0x1081, 0x1081,
  0x18A1, 0x18A2, 0x18C1, 0x18E1, 0x2122, 0x3183, 0x39A3, 0x3162, 0x6368, 0xAE31, 0x31C2, 0x2922,
  0x1902, 0x10A1, 0x0841, 0x0020, 0x0020, 0x0040, 0x1082, 0x2102, 0x2943, 0x3A04, 0xB651, 0x5AC6,
  0x3182, 0x31A3, 0x2962, 0x2121, 0x18C1, 0x18A2, 0x1081, 0x0881, 0x0881, 0x0881, 0x0861, 0x0840,
  0x0840, 0x0861, 0x0861, 0x18E1, 0x2943, 0x3162, 0x3202, 0xB651, 0x7C0A, 0x2941, 0x31A2, 0x2122,
  0x2122, 0x18E2, 0x2102, 0x2122, 0x2962, 0x31A2, 0x39A2, 0x41C3, 0x5B28, 0xA5EF, 0xB672, 0x3A05,
  0x1901, 0x18A1, 0x0841, 0x0841, 0x0020, 0x0020, 0x0020, 0x0020, 0x0020, 0x0020, 0x0020, 0x0020,
  0x0020, 0x0020, 0x0020, 0x0020, 0x0020, 0x0020, 0x0020, 0x0020, 0x0020, 0x0020, 0x0020, 0x0020,
  0x0020, 0x0020, 0x0020, 0x0020, 0x0020, 0x0020, 0x0020, 0x0020, 0x0020, 0x0020, 0x0020, 0x0020,
  0x0020, 0x0020, 0x0020, 0x0020, 0x0020, 0x0020, 0x0020, 0x0020, 0x0020, 0x0020, 0x0020, 0x0020,
  0x0020, 0x0020, 0x0020, 0x0020, 0x0020, 0x0020, 0x0020, 0x0020, 0x0020, 0x0020, 0x0020, 0x0020,
  0x0020, 0x0020, 0x0020, 0x0020, 0x0020, 0x0020, 0x0020, 0x0020, 0x0020, 0x0020, 0x0020, 0x0020,
  0x1082, 0x1082, 0x1082, 0x1082, 0x1082, 0x1082, 0x1082, 0x1082, 0x1082, 0x1082, 0x1082, 0x1082,
  0x1082, 0x1082, 0x1082, 0x1082, 0x1082, 0x1082, 0x1082, 0x1082, 0x1082, 0x1082, 0x1082, 0x1082,
  0x1082, 0x1082, 0x1082, 0x1082, 0x1082, 0x1082, 0x1082, 0x1082, 0x1082, 0x1082, 0x1082, 0x1082,
  0x1082, 0x1082, 0x1082, 0x1082, 0x1082, 0x1082, 0x1082, 0x1082, 0x1082, 0x1082, 0x1082, 0x1082,
  0x1082, 0x1082, 0x1082, 0x1082, 0x1082, 0x1082, 0x1082, 0x1082, 0x1082, 0x1082, 0x1082, 0x1082,
  0x1082, 0x1082, 0x1082, 0x1082, 0x1082, 0x1082, 0x1082, 0x1082, 0x1082, 0x1082, 0x1082, 0x1082,
  0x1082, 0x1082, 0x10A2, 0x18C2, 0x2122, 0x3163, 0x4A66, 0x848C, 0xC6B3, 0xC6B3, 0x8D0D, 0x4AE5,
  0x39A4, 0x39A3, 0x39C4, 0x31C3, 0x31C3, 0x39C4, 0x4205, 0x3A03, 0x7C2A, 0xCED4, 0x4264, 0x31A3,
  0x2963, 0x2123, 0x18C2, 0x1081, 0x1082, 0x1082, 0x1082, 0x1082, 0x1082, 0x10A2, 0x10A2, 0x10A2,
  0x10A2, 0x10A2, 0x18C2, 0x18E2, 0x2123, 0x3183, 0x39E4, 0x39A3, 0x6BEA, 0xB692, 0x3A03, 0x3984,
  0x2943, 0x18E3, 0x10A2, 0x1082, 0x1082, 0x10A2, 0x2103, 0x2943, 0x3183, 0x4A65, 0xBED3, 0x5B07,
  0x39A3, 0x31A4, 0x2963, 0x2102, 0x10A2, 0x1082, 0x10A2, 0x10A2, 0x1082, 0x1082, 0x1082, 0x1082,
  0x1082, 0x1082, 0x10A2, 0x18E3, 0x2123, 0x31A3, 0x31C2, 0x8CCD, 0xBE72, 0x3A44, 0x4A25, 0x39A4,
  0x39C4, 0x41C5, 0x3984, 0x39C4, 0x31C2, 0x3A23, 0x742A, 0xAE11, 0xCEF5, 0xA590, 0x5B27, 0x31A3,
  0x2143, 0x18E2, 0x10A2, 0x1082, 0x1082, 0x1082, 0x1082, 0x1082, 0x1082, 0x1082, 0x1082, 0x1082,
  0x1082, 0x1082, 0x1082, 0x1082, 0x1082, 0x1082, 0x1082, 0x1082, 0x1082, 0x1082, 0x1082, 0x1082,
  0x1082, 0x1082, 0x1082, 0x1082, 0x1082, 0x1082, 0x1082, 0x1082, 0x1082, 0x1082, 0x1082, 0x1082,
  0x1082, 0x1082, 0x1082, 0x1082, 0x1082, 0x1082, 0x1082, 0x1082, 0x1082, 0x1082, 0x1082, 0x1082,
  0x1082, 0x1082, 0x1082, 0x1082, 0x1082, 0x1082, 0x1082, 0x1082, 0x1082, 0x1082, 0x1082, 0x1082,
  0x1082, 0x1082, 0x1082, 0x1082, 0x1082, 0x1082, 0x1082, 0x1082, 0x1082, 0x1082, 0x1082, 0x1082,
  0x0000, 0x0000, 0x0000, 0x0000, 0x0000, 0x0000, 0x0000, 0x0000, 0x0000, 0x0000, 0x0000, 0x0000,
  0x0000, 0x0000, 0x0000, 0x0000, 0x0000, 0x0000, 0x0000, 0x0000, 0x0000, 0x0000, 0x0000, 0x0000,
  0x0000, 0x0000, 0x0000, 0x0000, 0x0000, 0x0000, 0x0000, 0x0000, 0x0000, 0x0000, 0x0000, 0x0000,
  0x0000, 0x0000, 0x0000, 0x0000, 0x0000, 0x0000, 0x0000, 0x0000, 0x0000, 0x0000, 0x0000, 0x0000,
  0x0000, 0x0000, 0x0000, 0x0000, 0x0000, 0x0000, 0x0000, 0x0000, 0x0000, 0x0000, 0x0000, 0x0000,
  0x0000, 0x0000, 0x0000, 0x0000, 0x0000, 0x0000, 0x0000, 0x0000, 0x0000, 0x0000, 0x0000, 0x0000,
  0x0000, 0x0000, 0x0000, 0x0000, 0x0860, 0x18C1, 0x18C0, 0x1920, 0x31E2, 0x63A8, 0x9D8F, 0xBE73,
  0x7CAC, 0x3A84, 0x1940, 0x2921, 0x3963, 0x3963, 0x31A2, 0x3201, 0xADD0, 0x73EA, 0x2120, 0x2121,
  0x10A0, 0x0860, 0x0000, 0x0000, 0x0000, 0x0000, 0x0000, 0x0000, 0x0000, 0x0000, 0x0000, 0x0000,
  0x0000, 0x0000, 0x0000, 0x0020, 0x0860, 0x18C0, 0x2121, 0x20E0, 0x5327, 0xA5D0, 0x2961, 0x2101,
  0x10C0, 0x0860, 0x0020, 0x0000, 0x0000, 0x0020, 0x0880, 0x18E0, 0x20E1, 0x31A3, 0xAE30, 0x4244,
  0x20E0, 0x18E1, 0x10A1, 0x0840, 0x0000, 0x0000, 0x0000, 0x0000, 0x0000, 0x0000, 0x0000, 0x0000,
  0x0000, 0x0000, 0x0000, 0x0000, 0x10A1, 0x18E1, 0x2121, 0x39E3, 0xB651, 0x5B67, 0x2961, 0x41C4,
  0x31A2, 0x2941, 0x2141, 0x31C2, 0x6BC9, 0xADD1, 0xB611, 0x84AC, 0x4264, 0x2120, 0x18E0, 0x18E0,
  0x0880, 0x0860, 0x0000, 0x0000, 0x0000, 0x0000, 0x0000, 0x0000, 0x0000, 0x0000, 0x0000, 0x0000,
  0x0000, 0x0000, 0x0000, 0x0000, 0x0000, 0x0000, 0x0000, 0x0000, 0x0000, 0x0000, 0x0000, 0x0000,
  0x0000, 0x0000, 0x0000, 0x0000, 0x0000, 0x0000, 0x0000, 0x0000, 0x0000, 0x0000, 0x0000, 0x0000,
  0x0000, 0x0000, 0x0000, 0x0000, 0x0000, 0x0000, 0x0000, 0x0000, 0x0000, 0x0000, 0x0000, 0x0000,
  0x0000, 0x0000, 0x0000, 0x0000, 0x0000, 0x0000, 0x0000, 0x0000, 0x0000, 0x0000, 0x0000, 0x0000,
  0x0000, 0x0000, 0x0000, 0x0000, 0x0000, 0x0000, 0x0000, 0x0000, 0x0000, 0x0000, 0x0000, 0x0000,
  0x0861, 0x0861, 0x0861, 0x0861, 0x0861, 0x0861, 0x0861, 0x0861, 0x0861, 0x0861, 0x0861, 0x0861,
  0x0861, 0x0861, 0x0861, 0x0861, 0x0861, 0x0861, 0x0861, 0x0861, 0x0861, 0x0861, 0x0861, 0x0861,
  0x0861, 0x0861, 0x0861, 0x0861, 0x0861, 0x0861, 0x0861, 0x0861, 0x0861, 0x0861, 0x0861, 0x0861,
  0x0861, 0x0861, 0x0861, 0x0861, 0x0861, 0x0861, 0x0861, 0x0861, 0x0861, 0x0861, 0x0861, 0x0861,
  0x0861, 0x0861, 0x0861, 0x0861, 0x0861, 0x0861, 0x0861, 0x0861, 0x0861, 0x0861, 0x0861, 0x0861,
  0x0861, 0x0861, 0x0861, 0x0861, 0x0861, 0x0861, 0x0861, 0x0861, 0x0861, 0x0861, 0x0861, 0x0861,
  0x0861, 0x0861, 0x0861, 0x1081, 0x18A1, 0x18E2, 0x2922, 0x3183, 0x31A3, 0x2982, 0x4224, 0x6368,
  0xA610, 0xCF14, 0xA5D0, 0x6B88, 0x4223, 0x4A44, 0x4243, 0x6BE9, 0xC6B4, 0x4A85, 0x2962, 0x2963,
  0x1902, 0x10C2, 0x1081, 0x0861, 0x0861, 0x0861, 0x0861, 0x0861, 0x0861, 0x0861, 0x0861, 0x0861,
  0x0861, 0x0861, 0x1061, 0x1061, 0x18C1, 0x2122, 0x2963, 0x2962, 0x6BA9, 0xB672, 0x39E3, 0x3183,
  0x2142, 0x18E2, 0x10A2, 0x1061, 0x1081, 0x10A1, 0x18E2, 0x2942, 0x3183, 0x4265, 0xBED3, 0x52E6,
  0x3162, 0x2963, 0x2102, 0x18C2, 0x1081, 0x1082, 0x1082, 0x1082, 0x1082, 0x1082, 0x1082, 0x1082,
  0x1082, 0x1082, 0x1082, 0x10A2, 0x2103, 0x2122, 0x39C4, 0x31A2, 0x9D4E, 0xADF1, 0x4A84, 0x3A23,
  0x4244, 0x4AC4, 0x8D0D, 0xC6B4, 0xC673, 0x8CAC, 0x4A64, 0x39A3, 0x39C3, 0x3183, 0x2943, 0x2102,
  0x18E2, 0x10A2, 0x1081, 0x0861, 0x0862, 0x0861, 0x0861, 0x0861, 0x0861, 0x0861, 0x0861, 0x0861,
  0x0861, 0x0861, 0x0861, 0x0861, 0x0861, 0x0861, 0x0861, 0x0861, 0x0861, 0x0861, 0x0861, 0x0861,
  0x0861, 0x0861, 0x0861, 0x0861, 0x0861, 0x0861, 0x0861, 0x0861, 0x0861, 0x0861, 0x0861, 0x0861,
  0x0861, 0x0861, 0x0861, 0x0861, 0x0861, 0x0861, 0x0861, 0x0861, 0x0861, 0x0861, 0x0861, 0x0861,
  0x0861, 0x0861, 0x0861, 0x0861, 0x0861, 0x0861, 0x0861, 0x0861, 0x0861, 0x0861, 0x0861, 0x0861,
  0x0861, 0x0861, 0x0861, 0x0861, 0x0861, 0x0861, 0x0861, 0x0861, 0x0861, 0x0861, 0x0861, 0x0861,
  0x0841, 0x0841, 0x0841, 0x0841, 0x0841, 0x0841, 0x0841, 0x0841, 0x0841, 0x0841, 0x0841, 0x0841,
  0x0841, 0x0841, 0x0841, 0x0841, 0x0841, 0x0841, 0x0841, 0x0841, 0x0841, 0x0841, 0x0841, 0x0841,
  0x0841, 0x0841, 0x0841, 0x0841, 0x0841, 0x0841, 0x0841, 0x0841, 0x0841, 0x0841, 0x0841, 0x0841,
  0x0841, 0x0841, 0x0841, 0x0841, 0x0841, 0x0841, 0x0841, 0x0841, 0x0841, 0x0841, 0x0841, 0x0841,
  0x0841, 0x0841, 0x0841, 0x0841, 0x0841, 0x0841, 0x0841, 0x0841, 0x0841, 0x0841, 0x0841, 0x0841,
  0x0841, 0x0841, 0x0841, 0x0841, 0x0841, 0x0841, 0x0841, 0x0841, 0x0841, 0x0841, 0x0841, 0x0841,
  0x0841, 0x0841, 0x0841, 0x0841, 0x1061, 0x1081, 0x18C2, 0x20E2, 0x2922, 0x3163, 0x3162, 0x2962,
  0x3962, 0x5AE7, 0x952E, 0xBED3, 0x9E2F, 0x6BE9, 0x3222, 0xADF1, 0x94EE, 0x2962, 0x3163, 0x18E2,
  0x10A1, 0x1081, 0x0861, 0x0841, 0x0841, 0x0841, 0x0841, 0x0841, 0x0841, 0x0841, 0x0841, 0x0841,
  0x0841, 0x0841, 0x0841, 0x0841, 0x1081, 0x18E1, 0x2942, 0x2922, 0x6368, 0xAE31, 0x31C2, 0x3163,
  0x2122, 0x18C1, 0x1081, 0x0841, 0x0860, 0x1081, 0x18C1, 0x2922, 0x3142, 0x3A24, 0xB692, 0x52A6,
  0x2942, 0x2942, 0x18E2, 0x1081, 0x0841, 0x0841, 0x0841, 0x0841, 0x0841, 0x0841, 0x0841, 0x0841,
  0x0841, 0x0841, 0x0861, 0x0841, 0x1081, 0x18E2, 0x2122, 0x2962, 0x4AA5, 0xCED4, 0x4B05, 0x5B46,
  0x94ED, 0xC6B4, 0xAE11, 0x6BE9, 0x3A03, 0x2981, 0x3182, 0x3143, 0x2922, 0x2102, 0x18E2, 0x1081,
  0x0861, 0x0861, 0x0841, 0x0841, 0x0841, 0x0841, 0x0841, 0x0841, 0x0841, 0x0841, 0x0841, 0x0841,
  0x0841, 0x0841, 0x0841, 0x0841, 0x0841, 0x0841, 0x0841, 0x0841, 0x0841, 0x0841, 0x0841, 0x0841,
  0x0841, 0x0841, 0x0841, 0x0841, 0x0841, 0x0841, 0x0841, 0x0841, 0x0841, 0x0841, 0x0841, 0x0841,
  0x0841, 0x0841, 0x0841, 0x0841, 0x0841, 0x0841, 0x0841, 0x0841, 0x0841, 0x0841, 0x0841, 0x0841,
  0x0841, 0x0841, 0x0841, 0x0841, 0x0841, 0x0841, 0x0841, 0x0841, 0x0841, 0x0841, 0x0841, 0x0841,
  0x0841, 0x0841, 0x0841, 0x0841, 0x0841, 0x0841, 0x0841, 0x0841, 0x0841, 0x0841, 0x0841, 0x0841,
  0x0000, 0x0000, 0x0000, 0x0000, 0x0000, 0x0000, 0x0000, 0x0000, 0x0000, 0x0000, 0x0000, 0x0000,
  0x0000, 0x0000, 0x0000, 0x0000, 0x0000, 0x0000, 0x0000, 0x0000, 0x0000, 0x0000, 0x0000, 0x0000,
  0x0000, 0x0000, 0x0000, 0x0000, 0x0000, 0x0000, 0x0000, 0x0000, 0x0000, 0x0000, 0x0000, 0x0000,
  0x0000, 0x0000, 0x0000, 0x0000, 0x0000, 0x0000, 0x0000, 0x0000, 0x0000, 0x0000, 0x0000, 0x0000,
  0x0000, 0x0000, 0x0000, 0x0000, 0x0000, 0x0000, 0x0000, 0x0000, 0x0000, 0x0000, 0x0000, 0x0000,
  0x0000, 0x0000, 0x0000, 0x0000, 0x0000, 0x0000, 0x0000, 0x0000, 0x0000, 0x0000, 0x0000, 0x0000,
  0x0000, 0x0000, 0x0000, 0x0000, 0x0020, 0x0020, 0x0840, 0x0860, 0x10A1, 0x18C1, 0x18C0, 0x2941,
  0x2922, 0x2101, 0x2161, 0x4284, 0x848B, 0xAE11, 0xB672, 0xB672, 0x3A44, 0x2101, 0x20E2, 0x1081,
  0x0820, 0x0000, 0x0000, 0x0000, 0x0000, 0x0000, 0x0000, 0x0000, 0x0000, 0x0000, 0x0000, 0x0000,
  0x0000, 0x0000, 0x0000, 0x0000, 0x0840, 0x10A0, 0x2122, 0x20E1, 0x5B27, 0xA5F0, 0x2981, 0x2922,
  0x18E1, 0x10C1, 0x0860, 0x0820, 0x0840, 0x0860, 0x10C1, 0x2101, 0x2922, 0x31C3, 0xAE30, 0x4A65,
  0x2101, 0x2101, 0x10A1, 0x0840, 0x0000, 0x0000, 0x0000, 0x0000, 0x0000, 0x0000, 0x0000, 0x0000,
  0x0000, 0x0000, 0x0000, 0x0020, 0x0840, 0x10A1, 0x18C1, 0x2102, 0x2141, 0x94ED, 0xC6F3, 0xAE31,
  0xA58F, 0x5B28, 0x2982, 0x1900, 0x2121, 0x2922, 0x2122, 0x18E1, 0x10A0, 0x0880, 0x0840, 0x0020,
  0x0000, 0x0000, 0x0000, 0x0000, 0x0000, 0x0000, 0x0000, 0x0000, 0x0000, 0x0000, 0x0000, 0x0000,
  0x0000, 0x0000, 0x0000, 0x0000, 0x0000, 0x0000, 0x0000, 0x0000, 0x0000, 0x0000, 0x0000, 0x0000,
  0x0000, 0x0000, 0x0000, 0x0000, 0x0000, 0x0000, 0x0000, 0x0000, 0x0000, 0x0000, 0x0000, 0x0000,
  0x0000, 0x0000, 0x0000, 0x0000, 0x0000, 0x0000, 0x0000, 0x0000, 0x0000, 0x0000, 0x0000, 0x0000,
  0x0000, 0x0000, 0x0000, 0x0000, 0x0000, 0x0000, 0x0000, 0x0000, 0x0000, 0x0000, 0x0000, 0x0000,
  0x0000, 0x0000, 0x0000, 0x0000, 0x0000, 0x0000, 0x0000, 0x0000, 0x0000, 0x0000, 0x0000, 0x0000,
  0x1082, 0x1082, 0x1082, 0x1082, 0x1082, 0x1082, 0x1082, 0x1082, 0x1082, 0x1082, 0x1082, 0x1082,
  0x1082, 0x1082, 0x1082, 0x1082, 0x1082, 0x1082, 0x1082, 0x1082, 0x1082, 0x1082, 0x1082, 0x1082,
  0x1082, 0x1082, 0x1082, 0x1082, 0x1082, 0x1082, 0x1082, 0x1082, 0x1082, 0x1082, 0x1082, 0x1082,
  0x1082, 0x1082, 0x1082, 0x1082, 0x1082, 0x1082, 0x1082, 0x1082, 0x1082, 0x1082, 0x1082, 0x1082,
  0x1082, 0x1082, 0x1082, 0x1082, 0x1082, 0x1082, 0x1082, 0x1082, 0x1082, 0x1082, 0x1082, 0x1082,
  0x1082, 0x1082, 0x1082, 0x1082, 0x1082, 0x1082, 0x1082, 0x1082, 0x1082, 0x1082, 0x1082, 0x1082,
  0x1082, 0x1082, 0x1082, 0x1082, 0x1082, 0x1082, 0x10A2, 0x10C2, 0x18C2, 0x18E2, 0x2102, 0x2943,
  0x2963, 0x31A4, 0x39E4, 0x39C4, 0x39A3, 0x4A85, 0x8CAD, 0x6BCA, 0x31C3, 0x39A4, 0x2923, 0x18E3,
  0x10A2, 0x1082, 0x1082, 0x1082, 0x1082, 0x1082, 0x1082, 0x1082, 0x1082, 0x1082, 0x1082, 0x1082,
  0x1082, 0x1082, 0x1082, 0x1082, 0x18C2, 0x2122, 0x3184, 0x3182, 0x6BE9, 0xBE92, 0x4244, 0x41C4,
  0x39C4, 0x2963, 0x2122, 0x2102, 0x2102, 0x2123, 0x2983, 0x39C4, 0x41C3, 0x52C5, 0xC6F3, 0x5B07,
  0x31A3, 0x3183, 0x2123, 0x18C2, 0x1082, 0x1082, 0x1082, 0x1082, 0x1082, 0x1082, 0x1082, 0x1082,
  0x1082, 0x1082, 0x1082, 0x10A2, 0x10A2, 0x18C2, 0x2123, 0x2943, 0x3183, 0x4AA6, 0x8CCD, 0x6388,
  0x39E3, 0x31C3, 0x39C4, 0x39C4, 0x3163, 0x2943, 0x2123, 0x18E2, 0x10C2, 0x10C2, 0x10C2, 0x1082,
  0x1082, 0x1082, 0x1082, 0x1082, 0x1082, 0x1082, 0x1082, 0x1082, 0x1082, 0x1082, 0x1082, 0x1082,
  0x1082, 0x1082, 0x1082, 0x1082, 0x1082, 0x1082, 0x1082, 0x1082, 0x1082, 0x1082, 0x1082, 0x1082,
  0x1082, 0x1082, 0x1082, 0x1082, 0x1082, 0x1082, 0x1082, 0x1082, 0x1082, 0x1082, 0x1082, 0x1082,
  0x1082, 0x1082, 0x1082, 0x1082, 0x1082, 0x1082, 0x1082, 0x1082, 0x1082, 0x1082, 0x1082, 0x1082,
  0x1082, 0x1082, 0x1082, 0x1082, 0x1082, 0x1082, 0x1082, 0x1082, 0x1082, 0x1082, 0x1082, 0x1082,
  0x1082, 0x1082, 0x1082, 0x1082, 0x1082, 0x1082, 0x1082, 0x1082, 0x1082, 0x1082, 0x1082, 0x1082,
  0x0000, 0x0000, 0x0000, 0x0000, 0x0000, 0x0000, 0x0000, 0x0000, 0x0000, 0x0000, 0x0000, 0x0000,
  0x0000, 0x0000, 0x0000, 0x0000, 0x0000, 0x0000, 0x0000, 0x0000, 0x0000, 0x0000, 0x0000, 0x0000,
  0x0000, 0x0000, 0x0000, 0x0000, 0x0000, 0x0000, 0x0000, 0x0000, 0x0000, 0x0000, 0x0000, 0x0000,
  0x0000, 0x0000, 0x0000, 0x0000, 0x0000, 0x0000, 0x0000, 0x0000, 0x0000, 0x0000, 0x0000, 0x0000,
  0x0000, 0x0000, 0x0000, 0x0000, 0x0000, 0x0000, 0x0000, 0x0000, 0x0000, 0x0000, 0x0000, 0x0000,
  0x0000, 0x0000, 0x0000, 0x0000, 0x0000, 0x0000, 0x0000, 0x0000, 0x0000, 0x0000, 0x0000, 0x0000,
  0x0000, 0x0000, 0x0000, 0x0000, 0x0000, 0x0000, 0x0000, 0x0000, 0x0000, 0x0020, 0x0840, 0x0861,
  0x1081, 0x10A1, 0x18C1, 0x2121, 0x2142, 0x2121, 0x18C0, 0x18C0, 0x20E1, 0x18A0, 0x0860, 0x0041,
  0x0020, 0x0000, 0x0000, 0x0000, 0x0000, 0x0000, 0x0000, 0x0000, 0x0000, 0x0000, 0x0000, 0x0000,
  0x0000, 0x0000, 0x0000, 0x0000, 0x0840, 0x10A0, 0x1901, 0x18E0, 0x5327, 0xA5F0, 0x39C3, 0x3142,
  0x2942, 0x2102, 0x18E1, 0x18A1, 0x18C1, 0x18C1, 0x2101, 0x3143, 0x3162, 0x4244, 0xAE11, 0x4A85,
  0x2121, 0x18E1, 0x1080, 0x0840, 0x0000, 0x0000, 0x0000, 0x0000, 0x0000, 0x0000, 0x0000, 0x0000,
  0x0000, 0x0000, 0x0000, 0x0000, 0x0000, 0x0040, 0x0860, 0x08A1, 0x18E1, 0x18E1, 0x10A0, 0x20E1,
  0x2102, 0x2121, 0x1901, 0x18C0, 0x10A0, 0x1080, 0x0840, 0x0020, 0x0020, 0x0000, 0x0000, 0x0000,
  0x0000, 0x0000, 0x0000, 0x0000, 0x0000, 0x0000, 0x0000, 0x0000, 0x0000, 0x0000, 0x0000, 0x0000,
  0x0000, 0x0000, 0x0000, 0x0000, 0x0000, 0x0000, 0x0000, 0x0000, 0x0000, 0x0000, 0x0000, 0x0000,
  0x0000, 0x0000, 0x0000, 0x0000, 0x0000, 0x0000, 0x0000, 0x0000, 0x0000, 0x0000, 0x0000, 0x0000,
  0x0000, 0x0000, 0x0000, 0x0000, 0x0000, 0x0000, 0x0000, 0x0000, 0x0000, 0x0000, 0x0000, 0x0000,
  0x0000, 0x0000, 0x0000, 0x0000, 0x0000, 0x0000, 0x0000, 0x0000, 0x0000, 0x0000, 0x0000, 0x0000,
  0x0000, 0x0000, 0x0000, 0x0000, 0x0000, 0x0000, 0x0000, 0x0000, 0x0000, 0x0000, 0x0000, 0x0000,
  0x0841, 0x0841, 0x0841, 0x0841, 0x0841, 0x0841, 0x0841, 0x0841, 0x0841, 0x0841, 0x0841, 0x0841,
  0x0841, 0x0841, 0x0841, 0x0841, 0x0841, 0x0841, 0x0841, 0x0841, 0x0841, 0x0841, 0x0841, 0x0841,
  0x0841, 0x0841, 0x0841, 0x0841, 0x0841, 0x0841, 0x0841, 0x0841, 0x0841, 0x0841, 0x0841, 0x0841,
  0x0841, 0x0841, 0x0841, 0x0841, 0x0841, 0x0841, 0x0841, 0x0841, 0x0841, 0x0841, 0x0841, 0x0841,
  0x0841, 0x0841, 0x0841, 0x0841, 0x0841, 0x0841, 0x0841, 0x0841, 0x0841, 0x0841, 0x0841, 0x0841,
  0x0841, 0x0841, 0x0841, 0x0841, 0x0841, 0x0841, 0x0841, 0x0841, 0x0841, 0x0841, 0x0841, 0x0841,
  0x0841, 0x0841, 0x0841, 0x0841, 0x0841, 0x0841, 0x0841, 0x0841, 0x0841, 0x0841, 0x0861, 0x0861,
  0x1080, 0x10A1, 0x18C1, 0x18E1, 0x2102, 0x2101, 0x2122, 0x2102, 0x18C1, 0x18A1, 0x1081, 0x0861,
  0x0841, 0x0841, 0x0841, 0x0841, 0x0841, 0x0841, 0x0841, 0x0841, 0x0841, 0x0841, 0x0841, 0x0841,
  0x0841, 0x0841, 0x0841, 0x0841, 0x1081, 0x18E2, 0x2943, 0x2922, 0x5B68, 0xAE11, 0x39E3, 0x41E4,
  0x31C3, 0x3183, 0x2963, 0x2123, 0x2923, 0x2943, 0x31A3, 0x39A3, 0x39C3, 0x4264, 0xB672, 0x52C7,
  0x2942, 0x2122, 0x18C2, 0x1081, 0x0841, 0x0841, 0x0841, 0x0841, 0x0841, 0x0841, 0x0841, 0x0841,
  0x0841, 0x0841, 0x0841, 0x0841, 0x0841, 0x0861, 0x0881, 0x10A1, 0x18C1, 0x20E1, 0x2122, 0x2122,
  0x2102, 0x18E2, 0x18C1, 0x10A1, 0x1081, 0x1061, 0x0841, 0x0841, 0x0841, 0x0841, 0x0841, 0x0841,
  0x0841, 0x0841, 0x0841, 0x0841, 0x0841, 0x0841, 0x0841, 0x0841, 0x0841, 0x0841, 0x0841, 0x0841,
  0x0841, 0x0841, 0x0841, 0x0841, 0x0841, 0x0841, 0x0841, 0x0841, 0x0841, 0x0841, 0x0841, 0x0841,
  0x0841, 0x0841, 0x0841, 0x0841, 0x0841, 0x0841, 0x0841, 0x0841, 0x0841, 0x0841, 0x0841, 0x0841,
  0x0841, 0x0841, 0x0841, 0x0841, 0x0841, 0x0841, 0x0841, 0x0841, 0x0841, 0x0841, 0x0841, 0x0841,
  0x0841, 0x0841, 0x0841, 0x0841, 0x0841, 0x0841, 0x0841, 0x0841, 0x0841, 0x0841, 0x0841, 0x0841,
  0x0841, 0x0841, 0x0841, 0x0841, 0x0841, 0x0841, 0x0841, 0x0841, 0x0841, 0x0841, 0x0841, 0x0841,
  0x0861, 0x0861, 0x0861, 0x0861, 0x0861, 0x0861, 0x0861, 0x0861, 0x0861, 0x0861, 0x0861, 0x0861,
  0x0861, 0x0861, 0x0861, 0x0861, 0x0861, 0x0861, 0x0861, 0x0861, 0x0861, 0x0861, 0x0861, 0x0861,
  0x0861, 0x0861, 0x0861, 0x0861, 0x0861, 0x0861, 0x0861, 0x0861, 0x0861, 0x0861, 0x0861, 0x0861,
  0x0861, 0x0861, 0x0861, 0x0861, 0x0861, 0x0861, 0x0861, 0x0861, 0x0861, 0x0861, 0x0861, 0x0861,
  0x0861, 0x0861, 0x0861, 0x0861, 0x0861, 0x0861, 0x0861, 0x0861, 0x0861, 0x0861, 0x0861, 0x0861,
  0x0861, 0x0861, 0x0861, 0x0861, 0x0861, 0x0861, 0x0861, 0x0861, 0x0861, 0x0861, 0x0861, 0x0861,
  0x0861, 0x0861, 0x0861, 0x0861, 0x0861, 0x0861, 0x1081, 0x1082, 0x1081, 0x0881, 0x1081, 0x1081,
  0x0881, 0x1081, 0x10A1, 0x18C2, 0x18E2, 0x18C2, 0x18E2, 0x18C2, 0x18C2, 0x18A2, 0x1081, 0x0861,
  0x0861, 0x0861, 0x1062, 0x1062, 0x0861, 0x0861, 0x0861, 0x0861, 0x0861, 0x0861, 0x0861, 0x0861,
  0x0861, 0x0861, 0x0862, 0x0862, 0x10A1, 0x18E2, 0x2943, 0x2922, 0x63A8, 0xB692, 0x4263, 0x4263,
  0x3A63, 0x3A23, 0x3A03, 0x31E2, 0x31E3, 0x3A03, 0x3A22, 0x4263, 0x4263, 0x4AE4, 0xBEB2, 0x52C7,
  0x2942, 0x2943, 0x18E2, 0x10A2, 0x1082, 0x0861, 0x0861, 0x0861, 0x0861, 0x0861, 0x0861, 0x0861,
  0x0861, 0x0861, 0x0861, 0x1082, 0x1082, 0x0881, 0x1081, 0x1081, 0x18A1, 0x18C2, 0x18C2, 0x18E2,
  0x18C2, 0x18C2, 0x10A2, 0x1082, 0x1082, 0x1082, 0x1062, 0x0861, 0x0861, 0x0861, 0x1082, 0x1082,
  0x0861, 0x0861, 0x0861, 0x0861, 0x0861, 0x0861, 0x0861, 0x0861, 0x0861, 0x0861, 0x0861, 0x0861,
  0x0861, 0x0861, 0x0861, 0x0861, 0x0861, 0x0861, 0x0861, 0x0861, 0x0861, 0x0861, 0x0861, 0x0861,
  0x0861, 0x0861, 0x0861, 0x0861, 0x0861, 0x0861, 0x0861, 0x0861, 0x0861, 0x0861, 0x0861, 0x0861,
  0x0861, 0x0861, 0x0861, 0x0861, 0x0861, 0x0861, 0x0861, 0x0861, 0x0861, 0x0861, 0x0861, 0x0861,
  0x0861, 0x0861, 0x0861, 0x0861, 0x0861, 0x0861, 0x0861, 0x0861, 0x0861, 0x0861, 0x0861, 0x0861,
  0x0861, 0x0861, 0x0861, 0x0861, 0x0861, 0x0861, 0x0861, 0x0861, 0x0861, 0x0861, 0x0861, 0x0861,
  0x0000, 0x0000, 0x0000, 0x0000, 0x0000, 0x0000, 0x0000, 0x0000, 0x0000, 0x0000, 0x0000, 0x0000,
  0x0000, 0x0000, 0x0000, 0x0000, 0x0000, 0x0000, 0x0000, 0x0000, 0x0000, 0x0000, 0x0000, 0x0000,
  0x0000, 0x0000, 0x0000, 0x0000, 0x0000, 0x0000, 0x0000, 0x0000, 0x0000, 0x0000, 0x0000, 0x0000,
  0x0000, 0x0000, 0x0000, 0x0000, 0x0000, 0x0000, 0x0000, 0x0000, 0x0000, 0x0000, 0x0000, 0x0000,
  0x0000, 0x0000, 0x0000, 0x0000, 0x0000, 0x0000, 0x0000, 0x0000, 0x0000, 0x0000, 0x0000, 0x0000,
  0x0000, 0x0000, 0x0000, 0x0000, 0x0000, 0x0000, 0x0000, 0x0000, 0x0000, 0x0000, 0x0000, 0x0000,
  0x0000, 0x0000, 0x0000, 0x0000, 0x0000, 0x0000, 0x0000, 0x0000, 0x0000, 0x0000, 0x0000, 0x0000,
  0x0000, 0x0000, 0x0000, 0x0000, 0x0000, 0x0000, 0x0000, 0x0000, 0x0000, 0x0000, 0x0000, 0x0000,
  0x0000, 0x0000, 0x0000, 0x0000, 0x0000, 0x0000, 0x0000, 0x0000, 0x0000, 0x0000, 0x0000, 0x0000,
  0x0000, 0x0000, 0x0000, 0x0000, 0x0000, 0x0840, 0x10A1, 0x1060, 0x4AC6, 0xB692, 0x9D4F, 0xA54F,
  0x9D6E, 0x9D6F, 0x9D4F, 0x9D4E, 0x9D4F, 0x9D4F, 0xA54E, 0xA56F, 0x9D6F, 0x954E, 0xBEB3, 0x3A04,
  0x18A0, 0x10A0, 0x0840, 0x0000, 0x0000, 0x0000, 0x0000, 0x0000, 0x0000, 0x0000, 0x0000, 0x0000,
  0x0000, 0x0000, 0x0000, 0x0000, 0x0000, 0x0000, 0x0000, 0x0000, 0x0000, 0x0000, 0x0000, 0x0000,
  0x0000, 0x0000, 0x0000, 0x0000, 0x0000, 0x0000, 0x0000, 0x0000, 0x0000, 0x0000, 0x0000, 0x0000,
  0x0000, 0x0000, 0x0000, 0x0000, 0x0000, 0x0000, 0x0000, 0x0000, 0x0000, 0x0000, 0x0000, 0x0000,
  0x0000, 0x0000, 0x0000, 0x0000, 0x0000, 0x0000, 0x0000, 0x0000, 0x0000, 0x0000, 0x0000, 0x0000,
  0x0000, 0x0000, 0x0000, 0x0000, 0x0000, 0x0000, 0x0000, 0x0000, 0x0000, 0x0000, 0x0000, 0x0000,
  0x0000, 0x0000, 0x0000, 0x0000, 0x0000, 0x0000, 0x0000, 0x0000, 0x0000, 0x0000, 0x0000, 0x0000,
  0x0000, 0x0000, 0x0000, 0x0000, 0x0000, 0x0000, 0x0000, 0x0000, 0x0000, 0x0000, 0x0000, 0x0000,
  0x0000, 0x0000, 0x0000, 0x0000, 0x0000, 0x0000, 0x0000, 0x0000, 0x0000, 0x0000, 0x0000, 0x0000,
  0x1082, 0x1082, 0x1082, 0x1082, 0x1082, 0x1082, 0x1082, 0x1082, 0x1082, 0x1082, 0x1082, 0x1082,
  0x1082, 0x1082, 0x1082, 0x1082, 0x1082, 0x1082, 0x1082, 0x1082, 0x1082, 0x1082, 0x1082, 0x1082,
  0x1082, 0x1082, 0x1082, 0x1082, 0x1082, 0x1082, 0x1082, 0x1082, 0x1082, 0x1082, 0x1082, 0x1082,
  0x1082, 0x1082, 0x1082, 0x1082, 0x1082, 0x1082, 0x1082, 0x1082, 0x1082, 0x1082, 0x1082, 0x1082,
  0x1082, 0x1082, 0x1082, 0x1082, 0x1082, 0x1082, 0x1082, 0x1082, 0x1082, 0x1082, 0x1082, 0x1082,
  0x1082, 0x1082, 0x1082, 0x1082, 0x1082, 0x1082, 0x1082, 0x1082, 0x1082, 0x1082, 0x1082, 0x1082,
  0x1082, 0x1082, 0x1082, 0x1082, 0x1082, 0x1082, 0x1082, 0x1082, 0x1082, 0x1082, 0x1082, 0x1082,
  0x1082, 0x1082, 0x1082, 0x1082, 0x1082, 0x1062, 0x1082, 0x1082, 0x1082, 0x1082, 0x1082, 0x1082,
  0x1082, 0x1082, 0x1082, 0x1082, 0x1082, 0x1082, 0x1082, 0x1082, 0x1082, 0x1082, 0x1082, 0x1082,
  0x1082, 0x1082, 0x1082, 0x1082, 0x1082, 0x18C2, 0x2102, 0x2923, 0x31A4, 0x42A6, 0x4A66, 0x52A7,
  0x4AC6, 0x4AC6, 0x4AA6, 0x4AA6, 0x4AA6, 0x4AA6, 0x52C6, 0x4A86, 0x4AA6, 0x4AA6, 0x4285, 0x31A3,
  0x2943, 0x2102, 0x18C2, 0x1082, 0x1082, 0x1082, 0x1082, 0x1082, 0x1082, 0x1082, 0x1082, 0x1082,
  0x1082, 0x1082, 0x1082, 0x1082, 0x1082, 0x1082, 0x1082, 0x1082, 0x1082, 0x1082, 0x1082, 0x1082,
  0x1082, 0x1082, 0x1082, 0x1082, 0x1082, 0x10A2, 0x1082, 0x1082, 0x1082, 0x1082, 0x1082, 0x1082,
  0x1082, 0x1082, 0x1082, 0x1082, 0x1082, 0x1082, 0x1082, 0x1082, 0x1082, 0x1082, 0x1082, 0x1082,
  0x1082, 0x1082, 0x1082, 0x1082, 0x1082, 0x1082, 0x1082, 0x1082, 0x1082, 0x1082, 0x1082, 0x1082,
  0x1082, 0x1082, 0x1082, 0x1082, 0x1082, 0x1082, 0x1082, 0x1082, 0x1082, 0x1082, 0x1082, 0x1082,
  0x1082, 0x1082, 0x1082, 0x1082, 0x1082, 0x1082, 0x1082, 0x1082, 0x1082, 0x1082, 0x1082, 0x1082,
  0x1082, 0x1082, 0x1082, 0x1082, 0x1082, 0x1082, 0x1082, 0x1082, 0x1082, 0x1082, 0x1082, 0x1082,
  0x1082, 0x1082, 0x1082, 0x1082, 0x1082, 0x1082, 0x1082, 0x1082, 0x1082, 0x1082, 0x1082, 0x1082,
  0x0020, 0x0020, 0x0020, 0x0020, 0x0020, 0x0020, 0x0020, 0x0020, 0x0020, 0x0020, 0x0020, 0x0020,
  0x0020, 0x0020, 0x0020, 0x0020, 0x0020, 0x0020, 0x0020, 0x0020, 0x0020, 0x0020, 0x0020, 0x0020,
  0x0020, 0x0020, 0x0020, 0x0020, 0x0020, 0x0020, 0x0020, 0x0020, 0x0020, 0x0020, 0x0020, 0x0020,
  0x0020, 0x0020, 0x0020, 0x0020, 0x0020, 0x0020, 0x0020, 0x0020, 0x0020, 0x0020, 0x0020, 0x0020,
  0x0020, 0x0020, 0x0020, 0x0020, 0x0020, 0x0020, 0x0020, 0x0020, 0x0020, 0x0020, 0x0020, 0x0020,
  0x0020, 0x0020, 0x0020, 0x0020, 0x0020, 0x0020, 0x0020, 0x0020, 0x0020, 0x0020, 0x0020, 0x0020,
  0x0020, 0x0020, 0x0020, 0x0020, 0x0020, 0x0020, 0x0020, 0x0020, 0x0020, 0x0020, 0x0020, 0x0020,
  0x0020, 0x0020, 0x0020, 0x0020, 0x0020, 0x0020, 0x0020, 0x0020, 0x0020, 0x0020, 0x0020, 0x0020,
  0x0020, 0x0020, 0x0020, 0x0020, 0x0020, 0x0020, 0x0020, 0x0020, 0x0020, 0x0020, 0x0020, 0x0020,
  0x0020, 0x0020, 0x0021, 0x0021, 0x0040, 0x0860, 0x10A1, 0x18C1, 0x18E1, 0x18E1, 0x2102, 0x2101,
  0x2101, 0x2102, 0x2102, 0x2102, 0x2102, 0x2102, 0x2121, 0x2121, 0x2101, 0x2101, 0x20E1, 0x18E2,
  0x10C1, 0x0861, 0x0840, 0x0021, 0x0021, 0x0020, 0x0020, 0x0020, 0x0020, 0x0020, 0x0020, 0x0020,
  0x0020, 0x0020, 0x0020, 0x0020, 0x0020, 0x0020, 0x0020, 0x0020, 0x0020, 0x0020, 0x0020, 0x0020,
  0x0020, 0x0020, 0x0020, 0x0020, 0x0020, 0x0020, 0x0020, 0x0020, 0x0020, 0x0020, 0x0020, 0x0020,
  0x0020, 0x0020, 0x0020, 0x0020, 0x0020, 0x0020, 0x0020, 0x0020, 0x0020, 0x0020, 0x0020, 0x0020,
  0x0020, 0x0020, 0x0020, 0x0020, 0x0020, 0x0020, 0x0020, 0x0020, 0x0020, 0x0020, 0x0020, 0x0020,
  0x0020, 0x0020, 0x0020, 0x0020, 0x0020, 0x0020, 0x0020, 0x0020, 0x0020, 0x0020, 0x0020, 0x0020,
  0x0020, 0x0020, 0x0020, 0x0020, 0x0020, 0x0020, 0x0020, 0x0020, 0x0020, 0x0020, 0x0020, 0x0020,
  0x0020, 0x0020, 0x0020, 0x0020, 0x0020, 0x0020, 0x0020, 0x0020, 0x0020, 0x0020, 0x0020, 0x0020,
  0x0020, 0x0020, 0x0020, 0x0020, 0x0020, 0x0020, 0x0020, 0x0020, 0x0020, 0x0020, 0x0020, 0x0020,
  0x0020, 0x0020, 0x0020, 0x0020, 0x0020, 0x0020, 0x0020, 0x0020, 0x0020, 0x0020, 0x0020, 0x0020,
  0x0020, 0x0020, 0x0020, 0x0020, 0x0020, 0x0020, 0x0020, 0x0020, 0x0020, 0x0020, 0x0020, 0x0020,
  0x0020, 0x0020, 0x0020, 0x0020, 0x0020, 0x0020, 0x0020, 0x0020, 0x0020, 0x0020, 0x0020, 0x0020,
  0x0020, 0x0020, 0x0020, 0x0020, 0x0020, 0x0020, 0x0020, 0x0020, 0x0020, 0x0020, 0x0020, 0x0020,
  0x0020, 0x0020, 0x0020, 0x0020, 0x0020, 0x0020, 0x0020, 0x0020, 0x0020, 0x0020, 0x0020, 0x0020,
  0x0020, 0x0020, 0x0020, 0x0020, 0x0020, 0x0020, 0x0020, 0x0020, 0x0020, 0x0020, 0x0020, 0x0020,
  0x0020, 0x0020, 0x0020, 0x0020, 0x0020, 0x0020, 0x0020, 0x0020, 0x0020, 0x0020, 0x0020, 0x0020,
  0x0020, 0x0020, 0x0020, 0x0020, 0x0020, 0x0020, 0x0020, 0x0020, 0x0020, 0x0020, 0x0020, 0x0020,
  0x0020, 0x0020, 0x0020, 0x0020, 0x0020, 0x0020, 0x0020, 0x0020, 0x0020, 0x0020, 0x0020, 0x0020,
  0x0020, 0x0020, 0x0020, 0x0020, 0x0020, 0x0040, 0x0860, 0x0880, 0x10A1, 0x10C1, 0x18C1, 0x18E1,
  0x18E1, 0x18E1, 0x18E1, 0x18E1, 0x18E1, 0x18E1, 0x18E1, 0x18E1, 0x18E1, 0x18C1, 0x18C0, 0x10A1,
  0x0880, 0x0840, 0x0020, 0x0020, 0x0020, 0x0020, 0x0020, 0x0020, 0x0020, 0x0020, 0x0020, 0x0020,
  0x0020, 0x0020, 0x0020, 0x0020, 0x0020, 0x0020, 0x0020, 0x0020, 0x0020, 0x0020, 0x0020, 0x0020,
  0x0020, 0x0020, 0x0020, 0x0020, 0x0020, 0x0020, 0x0020, 0x0020, 0x0020, 0x0020, 0x0020, 0x0020,
  0x0020, 0x0020, 0x0020, 0x0020, 0x0020, 0x0020, 0x0020, 0x0020, 0x0020, 0x0020, 0x0020, 0x0020,
  0x0020, 0x0020, 0x0020, 0x0020, 0x0020, 0x0020, 0x0020, 0x0020, 0x0020, 0x0020, 0x0020, 0x0020,
  0x0020, 0x0020, 0x0020, 0x0020, 0x0020, 0x0020, 0x0020, 0x0020, 0x0020, 0x0020, 0x0020, 0x0020,
  0x0020, 0x0020, 0x0020, 0x0020, 0x0020, 0x0020, 0x0020, 0x0020, 0x0020, 0x0020, 0x0020, 0x0020,
  0x0020, 0x0020, 0x0020, 0x0020, 0x0020, 0x0020, 0x0020, 0x0020, 0x0020, 0x0020, 0x0020, 0x0020,
  0x0020, 0x0020, 0x0020, 0x0020, 0x0020, 0x0020, 0x0020, 0x0020, 0x0020, 0x0020, 0x0020, 0x0020,
  0x1082, 0x1082, 0x1082, 0x1082, 0x1082, 0x1082, 0x1082, 0x1082, 0x1082, 0x1082, 0x1082, 0x1082,
  0x1082, 0x1082, 0x1082, 0x1082, 0x1082, 0x1082, 0x1082, 0x1082, 0x1082, 0x1082, 0x1082, 0x1082,
  0x1082, 0x1082, 0x1082, 0x1082, 0x1082, 0x1082, 0x1082, 0x1082, 0x1082, 0x1082, 0x1082, 0x1082,
  0x1082, 0x1082, 0x1082, 0x1082, 0x1082, 0x1082, 0x1082, 0x1082, 0x1082, 0x1082, 0x1082, 0x1082,
  0x1082, 0x1082, 0x1082, 0x1082, 0x1082, 0x1082, 0x1082, 0x1082, 0x1082, 0x1082, 0x1082, 0x1082,
  0x1082, 0x1082, 0x1082, 0x1082, 0x1082, 0x1082, 0x1082, 0x1082, 0x1082, 0x1082, 0x1082, 0x1082,
  0x1082, 0x1082, 0x1082, 0x1082, 0x1082, 0x1082, 0x1082, 0x1082, 0x1082, 0x1082, 0x1082, 0x1082,
  0x1082, 0x1082, 0x1082, 0x1082, 0x1082, 0x1082, 0x1082, 0x1082, 0x1082, 0x1082, 0x1082, 0x1082,
  0x1082, 0x1082, 0x1082, 0x1082, 0x1082, 0x1082, 0x1082, 0x1082, 0x1082, 0x1082, 0x1082, 0x1082,
  0x1082, 0x1082, 0x1082, 0x1082, 0x1082, 0x1082, 0x10A1, 0x18A2, 0x18C2, 0x18E2, 0x1902, 0x1902,
  0x2102, 0x2102, 0x2102, 0x2102, 0x2102, 0x2102, 0x2103, 0x2103, 0x2103, 0x2102, 0x20E2, 0x10C2,
  0x10A2, 0x10A2, 0x1082, 0x1082, 0x1082, 0x1082, 0x1082, 0x1082, 0x1082, 0x1082, 0x1082, 0x1082,
  0x1082, 0x1082, 0x1082, 0x1082, 0x1082, 0x1082, 0x1082, 0x1082, 0x1082, 0x1082, 0x1082, 0x1082,
  0x1082, 0x1082, 0x1082, 0x1082, 0x1082, 0x1082, 0x1082, 0x1082, 0x1082, 0x1082, 0x1082, 0x1082,
  0x1082, 0x1082, 0x1082, 0x1082, 0x1082, 0x1082, 0x1082, 0x1082, 0x1082, 0x1082, 0x1082, 0x1082,
  0x1082, 0x1082, 0x1082, 0x1082, 0x1082, 0x1082, 0x1082, 0x1082, 0x1082, 0x1082, 0x1082, 0x1082,
  0x1082, 0x1082, 0x1082, 0x1082, 0x1082, 0x1082, 0x1082, 0x1082, 0x1082, 0x1082, 0x1082, 0x1082,
  0x1082, 0x1082, 0x1082, 0x1082, 0x1082, 0x1082, 0x1082, 0x1082, 0x1082, 0x1082, 0x1082, 0x1082,
  0x1082, 0x1082, 0x1082, 0x1082, 0x1082, 0x1082, 0x1082, 0x1082, 0x1082, 0x1082, 0x1082, 0x1082,
  0x1082, 0x1082, 0x1082, 0x1082, 0x1082, 0x1082, 0x1082, 0x1082, 0x1082, 0x1082, 0x1082, 0x1082,
  0x0000, 0x0000, 0x0000, 0x0000, 0x0000, 0x0000, 0x0000, 0x0000, 0x0000, 0x0000, 0x0000, 0x0000,
  0x0000, 0x0000, 0x0000, 0x0000, 0x0000, 0x0000, 0x0000, 0x0000, 0x0000, 0x0000, 0x0000, 0x0000,
  0x0000, 0x0000, 0x0000, 0x0000, 0x0000, 0x0000, 0x0000, 0x0000, 0x0000, 0x0000, 0x0000, 0x0000,
  0x0000, 0x0000, 0x0000, 0x0000, 0x0000, 0x0000, 0x0000, 0x0000, 0x0000, 0x0000, 0x0000, 0x0000,
  0x0000, 0x0000, 0x0000, 0x0000, 0x0000, 0x0000, 0x0000, 0x0000, 0x0000, 0x0000, 0x0000, 0x0000,
  0x0000, 0x0000, 0x0000, 0x0000, 0x0000, 0x0000, 0x0000, 0x0000, 0x0000, 0x0000, 0x0000, 0x0000,
  0x0000, 0x0000, 0x0000, 0x0000, 0x0000, 0x0000, 0x0000, 0x0000, 0x0000, 0x0000, 0x0000, 0x0000,
  0x0000, 0x0000, 0x0000, 0x0000, 0x0000, 0x0000, 0x0000, 0x0000, 0x0000, 0x0000, 0x0000, 0x0000,
  0x0000, 0x0000, 0x0000, 0x0000, 0x0000, 0x0000, 0x0000, 0x0000, 0x0000, 0x0000, 0x0000, 0x0000,
  0x0000, 0x0000, 0x0000, 0x0000, 0x0000, 0x0000, 0x0000, 0x0000, 0x0000, 0x0000, 0x0000, 0x0020,
  0x0020, 0x0840, 0x0840, 0x0840, 0x0840, 0x0820, 0x0020, 0x0020, 0x0020, 0x0000, 0x0000, 0x0000,
  0x0000, 0x0000, 0x0000, 0x0000, 0x0000, 0x0000, 0x0000, 0x0000, 0x0000, 0x0000, 0x0000, 0x0000,
  0x0000, 0x0000, 0x0000, 0x0000, 0x0000, 0x0000, 0x0000, 0x0000, 0x0000, 0x0000, 0x0000, 0x0000,
  0x0000, 0x0000, 0x0000, 0x0000, 0x0000, 0x0000, 0x0000, 0x0000, 0x0000, 0x0000, 0x0000, 0x0000,
  0x0000, 0x0000, 0x0000, 0x0000, 0x0000, 0x0000, 0x0000, 0x0000, 0x0000, 0x0000, 0x0000, 0x0000,
  0x0000, 0x0000, 0x0000, 0x0000, 0x0000, 0x0000, 0x0000, 0x0000, 0x0000, 0x0000, 0x0000, 0x0000,
  0x0000, 0x0000, 0x0000, 0x0000, 0x0000, 0x0000, 0x0000, 0x0000, 0x0000, 0x0000, 0x0000, 0x0000,
  0x0000, 0x0000, 0x0000, 0x0000, 0x0000, 0x0000, 0x0000, 0x0000, 0x0000, 0x0000, 0x0000, 0x0000,
  0x0000, 0x0000, 0x0000, 0x0000, 0x0000, 0x0000, 0x0000, 0x0000, 0x0000, 0x0000, 0x0000, 0x0000,
  0x0000, 0x0000, 0x0000, 0x0000, 0x0000, 0x0000, 0x0000, 0x0000, 0x0000, 0x0000, 0x0000, 0x0000,
  0x0861, 0x0861, 0x0861, 0x0861, 0x0861, 0x0861, 0x0861, 0x0861, 0x0861, 0x0861, 0x0861, 0x0861,
  0x0861, 0x0861, 0x0861, 0x0861, 0x0861, 0x0861, 0x0861, 0x0861, 0x0861, 0x0861, 0x0861, 0x0861,
  0x0861, 0x0861, 0x0861, 0x0861, 0x0861, 0x0861, 0x0861, 0x0861, 0x0861, 0x0861, 0x0861, 0x0861,
  0x0861, 0x0861, 0x0861, 0x0861, 0x0861, 0x0861, 0x0861, 0x0861, 0x0861, 0x0861, 0x0861, 0x0861,
  0x0861, 0x0861, 0x0861, 0x0861, 0x0861, 0x0861, 0x0861, 0x0861, 0x0861, 0x0861, 0x0861, 0x0861,
  0x0861, 0x0861, 0x0861, 0x0861, 0x0861, 0x0861, 0x0861, 0x0861, 0x0861, 0x0861, 0x0861, 0x0861,
  0x0861, 0x0861, 0x0861, 0x0861, 0x0861, 0x0861, 0x0861, 0x0861, 0x0861, 0x0861, 0x0861, 0x0861,
  0x0861, 0x0861, 0x0861, 0x0861, 0x0861, 0x0861, 0x0861, 0x0861, 0x0861, 0x0861, 0x0861, 0x0861,
  0x0861, 0x0861, 0x0861, 0x0861, 0x0861, 0x0861, 0x0861, 0x0861, 0x0861, 0x0861, 0x0861, 0x0861,
  0x0861, 0x0861, 0x0861, 0x0861, 0x0861, 0x0862, 0x0862, 0x0862, 0x0861, 0x0841, 0x0861, 0x0861,
  0x0861, 0x0861, 0x0861, 0x0861, 0x0861, 0x0861, 0x0841, 0x0861, 0x1061, 0x0861, 0x0841, 0x0861,
  0x0861, 0x0861, 0x0861, 0x0841, 0x0861, 0x0861, 0x0861, 0x0861, 0x0861, 0x0861, 0x0861, 0x0861,
  0x0861, 0x0861, 0x0861, 0x0861, 0x0861, 0x0861, 0x0861, 0x0861, 0x0861, 0x0861, 0x0861, 0x0861,
  0x0861, 0x0861, 0x0861, 0x0861, 0x0861, 0x0861, 0x0861, 0x0861, 0x0861, 0x0861, 0x0861, 0x0861,
  0x0861, 0x0861, 0x0861, 0x0861, 0x0861, 0x0861, 0x0861, 0x0861, 0x0861, 0x0861, 0x0861, 0x0861,
  0x0861, 0x0861, 0x0861, 0x0861, 0x0861, 0x0861, 0x0861, 0x0861, 0x0861, 0x0861, 0x0861, 0x0861,
  0x0861, 0x0861, 0x0861, 0x0861, 0x0861, 0x0861, 0x0861, 0x0861, 0x0861, 0x0861, 0x0861, 0x0861,
  0x0861, 0x0861, 0x0861, 0x0861, 0x0861, 0x0861, 0x0861, 0x0861, 0x0861, 0x0861, 0x0861, 0x0861,
  0x0861, 0x0861, 0x0861, 0x0861, 0x0861, 0x0861, 0x0861, 0x0861, 0x0861, 0x0861, 0x0861, 0x0861,
  0x0861, 0x0861, 0x0861, 0x0861, 0x0861, 0x0861, 0x0861, 0x0861, 0x0861, 0x0861, 0x0861, 0x0861,
  0x0861, 0x0861, 0x0861, 0x0861, 0x0861, 0x0861, 0x0861, 0x0861, 0x0861, 0x0861, 0x0861, 0x0861,
  0x0861, 0x0861, 0x0861, 0x0861, 0x0861, 0x0861, 0x0861, 0x0861, 0x0861, 0x0861, 0x0861, 0x0861,
  0x0861, 0x0861, 0x0861, 0x0861, 0x0861, 0x0861, 0x0861, 0x0861, 0x0861, 0x0861, 0x0861, 0x0861,
  0x0861, 0x0861, 0x0861, 0x0861, 0x0861, 0x0861, 0x0861, 0x0861, 0x0861, 0x0861, 0x0861, 0x0861,
  0x0861, 0x0861, 0x0861, 0x0861, 0x0861, 0x0861, 0x0861, 0x0861, 0x0861, 0x0861, 0x0861, 0x0861,
  0x0861, 0x0861, 0x0861, 0x0861, 0x0861, 0x0861, 0x0861, 0x0861, 0x0861, 0x0861, 0x0861, 0x0861,
  0x0861, 0x0861, 0x0861, 0x0861, 0x0861, 0x0861, 0x0861, 0x0861, 0x0861, 0x0861, 0x0861, 0x0861,
  0x0861, 0x0861, 0x0861, 0x0861, 0x0861, 0x0861, 0x0861, 0x0861, 0x0861, 0x0861, 0x0861, 0x0861,
  0x0861, 0x0861, 0x0861, 0x0861, 0x0861, 0x0861, 0x0861, 0x0861, 0x0861, 0x0861, 0x0861, 0x0861,
  0x0861, 0x0861, 0x0861, 0x0861, 0x0861, 0x0861, 0x0861, 0x0861, 0x0861, 0x0861, 0x0861, 0x0861,
  0x0861, 0x0862, 0x0862, 0x0862, 0x0862, 0x0862, 0x0861, 0x0861, 0x0861, 0x0861, 0x0861, 0x0861,
  0x0861, 0x0861, 0x0861, 0x0861, 0x0861, 0x0861, 0x0861, 0x0861, 0x0861, 0x0861, 0x0841, 0x0841,
  0x0841, 0x0841, 0x0841, 0x0861, 0x0861, 0x0861, 0x0861, 0x0861, 0x0841, 0x0841, 0x0841, 0x0841,
  0x0841, 0x0861, 0x0861, 0x0861, 0x0861, 0x0861, 0x0861, 0x0861, 0x0861, 0x0861, 0x0861, 0x0861,
  0x0861, 0x0861, 0x0861, 0x0861, 0x0861, 0x0861, 0x0861, 0x0861, 0x0861, 0x0861, 0x0861, 0x0861,
  0x0861, 0x0861, 0x0861, 0x0861, 0x0861, 0x0861, 0x0861, 0x0861, 0x0861, 0x0861, 0x0861, 0x0861,
  0x0861, 0x0861, 0x0861, 0x0861, 0x0861, 0x0861, 0x0861, 0x0861, 0x0861, 0x0861, 0x0861, 0x0861,
  0x0861, 0x0861, 0x0861, 0x0861, 0x0861, 0x0861, 0x0861, 0x0861, 0x0861, 0x0861, 0x0861, 0x0861,
  0x0861, 0x0861, 0x0861, 0x0861, 0x0861, 0x0861, 0x0861, 0x0861, 0x0861, 0x0861, 0x0861, 0x0861,
  0x0861, 0x0861, 0x0861, 0x0861, 0x0861, 0x0861, 0x0861, 0x0861, 0x0861, 0x0861, 0x0861, 0x0861,
  0x0000, 0x0000, 0x0000, 0x0000, 0x0000, 0x0000, 0x0000, 0x0000, 0x0000, 0x0000, 0x0000, 0x0000,
  0x0000, 0x0000, 0x0000, 0x0000, 0x0000, 0x0000, 0x0000, 0x0000, 0x0000, 0x0000, 0x0000, 0x0000,
  0x0000, 0x0000, 0x0000, 0x0000, 0x0000, 0x0000, 0x0000, 0x0000, 0x0000, 0x0000, 0x0000, 0x0000,
  0x0000, 0x0000, 0x0000, 0x0000, 0x0000, 0x0000, 0x0000, 0x0000, 0x0000, 0x0000, 0x0000, 0x0000,
  0x0000, 0x0000, 0x0000, 0x0000, 0x0000, 0x0000, 0x0000, 0x0000, 0x0000, 0x0000, 0x0000, 0x0000,
  0x0000, 0x0000, 0x0000, 0x0000, 0x0000, 0x0000, 0x0000, 0x0000, 0x0000, 0x0000, 0x0000, 0x0000,
  0x0000, 0x0000, 0x0000, 0x0000, 0x0000, 0x0000, 0x0000, 0x0000, 0x0000, 0x0000, 0x0000, 0x0000,
  0x0000, 0x0000, 0x0000, 0x0000, 0x0000, 0x0000, 0x0000, 0x0000, 0x0000, 0x0000, 0x0000, 0x0000,
  0x0000, 0x0000, 0x0000, 0x0000, 0x0000, 0x0000, 0x0000, 0x0000, 0x0000, 0x0000, 0x0000, 0x0000,
  0x0000, 0x0000, 0x0000, 0x0000, 0x0000, 0x0000, 0x0000, 0x0000, 0x0000, 0x0000, 0x0000, 0x0000,
  0x0000, 0x0000, 0x0000, 0x0000, 0x0000, 0x0000, 0x0000, 0x0000, 0x0000, 0x0000, 0x0000, 0x0000,
  0x0000, 0x0000, 0x0000, 0x0000, 0x0000, 0x0000, 0x0000, 0x0000, 0x0000, 0x0000, 0x0000, 0x0000,
  0x0000, 0x0000, 0x0000, 0x0000, 0x0000, 0x0000, 0x0000, 0x0000, 0x0000, 0x0000, 0x0000, 0x0000,
  0x0000, 0x0000, 0x0000, 0x0000, 0x0000, 0x0000, 0x0000, 0x0000, 0x0000, 0x0000, 0x0000, 0x0000,
  0x0000, 0x0000, 0x0000, 0x0000, 0x0000, 0x0000, 0x0000, 0x0000, 0x0000, 0x0000, 0x0000, 0x0000,
  0x0000, 0x0000, 0x0000, 0x0000, 0x0000, 0x0000, 0x0000, 0x0000, 0x0000, 0x0000, 0x0000, 0x0000,
  0x0000, 0x0000, 0x0000, 0x0000, 0x0000, 0x0000, 0x0000, 0x0000, 0x0000, 0x0000, 0x0000, 0x0000,
  0x0000, 0x0000, 0x0000, 0x0000, 0x0000, 0x0000, 0x0000, 0x0000, 0x0000, 0x0000, 0x0000, 0x0000,
  0x0000, 0x0000, 0x0000, 0x0000, 0x0000, 0x0000, 0x0000, 0x0000, 0x0000, 0x0000, 0x0000, 0x0000,
  0x0000, 0x0000, 0x0000, 0x0000, 0x0000, 0x0000, 0x0000, 0x0000, 0x0000, 0x0000, 0x0000, 0x0000,
  0x1082, 0x1082, 0x1082, 0x1082, 0x1082, 0x1082, 0x1082, 0x1082, 0x1082, 0x1082, 0x1082, 0x1082,
  0x1082, 0x1082, 0x1082, 0x1082, 0x1082, 0x1082, 0x1082, 0x1082, 0x1082, 0x1082, 0x1082, 0x1082,
  0x1082, 0x1082, 0x1082, 0x1082, 0x1082, 0x1082, 0x1082, 0x1082, 0x1082, 0x1082, 0x1082, 0x1082,
  0x1082, 0x1082, 0x1082, 0x1082, 0x1082, 0x1082, 0x1082, 0x1082, 0x1082, 0x1082, 0x1082, 0x1082,
  0x1082, 0x1082, 0x1082, 0x1082, 0x1082, 0x1082, 0x1082, 0x1082, 0x1082, 0x1082, 0x1082, 0x1082,
  0x1082, 0x1082, 0x1082, 0x1082, 0x1082, 0x1082, 0x1082, 0x1082, 0x1082, 0x1082, 0x1082, 0x1082,
  0x1082, 0x1082, 0x1082, 0x1082, 0x1082, 0x1082, 0x1082, 0x1082, 0x1082, 0x1082, 0x1082, 0x1082,
  0x1082, 0x1082, 0x1082, 0x1082, 0x1082, 0x10A2, 0x10A2, 0x10A2, 0x10A2, 0x10A2, 0x1082, 0x1082,
  0x1082, 0x1082, 0x1082, 0x1082, 0x1082, 0x1082, 0x1082, 0x1082, 0x1082, 0x1082, 0x1082, 0x1082,
  0x1082, 0x1082, 0x1082, 0x1082, 0x1082, 0x1082, 0x1082, 0x1082, 0x1082, 0x1082, 0x1082, 0x1082,
  0x1082, 0x1082, 0x1082, 0x1082, 0x1082, 0x1082, 0x1082, 0x1082, 0x1082, 0x1082, 0x1082, 0x1082,
  0x1082, 0x1082, 0x1082, 0x1082, 0x1082, 0x1082, 0x1082, 0x1082, 0x1082, 0x1082, 0x1082, 0x1082,
  0x1082, 0x1082, 0x1082, 0x1082, 0x1082, 0x1082, 0x1082, 0x1082, 0x1082, 0x1082, 0x1082, 0x1082,
  0x1082, 0x1082, 0x1082, 0x1082, 0x1082, 0x1082, 0x1082, 0x1082, 0x1082, 0x1082, 0x1082, 0x1082,
  0x1082, 0x1082, 0x1082, 0x1082, 0x1082, 0x1082, 0x1082, 0x1082, 0x1082, 0x1082, 0x1082, 0x1082,
  0x1082, 0x1082, 0x1082, 0x1082, 0x1082, 0x1082, 0x1082, 0x1082, 0x1082, 0x1082, 0x1082, 0x1082,
  0x1082, 0x1082, 0x1082, 0x1082, 0x1082, 0x1082, 0x1082, 0x1082, 0x1082, 0x1082, 0x1082, 0x1082,
  0x1082, 0x1082, 0x1082, 0x1082, 0x1082, 0x1082, 0x1082, 0x1082, 0x1082, 0x1082, 0x1082, 0x1082,
  0x1082, 0x1082, 0x1082, 0x1082, 0x1082, 0x1082, 0x1082, 0x1082, 0x1082, 0x1082, 0x1082, 0x1082,
  0x1082, 0x1082, 0x1082, 0x1082, 0x1082, 0x1082, 0x1082, 0x1082, 0x1082, 0x1082, 0x1082, 0x1082,
  0x0020, 0x0020, 0x0020, 0x0020, 0x0020, 0x0020, 0x0020, 0x0020, 0x0020, 0x0020, 0x0020, 0x0020,
  0x0020, 0x0020, 0x0020, 0x0020, 0x0020, 0x0020, 0x0020, 0x0020, 0x0020, 0x0020, 0x0020, 0x0020,
  0x0020, 0x0020, 0x0020, 0x0020, 0x0020, 0x0020, 0x0020, 0x0020, 0x0020, 0x0020, 0x0020, 0x0020,
  0x0020, 0x0020, 0x0020, 0x0020, 0x0020, 0x0020, 0x0020, 0x0020, 0x0020, 0x0020, 0x0020, 0x0020,
  0x0020, 0x0020, 0x0020, 0x0020, 0x0020, 0x0020, 0x0020, 0x0020, 0x0020, 0x0020, 0x0020, 0x0020,
  0x0020, 0x0020, 0x0020, 0x0020, 0x0020, 0x0020, 0x0020, 0x0020, 0x0020, 0x0020, 0x0020, 0x0020,
  0x0020, 0x0020, 0x0020, 0x0020, 0x0020, 0x0020, 0x0020, 0x0020, 0x0020, 0x0020, 0x0020, 0x0020,
  0x0000, 0x0000, 0x0000, 0x0020, 0x0020, 0x0020, 0x0020, 0x0020, 0x0020, 0x0020, 0x0020, 0x0020,
  0x0020, 0x0020, 0x0020, 0x0020, 0x0000, 0x0020, 0x0020, 0x0000, 0x0000, 0x0000, 0x0000, 0x0000,
  0x0020, 0x0000, 0x0020, 0x0000, 0x0000, 0x0020, 0x0000, 0x0000, 0x0000, 0x0020, 0x0020, 0x0000,
  0x0020, 0x0020, 0x0020, 0x0020, 0x0020, 0x0020, 0x0020, 0x0020, 0x0020, 0x0020, 0x0020, 0x0000,
  0x0020, 0x0020, 0x0020, 0x0000, 0x0020, 0x0020, 0x0020, 0x0020, 0x0020, 0x0020, 0x0020, 0x0020,
  0x0020, 0x0020, 0x0020, 0x0020, 0x0020, 0x0020, 0x0020, 0x0020, 0x0020, 0x0020, 0x0020, 0x0020,
  0x0020, 0x0020, 0x0020, 0x0020, 0x0020, 0x0020, 0x0020, 0x0020, 0x0020, 0x0020, 0x0020, 0x0020,
  0x0020, 0x0020, 0x0020, 0x0020, 0x0020, 0x0020, 0x0020, 0x0020, 0x0020, 0x0020, 0x0020, 0x0020,
  0x0020, 0x0020, 0x0020, 0x0020, 0x0020, 0x0020, 0x0020, 0x0020, 0x0020, 0x0020, 0x0020, 0x0020,
  0x0020, 0x0020, 0x0020, 0x0020, 0x0020, 0x0020, 0x0020, 0x0020, 0x0020, 0x0020, 0x0020, 0x0020,
  0x0020, 0x0020, 0x0020, 0x0020, 0x0020, 0x0020, 0x0020, 0x0020, 0x0020, 0x0020, 0x0020, 0x0020,
  0x0020, 0x0020, 0x0020, 0x0020, 0x0020, 0x0020, 0x0020, 0x0020, 0x0020, 0x0020, 0x0020, 0x0020,
  0x0020, 0x0020, 0x0020, 0x0020, 0x0020, 0x0020, 0x0020, 0x0020, 0x0020, 0x0020, 0x0020, 0x0020,
  0x0020, 0x0020, 0x0020, 0x0020, 0x0020, 0x0020, 0x0020, 0x0020, 0x0020, 0x0020, 0x0020, 0x0020,
  0x0020, 0x0020, 0x0020, 0x0020, 0x0020, 0x0020, 0x0020, 0x0020, 0x0020, 0x0020, 0x0020, 0x0020,
  0x0020, 0x0020, 0x0020, 0x0020, 0x0020, 0x0020, 0x0020, 0x0020, 0x0020, 0x0020, 0x0020, 0x0020,
  0x0020, 0x0020, 0x0020, 0x0020, 0x0020, 0x0020, 0x0020, 0x0020, 0x0020, 0x0020, 0x0020, 0x0020,
  0x0020, 0x0020, 0x0020, 0x0020, 0x0020, 0x0020, 0x0020, 0x0020, 0x0020, 0x0020, 0x0020, 0x0020,
  0x0020, 0x0020, 0x0020, 0x0020, 0x0020, 0x0020, 0x0020, 0x0821, 0x0841, 0x0040, 0x0021, 0x0021,
  0x0021, 0x0020, 0x0020, 0x0840, 0x0841, 0x0020, 0x0020, 0x0040, 0x0020, 0x0020, 0x0841, 0x0020,
  0x0841, 0x0841, 0x0841, 0x0841, 0x0841, 0x0841, 0x0841, 0x0841, 0x0841, 0x0841, 0x0841, 0x0841,
  0x0841, 0x0841, 0x0841, 0x0841, 0x0841, 0x0841, 0x0841, 0x0841, 0x0841, 0x0841, 0x0841, 0x0841,
  0x0841, 0x0841, 0x0841, 0x0841, 0x0841, 0x0841, 0x0841, 0x0841, 0x0841, 0x0841, 0x0841, 0x0841,
  0x0841, 0x0861, 0x0861, 0x0861, 0x0861, 0x0861, 0x0861, 0x0841, 0x0841, 0x0841, 0x0841, 0x0841,
  0x0841, 0x0841, 0x0841, 0x0841, 0x0861, 0x0861, 0x0861, 0x0861, 0x0861, 0x0861, 0x0861, 0x0861,
  0x0861, 0x0861, 0x0861, 0x0861, 0x0861, 0x0861, 0x0861, 0x0861, 0x0861, 0x0861, 0x0861, 0x0861,
  0x0841, 0x0841, 0x0841, 0x0841, 0x0841, 0x0841, 0x0841, 0x0841, 0x0841, 0x0020, 0x0020, 0x0841,
  0x0020, 0x0020, 0x0020, 0x0841, 0x0021, 0x0040, 0x0020, 0x0020, 0x0021, 0x0841, 0x0020, 0x0020,
  0x0020, 0x0020, 0x0020, 0x0021, 0x0020, 0x0020, 0x0020, 0x0020, 0x0020, 0x0020, 0x0020, 0x0020,
  0x0020, 0x0020, 0x0020, 0x0020, 0x0020, 0x0020, 0x0020, 0x0020, 0x0020, 0x0020, 0x0020, 0x0020,
  0x0020, 0x0020, 0x0020, 0x0020, 0x0020, 0x0020, 0x0020, 0x0020, 0x0020, 0x0020, 0x0020, 0x0020,
  0x0020, 0x0020, 0x0020, 0x0020, 0x0020, 0x0020, 0x0020, 0x0020, 0x0020, 0x0020, 0x0020, 0x0020,
  0x0020, 0x0020, 0x0020, 0x0020, 0x0020, 0x0020, 0x0020, 0x0020, 0x0020, 0x0020, 0x0020, 0x0020,
  0x1082, 0x1082, 0x1082, 0x1082, 0x1082, 0x1082, 0x1082, 0x1082, 0x1082, 0x1082, 0x1082, 0x1082,
  0x1082, 0x1082, 0x1082, 0x1082, 0x1082, 0x1082, 0x1082, 0x1082, 0x1082, 0x1082, 0x1082, 0x1082,
  0x1082, 0x1082, 0x1082, 0x1082, 0x1082, 0x1082, 0x1082, 0x1082, 0x1082, 0x1082, 0x1082, 0x1082,
  0x1082, 0x1082, 0x1082, 0x1082, 0x1082, 0x1082, 0x1082, 0x1082, 0x1082, 0x1082, 0x1082, 0x1082,
  0x1082, 0x1082, 0x1082, 0x1082, 0x1082, 0x1082, 0x1082, 0x1082, 0x1082, 0x1082, 0x1082, 0x1082,
  0x1082, 0x1082, 0x1082, 0x1082, 0x1082, 0x0861, 0x10A2, 0x0881, 0x0861, 0x1082, 0x1081, 0x1081,
  0x1081, 0x1082, 0x1082, 0x0862, 0x0862, 0x10A2, 0x0861, 0x1062, 0x1082, 0x1082, 0x0881, 0x1082,
  0x18A2, 0x18C3, 0x18E3, 0x2103, 0x18C2, 0x18C3, 0x20E3, 0x10A1, 0x18C1, 0x18A2, 0x18E3, 0x18C2,
  0x2103, 0x18E2, 0x18A2, 0x1082, 0x18C3, 0x18E2, 0x18E2, 0x18E2, 0x1882, 0x10A2, 0x18E2, 0x10C1,
  0x18E2, 0x18C3, 0x18C2, 0x18E2, 0x18C2, 0x20E2, 0x18A1, 0x10A2, 0x18E3, 0x18E1, 0x18C1, 0x18E2,
  0x18E3, 0x20E2, 0x1922, 0x2102, 0x20E2, 0x1903, 0x20C3, 0x18C2, 0x18C2, 0x10A2, 0x18A2, 0x20E3,
  0x20E2, 0x18E2, 0x20E2, 0x20E3, 0x2103, 0x2102, 0x2122, 0x2122, 0x2122, 0x2942, 0x2102, 0x1922,
  0x2102, 0x2103, 0x18E2, 0x2122, 0x2102, 0x20E3, 0x20E2, 0x18C2, 0x2102, 0x20E2, 0x20E2, 0x1902,
  0x1902, 0x20E2, 0x20E2, 0x20E3, 0x18C2, 0x10A2, 0x0862, 0x0862, 0x0861, 0x1081, 0x1082, 0x0861,
  0x1082, 0x1082, 0x1082, 0x0861, 0x0881, 0x1082, 0x0861, 0x10A1, 0x1081, 0x1082, 0x1082, 0x1082,
  0x1082, 0x1082, 0x1082, 0x1081, 0x1082, 0x1082, 0x1082, 0x1082, 0x1082, 0x1082, 0x1082, 0x1082,
  0x1082, 0x1082, 0x1082, 0x1082, 0x1082, 0x1082, 0x1082, 0x1082, 0x1082, 0x1082, 0x1082, 0x1082,
  0x1082, 0x1082, 0x1082, 0x1082, 0x1082, 0x1082, 0x1082, 0x1082, 0x1082, 0x1082, 0x1082, 0x1082,
  0x1082, 0x1082, 0x1082, 0x1082, 0x1082, 0x1082, 0x1082, 0x1082, 0x1082, 0x1082, 0x1082, 0x1082,
  0x1082, 0x1082, 0x1082, 0x1082, 0x1082, 0x1082, 0x1082, 0x1082, 0x1082, 0x1082, 0x1082, 0x1082,
  0x0000, 0x0000, 0x0000, 0x0000, 0x0000, 0x0000, 0x0000, 0x0000, 0x0000, 0x0000, 0x0000, 0x0000,
  0x0000, 0x0000, 0x0000, 0x0000, 0x0000, 0x0000, 0x0000, 0x0000, 0x0000, 0x0000, 0x0000, 0x0000,
  0x0000, 0x0000, 0x0000, 0x0000, 0x0000, 0x0000, 0x0000, 0x0000, 0x0000, 0x0000, 0x0000, 0x0000,
  0x0000, 0x0000, 0x0000, 0x0000, 0x0000, 0x0000, 0x0000, 0x0000, 0x0000, 0x0000, 0x0000, 0x0000,
  0x0000, 0x0000, 0x0000, 0x0000, 0x0000, 0x0000, 0x0000, 0x0000, 0x0000, 0x0000, 0x0000, 0x0000,
  0x0000, 0x0000, 0x0000, 0x0000, 0x0020, 0x0000, 0x0020, 0x0000, 0x0000, 0x0000, 0x0000, 0x0000,
  0x0000, 0x0000, 0x0000, 0x0000, 0x0000, 0x0000, 0x0020, 0x0000, 0x0000, 0x0000, 0x0000, 0x0840,
  0x1060, 0x10A1, 0x18E1, 0x2142, 0x31A3, 0x18C0, 0x1080, 0x10A1, 0x18C1, 0x0860, 0x10A0, 0x2122,
  0x18E0, 0x18C0, 0x1080, 0x1081, 0x18A1, 0x29A3, 0x29C3, 0x18E0, 0x18C1, 0x1081, 0x10C0, 0x31C3,
  0x2983, 0x18E1, 0x2122, 0x31A3, 0x2983, 0x1901, 0x10A0, 0x1080, 0x18E2, 0x31A3, 0x29A3, 0x10C1,
  0x2102, 0x31E3, 0x29E2, 0x3A03, 0x4203, 0x29E3, 0x2982, 0x2102, 0x0860, 0x1080, 0x18A0, 0x18C0,
  0x2121, 0x31C2, 0x2982, 0x10C0, 0x2961, 0x31C2, 0x3A04, 0x4244, 0x3A03, 0x3A03, 0x4224, 0x29E3,
  0x2941, 0x3182, 0x31E4, 0x39E3, 0x39E4, 0x31A3, 0x39E5, 0x31A3, 0x1921, 0x2921, 0x31A3, 0x29C3,
  0x3A04, 0x2962, 0x2101, 0x10A0, 0x10C1, 0x0840, 0x0020, 0x0000, 0x0000, 0x0000, 0x0000, 0x0000,
  0x0020, 0x0000, 0x0000, 0x0020, 0x0020, 0x0000, 0x0000, 0x0000, 0x0000, 0x0000, 0x0000, 0x0000,
  0x0000, 0x0000, 0x0000, 0x0000, 0x0000, 0x0000, 0x0000, 0x0000, 0x0000, 0x0000, 0x0000, 0x0000,
  0x0000, 0x0000, 0x0000, 0x0000, 0x0000, 0x0000, 0x0000, 0x0000, 0x0000, 0x0000, 0x0000, 0x0000,
  0x0000, 0x0000, 0x0000, 0x0000, 0x0000, 0x0000, 0x0000, 0x0000, 0x0000, 0x0000, 0x0000, 0x0000,
  0x0000, 0x0000, 0x0000, 0x0000, 0x0000, 0x0000, 0x0000, 0x0000, 0x0000, 0x0000, 0x0000, 0x0000,
  0x0000, 0x0000, 0x0000, 0x0000, 0x0000, 0x0000, 0x0000, 0x0000, 0x0000, 0x0000, 0x0000, 0x0000,
  0x1082, 0x1082, 0x1082, 0x1082, 0x1082, 0x1082, 0x1082, 0x1082, 0x1082, 0x1082, 0x1082, 0x1082,
  0x1082, 0x1082, 0x1082, 0x1082, 0x1082, 0x1082, 0x1082, 0x1082, 0x1082, 0x1082, 0x1082, 0x1082,
  0x1082, 0x1082, 0x1082, 0x1082, 0x1082, 0x1082, 0x1082, 0x1082, 0x1082, 0x1082, 0x1082, 0x1082,
  0x1082, 0x1082, 0x1082, 0x1082, 0x1082, 0x1082, 0x1082, 0x1082, 0x1082, 0x1082, 0x1082, 0x1082,
  0x1082, 0x1082, 0x1082, 0x1082, 0x1082, 0x1082, 0x1082, 0x1082, 0x1082, 0x1082, 0x1082, 0x1082,
  0x1082, 0x1082, 0x1082, 0x1082, 0x0861, 0x0861, 0x1082, 0x10A2, 0x1082, 0x1082, 0x1082, 0x1062,
  0x1062, 0x1061, 0x10A2, 0x10A2, 0x18C2, 0x0861, 0x1082, 0x0862, 0x1062, 0x1061, 0x10A1, 0x2122,
  0x29C2, 0x8C8D, 0xBE13, 0x8CAD, 0xADD1, 0xADD1, 0x4AA5, 0x2983, 0x31A3, 0x7C2B, 0x94CE, 0x844C,
  0xA550, 0xAD91, 0x3A04, 0x31A3, 0x31A3, 0x952F, 0xD736, 0x742A, 0x31C3, 0x2963, 0x4245, 0xBE33,
  0xA591, 0x4225, 0x3A03, 0xB5F1, 0xCEB4, 0x6BA9, 0x31A2, 0x3183, 0x5AE8, 0xC674, 0x94EE, 0x39E4,
  0x4A86, 0xB632, 0xBED4, 0x952E, 0x9D0E, 0x9D90, 0xCF35, 0x4AA6, 0x2943, 0x3183, 0x6347, 0xB612,
  0x952E, 0x952E, 0xBE73, 0x7C4B, 0x5326, 0xC6B3, 0xBE52, 0xADD0, 0xC6B3, 0xADF1, 0xB5D1, 0xCF16,
  0x7C0B, 0x5284, 0xB611, 0xBE93, 0x9D4F, 0x9D0F, 0x9D4F, 0xC6D4, 0x6369, 0x41E3, 0x9D2F, 0xCF16,
  0x9D4F, 0xA54F, 0xB611, 0x8CAD, 0x3A04, 0x2963, 0x18A2, 0x10A2, 0x1082, 0x1082, 0x0861, 0x1081,
  0x1081, 0x10A2, 0x10A1, 0x1081, 0x1082, 0x1081, 0x0861, 0x0841, 0x10A2, 0x1082, 0x1082, 0x1082,
  0x1082, 0x0862, 0x0862, 0x1082, 0x1082, 0x1082, 0x1082, 0x1082, 0x1082, 0x1082, 0x1082, 0x1082,
  0x1082, 0x1082, 0x1082, 0x1082, 0x1082, 0x1082, 0x1082, 0x1082, 0x1082, 0x1082, 0x1082, 0x1082,
  0x1082, 0x1082, 0x1082, 0x1082, 0x1082, 0x1082, 0x1082, 0x1082, 0x1082, 0x1082, 0x1082, 0x1082,
  0x1082, 0x1082, 0x1082, 0x1082, 0x1082, 0x1082, 0x1082, 0x1082, 0x1082, 0x1082, 0x1082, 0x1082,
  0x1082, 0x1082, 0x1082, 0x1082, 0x1082, 0x1082, 0x1082, 0x1082, 0x1082, 0x1082, 0x1082, 0x1082,
  0x0841, 0x0841, 0x0841, 0x0841, 0x0841, 0x0841, 0x0841, 0x0841, 0x0841, 0x0841, 0x0841, 0x0841,
  0x0841, 0x0841, 0x0841, 0x0841, 0x0841, 0x0841, 0x0841, 0x0841, 0x0841, 0x0841, 0x0841, 0x0841,
  0x0841, 0x0841, 0x0841, 0x0841, 0x0841, 0x0841, 0x0841, 0x0841, 0x0841, 0x0841, 0x0841, 0x0841,
  0x0841, 0x0841, 0x0841, 0x0841, 0x0841, 0x0841, 0x0841, 0x0841, 0x0841, 0x0841, 0x0841, 0x0841,
  0x0841, 0x0841, 0x0841, 0x0841, 0x0841, 0x0841, 0x0841, 0x0841, 0x0841, 0x0841, 0x0841, 0x0841,
  0x0841, 0x0841, 0x0841, 0x0861, 0x0841, 0x1081, 0x0881, 0x10A1, 0x10C1, 0x1081, 0x0841, 0x0821,
  0x0840, 0x1081, 0x18C1, 0x10C0, 0x10A0, 0x1081, 0x0841, 0x0020, 0x0841, 0x1061, 0x18C1, 0x2941,
  0x746A, 0xD6F5, 0x5AE5, 0x39E2, 0x4A85, 0xC694, 0x5B47, 0x2161, 0x844C, 0xC673, 0x4AA5, 0x31A1,
  0x4AA5, 0xBE32, 0xA590, 0x3A03, 0x31A2, 0x6BC8, 0xCF14, 0xC6D3, 0x4AC4, 0x39C3, 0x31E2, 0x9D6F,
  0x846B, 0x3181, 0x39C2, 0x7C4A, 0xD755, 0xBE52, 0x3A23, 0x39E3, 0x4223, 0xADD1, 0x6BC9, 0x2982,
  0x31A2, 0x952E, 0xAE12, 0x4A84, 0x4224, 0x3203, 0xB631, 0x6348, 0x2942, 0x52A6, 0xCEF4, 0x8CCC,
  0x3223, 0x31E2, 0x9D2F, 0x9D2F, 0x4B06, 0xC6B4, 0x6387, 0x5B25, 0xC6F4, 0x84AB, 0x4263, 0xADD1,
  0x948D, 0x31C0, 0x952D, 0xBEB3, 0x4AC4, 0x3A23, 0x3A22, 0x9DAF, 0x73EB, 0x3181, 0x73E9, 0xD796,
  0x52E5, 0x4243, 0x4AC4, 0xB631, 0xA5B0, 0x4225, 0x2101, 0x0881, 0x0841, 0x0841, 0x0840, 0x0881,
  0x10A1, 0x10C1, 0x10C0, 0x10A1, 0x0841, 0x0861, 0x0840, 0x0861, 0x10A1, 0x10A0, 0x10A0, 0x0861,
  0x0861, 0x0841, 0x0021, 0x0841, 0x0841, 0x0841, 0x0841, 0x0841, 0x0841, 0x0841, 0x0841, 0x0841,
  0x0841, 0x0841, 0x0841, 0x0841, 0x0841, 0x0841, 0x0841, 0x0841, 0x0841, 0x0841, 0x0841, 0x0841,
  0x0841, 0x0841, 0x0841, 0x0841, 0x0841, 0x0841, 0x0841, 0x0841, 0x0841, 0x0841, 0x0841, 0x0841,
  0x0841, 0x0841, 0x0841, 0x0841, 0x0841, 0x0841, 0x0841, 0x0841, 0x0841, 0x0841, 0x0841, 0x0841,
  0x0841, 0x0841, 0x0841, 0x0841, 0x0841, 0x0841, 0x0841, 0x0841, 0x0841, 0x0841, 0x0841, 0x0841,
  0x0000, 0x0000, 0x0000, 0x0000, 0x0000, 0x0000, 0x0000, 0x0000, 0x0000, 0x0000, 0x0000, 0x0000,
  0x0000, 0x0000, 0x0000, 0x0000, 0x0000, 0x0000, 0x0000, 0x0000, 0x0000, 0x0000, 0x0000, 0x0000,
  0x0000, 0x0000, 0x0000, 0x0000, 0x0000, 0x0000, 0x0000, 0x0000, 0x0000, 0x0000, 0x0000, 0x0000,
  0x0000, 0x0000, 0x0000, 0x0000, 0x0000, 0x0000, 0x0000, 0x0000, 0x0000, 0x0000, 0x0000, 0x0000,
  0x0000, 0x0000, 0x0000, 0x0000, 0x0000, 0x0000, 0x0000, 0x0000, 0x0000, 0x0000, 0x0000, 0x0000,
  0x0000, 0x0000, 0x0000, 0x0021, 0x0841, 0x08A0, 0x2142, 0x73EB, 0x31E3, 0x10A0, 0x0841, 0x0820,
  0x0860, 0x1080, 0x2141, 0x6B8A, 0x39E4, 0x1080, 0x0861, 0x0020, 0x0000, 0x0820, 0x20C1, 0x4204,
  0xBED3, 0x848B, 0x3181, 0x2921, 0x18C1, 0x3184, 0x31A2, 0x4284, 0xC673, 0x7C4B, 0x18E0, 0x3162,
  0x2980, 0x63A8, 0xCEF4, 0x4AC5, 0x39A2, 0x6BA7, 0x9D6D, 0xAE10, 0x954E, 0x4223, 0x3201, 0x8D2D,
  0x6BA9, 0x3162, 0x3162, 0x740A, 0x956D, 0xB651, 0x8CAC, 0x41E2, 0x4223, 0x9D6F, 0x5B67, 0x3182,
  0x3182, 0x950D, 0xADF0, 0x4A63, 0x41C2, 0x3161, 0x39E4, 0x39C3, 0x3181, 0x94ED, 0xAE72, 0x31E3,
  0x2962, 0x18E1, 0x2142, 0x31C3, 0x31E3, 0x5B07, 0x39A1, 0x62E6, 0xC693, 0x7C2A, 0x31A1, 0x4285,
  0x5AA7, 0x39C2, 0x848B, 0xAE10, 0x52A4, 0x41E3, 0x2941, 0x29E3, 0x3183, 0x3182, 0x5B47, 0xC715,
  0x4AA4, 0x3983, 0x2942, 0x3A63, 0xCF35, 0x73EA, 0x1900, 0x0880, 0x0000, 0x0021, 0x0020, 0x10A1,
  0x18E0, 0x6349, 0x52A6, 0x10C0, 0x1061, 0x0000, 0x0040, 0x0881, 0x10C0, 0x5B27, 0x4AC7, 0x10C1,
  0x0860, 0x0020, 0x0020, 0x0020, 0x0000, 0x0000, 0x0000, 0x0000, 0x0000, 0x0000, 0x0000, 0x0000,
  0x0000, 0x0000, 0x0000, 0x0000, 0x0000, 0x0000, 0x0000, 0x0000, 0x0000, 0x0000, 0x0000, 0x0000,
  0x0000, 0x0000, 0x0000, 0x0000, 0x0000, 0x0000, 0x0000, 0x0000, 0x0000, 0x0000, 0x0000, 0x0000,
  0x0000, 0x0000, 0x0000, 0x0000, 0x0000, 0x0000, 0x0000, 0x0000, 0x0000, 0x0000, 0x0000, 0x0000,
  0x0000, 0x0000, 0x0000, 0x0000, 0x0000, 0x0000, 0x0000, 0x0000, 0x0000, 0x0000, 0x0000, 0x0000,
  0x1082, 0x1082, 0x1082, 0x1082, 0x1082, 0x1082, 0x1082, 0x1082, 0x1082, 0x1082, 0x1082, 0x1082,
  0x1082, 0x1082, 0x1082, 0x1082, 0x1082, 0x1082, 0x1082, 0x1082, 0x1082, 0x1082, 0x1082, 0x1082,
  0x1082, 0x1082, 0x1082, 0x1082, 0x1082, 0x1082, 0x1082, 0x1082, 0x1082, 0x1082, 0x1082, 0x1082,
  0x1082, 0x1082, 0x1082, 0x1082, 0x1082, 0x1082, 0x1082, 0x1082, 0x1082, 0x1082, 0x1082, 0x1082,
  0x1082, 0x1082, 0x1082, 0x1082, 0x1082, 0x1082, 0x1082, 0x1082, 0x1082, 0x1082, 0x1082, 0x1082,
  0x1082, 0x10A2, 0x1082, 0x18C2, 0x2102, 0x2983, 0x4AC6, 0xDF77, 0x6368, 0x3183, 0x2923, 0x20E2,
  0x2123, 0x3183, 0x5AC7, 0xCEB5, 0x840B, 0x3163, 0x2123, 0x18E3, 0x1082, 0x18C2, 0x3183, 0x73C9,
  0xDF97, 0x6BC9, 0x39A3, 0x2943, 0x2103, 0x2923, 0x3183, 0x6BE9, 0xDFD6, 0x73EA, 0x4204, 0x2922,
  0x39C3, 0x6347, 0xD736, 0x848C, 0x4203, 0x7C4B, 0xBE52, 0x84AB, 0xE796, 0x7C2A, 0x4AA4, 0xB5F1,
  0x848C, 0x39E3, 0x39A4, 0x8CCD, 0xB630, 0x950C, 0xD755, 0x6B88, 0x5AE5, 0xBE72, 0x6BC9, 0x39C3,
  0x4224, 0xA58F, 0xBED2, 0x6346, 0x4A63, 0x8CAC, 0x4A46, 0x41C3, 0x4AA4, 0xCEF4, 0xA5B0, 0x4204,
  0x3164, 0x2103, 0x2102, 0x1901, 0x2143, 0x2123, 0x39C4, 0x6B68, 0xCEF4, 0x846B, 0x39E4, 0x31A4,
  0x3163, 0x4203, 0x9D4E, 0xC6B4, 0x6367, 0x4A84, 0x846C, 0x52C7, 0x3183, 0x39A3, 0x7409, 0xDFF8,
  0x52E6, 0x41A4, 0x39A4, 0x4AA5, 0xAE51, 0xBE73, 0x3A04, 0x2123, 0x10A2, 0x10A3, 0x18E2, 0x2963,
  0x39C3, 0xC674, 0xA52F, 0x3182, 0x2943, 0x2103, 0x1903, 0x2162, 0x3A03, 0xAE11, 0x9D4F, 0x39E4,
  0x2122, 0x18E3, 0x1081, 0x10A2, 0x1082, 0x1082, 0x1082, 0x1082, 0x1082, 0x1082, 0x1082, 0x1082,
  0x1082, 0x1082, 0x1082, 0x1082, 0x1082, 0x1082, 0x1082, 0x1082, 0x1082, 0x1082, 0x1082, 0x1082,
  0x1082, 0x1082, 0x1082, 0x1082, 0x1082, 0x1082, 0x1082, 0x1082, 0x1082, 0x1082, 0x1082, 0x1082,
  0x1082, 0x1082, 0x1082, 0x1082, 0x1082, 0x1082, 0x1082, 0x1082, 0x1082, 0x1082, 0x1082, 0x1082,
  0x1082, 0x1082, 0x1082, 0x1082, 0x1082, 0x1082, 0x1082, 0x1082, 0x1082, 0x1082, 0x1082, 0x1082,
  0x0000, 0x0000, 0x0000, 0x0000, 0x0000, 0x0000, 0x0000, 0x0000, 0x0000, 0x0000, 0x0000, 0x0000,
  0x0000, 0x0000, 0x0000, 0x0000, 0x0000, 0x0000, 0x0000, 0x0000, 0x0000, 0x0000, 0x0000, 0x0000,
  0x0000, 0x0000, 0x0000, 0x0000, 0x0000, 0x0000, 0x0000, 0x0000, 0x0000, 0x0000, 0x0000, 0x0000,
  0x0000, 0x0000, 0x0000, 0x0000, 0x0000, 0x0000, 0x0000, 0x0000, 0x0000, 0x0000, 0x0000, 0x0000,
  0x0000, 0x0000, 0x0000, 0x0000, 0x0000, 0x0000, 0x0000, 0x0000, 0x0000, 0x0000, 0x0000, 0x0000,
  0x0000, 0x0000, 0x0000, 0x0840, 0x2122, 0x3A04, 0x5306, 0xB692, 0x6BC9, 0x3A03, 0x2962, 0x18E1,
  0x2162, 0x39E3, 0x5B27, 0xAE31, 0x7409, 0x3A03, 0x2142, 0x1061, 0x0000, 0x1061, 0x1900, 0x7C0A,
  0xC6B3, 0x52E6, 0x18E0, 0x1881, 0x0820, 0x1081, 0x20E1, 0x6BE9, 0xC733, 0x52E5, 0x2100, 0x18E1,
  0x18C1, 0x4A64, 0xBE52, 0x7C4A, 0x31C1, 0x6B88, 0xADD0, 0x4AC4, 0xA56D, 0xADF0, 0x42A3, 0x950D,
  0x73EA, 0x2140, 0x2101, 0x740A, 0x9D4D, 0x52A4, 0xAE50, 0xA58F, 0x4A62, 0xA58E, 0x5B28, 0x2941,
  0x3181, 0x952D, 0xB691, 0x7429, 0x8C8C, 0xBE93, 0x4264, 0x2941, 0x3A63, 0xBEB2, 0x8CAC, 0x2140,
  0x18C1, 0x0000, 0x0020, 0x0020, 0x0020, 0x1061, 0x18E2, 0x4264, 0xB672, 0x6BC9, 0x2100, 0x10A1,
  0x10C1, 0x2961, 0x846B, 0xB673, 0x848B, 0x848B, 0xBE73, 0x52C6, 0x18E0, 0x2941, 0x5B46, 0xC734,
  0x3A24, 0x18E1, 0x2922, 0x31C2, 0x958E, 0xAE11, 0x31A2, 0x10A0, 0x0861, 0x0841, 0x18E1, 0x31C3,
  0x4A84, 0x9DAF, 0x8CEC, 0x4223, 0x31A3, 0x20E2, 0x1101, 0x31E2, 0x52A4, 0x956E, 0x954D, 0x4243,
  0x31C3, 0x1081, 0x0820, 0x0000, 0x0000, 0x0000, 0x0000, 0x0000, 0x0000, 0x0000, 0x0000, 0x0000,
  0x0000, 0x0000, 0x0000, 0x0000, 0x0000, 0x0000, 0x0000, 0x0000, 0x0000, 0x0000, 0x0000, 0x0000,
  0x0000, 0x0000, 0x0000, 0x0000, 0x0000, 0x0000, 0x0000, 0x0000, 0x0000, 0x0000, 0x0000, 0x0000,
  0x0000, 0x0000, 0x0000, 0x0000, 0x0000, 0x0000, 0x0000, 0x0000, 0x0000, 0x0000, 0x0000, 0x0000,
  0x0000, 0x0000, 0x0000, 0x0000, 0x0000, 0x0000, 0x0000, 0x0000, 0x0000, 0x0000, 0x0000, 0x0000,
  0x0841, 0x0841, 0x0841, 0x0841, 0x0841, 0x0841, 0x0841, 0x0841, 0x0841, 0x0841, 0x0841, 0x0841,
  0x0841, 0x0841, 0x0841, 0x0841, 0x0841, 0x0841, 0x0841, 0x0841, 0x0841, 0x0841, 0x0841, 0x0841,
  0x0841, 0x0841, 0x0841, 0x0841, 0x0841, 0x0841, 0x0841, 0x0841, 0x0841, 0x0841, 0x0841, 0x0841,
  0x0841, 0x0841, 0x0841, 0x0841, 0x0841, 0x0841, 0x0841, 0x0841, 0x0841, 0x0841, 0x0841, 0x0841,
  0x0841, 0x0841, 0x0841, 0x0841, 0x0841, 0x0841, 0x0841, 0x0841, 0x0841, 0x0841, 0x0861, 0x0861,
  0x0861, 0x0861, 0x0861, 0x1081, 0x7C0C, 0xC673, 0xC6B2, 0xCF14, 0xC672, 0xC674, 0x8C6D, 0x2141,
  0x7C0B, 0xC694, 0xAE72, 0xBF54, 0xBEB2, 0xBE94, 0x84AE, 0x1080, 0x1081, 0x18C2, 0x2961, 0x846B,
  0xCF14, 0x6347, 0x2942, 0x18A1, 0x1061, 0x18C1, 0x3163, 0x7C2B, 0xD795, 0x5B06, 0x3162, 0x18E2,
  0x2943, 0x52E5, 0xBE92, 0x846B, 0x39E3, 0x6BA9, 0xB611, 0x4AA4, 0x6346, 0xCF34, 0x84CA, 0x950C,
  0x8C8C, 0x39A2, 0x3142, 0x846B, 0xAD8F, 0x4A43, 0x73E9, 0xD736, 0x7428, 0xA5AE, 0x6BA9, 0x39C3,
  0x39C2, 0x9D4E, 0xB691, 0x6367, 0x6B68, 0xADF1, 0x4AC6, 0x39A3, 0x52C5, 0xCF14, 0x950E, 0x2961,
  0x20E2, 0x1061, 0x1081, 0x0862, 0x10A2, 0x18A2, 0x2122, 0x52C5, 0xC6B3, 0x742A, 0x2942, 0x18E2,
  0x18E2, 0x2982, 0x8CCC, 0xBEB2, 0x6B67, 0x6B88, 0xA591, 0x52E7, 0x2942, 0x39A3, 0x63A8, 0xD795,
  0x52C5, 0x2943, 0x2922, 0x4224, 0x9DCF, 0xBE72, 0x31C3, 0x1902, 0x10A2, 0x0840, 0x52C8, 0xBE54,
  0xB632, 0xBF34, 0xC714, 0xB652, 0xA592, 0x2963, 0x52C7, 0xBE13, 0xCE73, 0xC6F3, 0xCF13, 0xBE31,
  0xB5F3, 0x2122, 0x0861, 0x0861, 0x0841, 0x0841, 0x0841, 0x0841, 0x0841, 0x0841, 0x0841, 0x0841,
  0x0841, 0x0841, 0x0841, 0x0841, 0x0841, 0x0841, 0x0841, 0x0841, 0x0841, 0x0841, 0x0841, 0x0841,
  0x0841, 0x0841, 0x0841, 0x0841, 0x0841, 0x0841, 0x0841, 0x0841, 0x0841, 0x0841, 0x0841, 0x0841,
  0x0841, 0x0841, 0x0841, 0x0841, 0x0841, 0x0841, 0x0841, 0x0841, 0x0841, 0x0841, 0x0841, 0x0841,
  0x0841, 0x0841, 0x0841, 0x0841, 0x0841, 0x0841, 0x0841, 0x0841, 0x0841, 0x0841, 0x0841, 0x0841,
  0x0861, 0x0861, 0x0861, 0x0861, 0x0861, 0x0861, 0x0861, 0x0861, 0x0861, 0x0861, 0x0861, 0x0861,
  0x0861, 0x0861, 0x0861, 0x0861, 0x0861, 0x0861, 0x0861, 0x0861, 0x0861, 0x0861, 0x0861, 0x0861,
  0x0861, 0x0861, 0x0861, 0x0861, 0x0861, 0x0861, 0x0861, 0x0861, 0x0861, 0x0861, 0x0861, 0x0861,
  0x0861, 0x0861, 0x0861, 0x0861, 0x0861, 0x0861, 0x0861, 0x0861, 0x0861, 0x0861, 0x0861, 0x0861,
  0x0861, 0x0861, 0x0861, 0x0861, 0x0861, 0x0861, 0x0861, 0x0861, 0x0861, 0x0861, 0x0861, 0x0861,
  0x0861, 0x0881, 0x1082, 0x10A2, 0x39E4, 0x5305, 0x7408, 0xCF15, 0x848B, 0x52E6, 0x4245, 0x1921,
  0x3A45, 0x52C5, 0x7409, 0xBED2, 0x8CCB, 0x5B06, 0x3A25, 0x18C1, 0x1081, 0x18C2, 0x2962, 0x7C0A,
  0xDF96, 0x6388, 0x31A3, 0x2102, 0x18C2, 0x1901, 0x31A3, 0x6BA9, 0xDFD7, 0x6388, 0x39A3, 0x2963,
  0x31A3, 0x5326, 0xD755, 0x6BA9, 0x39E3, 0x73C9, 0xB5F1, 0x4A85, 0x4A64, 0x8D0C, 0xC6D3, 0xA5EF,
  0x8C8C, 0x41C3, 0x3983, 0x7C4B, 0xADD0, 0x4A24, 0x4A64, 0xA5B0, 0xBE92, 0xAE0F, 0x73EA, 0x41E3,
  0x41C2, 0xA58F, 0xB692, 0x4AA4, 0x4204, 0x4264, 0x3203, 0x39A3, 0x52C6, 0xCF14, 0x9D6E, 0x3A03,
  0x2943, 0x2103, 0x10A1, 0x10A2, 0x18C2, 0x18E2, 0x2923, 0x5306, 0xCEF4, 0x7C4B, 0x2962, 0x2102,
  0x18E2, 0x31A3, 0x94ED, 0xBEB3, 0x6326, 0x4202, 0x4265, 0x31E3, 0x39E4, 0x39A3, 0x6BC9, 0xD7B6,
  0x5B06, 0x31A3, 0x39C4, 0x4264, 0xB671, 0x9D8F, 0x31A3, 0x18E2, 0x1082, 0x18A2, 0x29A3, 0x4AA5,
  0x6347, 0xB652, 0xA5AF, 0x5B06, 0x4AA6, 0x2963, 0x29A3, 0x52C6, 0x6326, 0xAE51, 0xA5CF, 0x6346,
  0x52A6, 0x18E1, 0x10A2, 0x1082, 0x0861, 0x0861, 0x0861, 0x0861, 0x0861, 0x0861, 0x0861, 0x0861,
  0x0861, 0x0861, 0x0861, 0x0861, 0x0861, 0x0861, 0x0861, 0x0861, 0x0861, 0x0861, 0x0861, 0x0861,
  0x0861, 0x0861, 0x0861, 0x0861, 0x0861, 0x0861, 0x0861, 0x0861, 0x0861, 0x0861, 0x0861, 0x0861,
  0x0861, 0x0861, 0x0861, 0x0861, 0x0861, 0x0861, 0x0861, 0x0861, 0x0861, 0x0861, 0x0861, 0x0861,
  0x0861, 0x0861, 0x0861, 0x0861, 0x0861, 0x0861, 0x0861, 0x0861, 0x0861, 0x0861, 0x0861, 0x0861,
  0x0000, 0x0000, 0x0000, 0x0000, 0x0000, 0x0000, 0x0000, 0x0000, 0x0000, 0x0000, 0x0000, 0x0000,
  0x0000, 0x0000, 0x0000, 0x0000, 0x0000, 0x0000, 0x0000, 0x0000, 0x0000, 0x0000, 0x0000, 0x0000,
  0x0000, 0x0000, 0x0000, 0x0000, 0x0000, 0x0000, 0x0000, 0x0000, 0x0000, 0x0000, 0x0000, 0x0000,
  0x0000, 0x0000, 0x0000, 0x0000, 0x0000, 0x0000, 0x0000, 0x0000, 0x0000, 0x0000, 0x0000, 0x0000,
  0x0000, 0x0000, 0x0000, 0x0000, 0x0000, 0x0000, 0x0000, 0x0000, 0x0000, 0x0000, 0x0000, 0x0000,
  0x0000, 0x0000, 0x0000, 0x0020, 0x1081, 0x18E1, 0x3A03, 0xBEB3, 0x52C5, 0x18C0, 0x18A1, 0x0860,
  0x0880, 0x20C0, 0x4224, 0xB652, 0x6347, 0x20E0, 0x0880, 0x0020, 0x0000, 0x0800, 0x18C1, 0x4223,
  0xC6D3, 0x6BC9, 0x2100, 0x2962, 0x18E0, 0x5B28, 0x4A45, 0x4263, 0xB691, 0x848B, 0x2920, 0x31A3,
  0x10E0, 0x6BE8, 0xB631, 0x39E3, 0x2941, 0x5B27, 0xA56F, 0x31A2, 0x3162, 0x4224, 0xA58F, 0xBED3,
  0x6BC8, 0x3161, 0x2901, 0x63C9, 0x84ED, 0x3161, 0x3182, 0x4AA5, 0xAE10, 0xBE72, 0x5B27, 0x2941,
  0x3161, 0x8CCC, 0xA5EF, 0x4223, 0x3962, 0x1900, 0x5307, 0x6B29, 0x2940, 0x956E, 0xA5D0, 0x31A2,
  0x2122, 0x18C0, 0x3A24, 0x52C7, 0x0860, 0x1061, 0x18C1, 0x4264, 0xB652, 0x63A9, 0x18C0, 0x1061,
  0x0861, 0x2101, 0x7C2A, 0xA611, 0x4A23, 0x3961, 0x2120, 0x4AA6, 0x6328, 0x2941, 0x6367, 0xC713,
  0x4263, 0x2941, 0x2121, 0x4A84, 0xC734, 0x5307, 0x18C1, 0x0860, 0x0000, 0x0000, 0x0040, 0x1900,
  0x3161, 0xA590, 0x8CAC, 0x20C0, 0x18A0, 0x0840, 0x0880, 0x18E1, 0x2941, 0x956E, 0x8CCD, 0x2120,
  0x10A0, 0x0840, 0x0000, 0x0000, 0x0000, 0x0000, 0x0000, 0x0000, 0x0000, 0x0000, 0x0000, 0x0000,
  0x0000, 0x0000, 0x0000, 0x0000, 0x0000, 0x0000, 0x0000, 0x0000, 0x0000, 0x0000, 0x0000, 0x0000,
  0x0000, 0x0000, 0x0000, 0x0000, 0x0000, 0x0000, 0x0000, 0x0000, 0x0000, 0x0000, 0x0000, 0x0000,
  0x0000, 0x0000, 0x0000, 0x0000, 0x0000, 0x0000, 0x0000, 0x0000, 0x0000, 0x0000, 0x0000, 0x0000,
  0x0000, 0x0000, 0x0000, 0x0000, 0x0000, 0x0000, 0x0000, 0x0000, 0x0000, 0x0000, 0x0000, 0x0000,
  0x1082, 0x1082, 0x1082, 0x1082, 0x1082, 0x1082, 0x1082, 0x1082, 0x1082, 0x1082, 0x1082, 0x1082,
  0x1082, 0x1082, 0x1082, 0x1082, 0x1082, 0x1082, 0x1082, 0x1082, 0x1082, 0x1082, 0x1082, 0x1082,
  0x1082, 0x1082, 0x1082, 0x1082, 0x1082, 0x1082, 0x1082, 0x1082, 0x1082, 0x1082, 0x1082, 0x1082,
  0x1082, 0x1082, 0x1082, 0x1082, 0x1082, 0x1082, 0x1082, 0x1082, 0x1082, 0x1082, 0x1082, 0x1082,
  0x1082, 0x1082, 0x1082, 0x1082, 0x1082, 0x1082, 0x1082, 0x1082, 0x1082, 0x1082, 0x1082, 0x1082,
  0x1082, 0x1082, 0x1082, 0x1081, 0x18A3, 0x18C3, 0x31C5, 0x9D6F, 0x4AA7, 0x2102, 0x18C2, 0x10A2,
  0x18C2, 0x2123, 0x31E4, 0x9530, 0x52C7, 0x2122, 0x18E2, 0x1082, 0x1082, 0x1082, 0x2123, 0x2982,
  0x8D0D, 0xC694, 0x5B47, 0x3A43, 0x5B47, 0xCEF5, 0x73A9, 0x4222, 0x954E, 0xDF56, 0x73C9, 0x4224,
  0x5B27, 0xCED4, 0x7C2B, 0x31A3, 0x31A3, 0x73A9, 0xCE94, 0x39E3, 0x39A3, 0x39A4, 0x6BA9, 0xE7D8,
  0x7C6B, 0x39E3, 0x2962, 0x8CCD, 0xB632, 0x2982, 0x39C4, 0x31A2, 0x8CCC, 0xE7B7, 0x6B89, 0x31C3,
  0x3A03, 0xA5B0, 0xCF14, 0x6347, 0x6B28, 0x5B27, 0xC6B4, 0x83EC, 0x39C2, 0x5B67, 0xCF15, 0x846C,
  0x4265, 0x3A43, 0xADD0, 0xADB1, 0x1901, 0x2924, 0x2122, 0x6347, 0xD756, 0x848C, 0x2942, 0x2123,
  0x2103, 0x31A3, 0x950E, 0xCF15, 0x73A9, 0x6307, 0x5B07, 0xBE53, 0x94CE, 0x31A2, 0x7C2A, 0xDFB7,
  0x7C2A, 0x5B06, 0x6B88, 0xC674, 0x9D6F, 0x31E3, 0x2123, 0x10A1, 0x1082, 0x1083, 0x10A2, 0x2123,
  0x2942, 0x84AE, 0x740B, 0x2101, 0x2102, 0x18A2, 0x10A2, 0x18E2, 0x3163, 0x7C6C, 0x73EB, 0x2102,
  0x2103, 0x1061, 0x1083, 0x1082, 0x1082, 0x1082, 0x1082, 0x1082, 0x1082, 0x1082, 0x1082, 0x1082,
  0x1082, 0x1082, 0x1082, 0x1082, 0x1082, 0x1082, 0x1082, 0x1082, 0x1082, 0x1082, 0x1082, 0x1082,
  0x1082, 0x1082, 0x1082, 0x1082, 0x1082, 0x1082, 0x1082, 0x1082, 0x1082, 0x1082, 0x1082, 0x1082,
  0x1082, 0x1082, 0x1082, 0x1082, 0x1082, 0x1082, 0x1082, 0x1082, 0x1082, 0x1082, 0x1082, 0x1082,
  0x1082, 0x1082, 0x1082, 0x1082, 0x1082, 0x1082, 0x1082, 0x1082, 0x1082, 0x1082, 0x1082, 0x1082,
  0x0020, 0x0020, 0x0020, 0x0020, 0x0020, 0x0020, 0x0020, 0x0020, 0x0020, 0x0020, 0x0020, 0x0020,
  0x0020, 0x0020, 0x0020, 0x0020, 0x0020, 0x0020, 0x0020, 0x0020, 0x0020, 0x0020, 0x0020, 0x0020,
  0x0020, 0x0020, 0x0020, 0x0020, 0x0020, 0x0020, 0x0020, 0x0020, 0x0020, 0x0020, 0x0020, 0x0020,
  0x0020, 0x0020, 0x0020, 0x0020, 0x0020, 0x0020, 0x0020, 0x0020, 0x0020, 0x0020, 0x0020, 0x0020,
  0x0020, 0x0020, 0x0020, 0x0020, 0x0020, 0x0020, 0x0020, 0x0020, 0x0020, 0x0020, 0x0020, 0x0020,
  0x0020, 0x0020, 0x0020, 0x0020, 0x0841, 0x0861, 0x10A1, 0x0880, 0x1081, 0x0861, 0x0040, 0x0020,
  0x0840, 0x0860, 0x10A1, 0x1060, 0x10A1, 0x1080, 0x0840, 0x0021, 0x0840, 0x0020, 0x0860, 0x10E1,
  0x2182, 0x7C6C, 0x9D6F, 0x84AC, 0x952E, 0x952E, 0x4244, 0x2921, 0x39E4, 0x73EA, 0x952E, 0x8CAC,
  0x94EE, 0x6328, 0x2141, 0x1901, 0x2101, 0x73EB, 0x9D0F, 0x4A86, 0x10A0, 0x2102, 0x2962, 0x844C,
  0x52C7, 0x18E1, 0x2983, 0x842C, 0x94CE, 0x31E3, 0x18E2, 0x2102, 0x31C3, 0x846D, 0x4A85, 0x18E0,
  0x31E3, 0x8CCD, 0x952F, 0x84AC, 0x7C8B, 0x7C8B, 0xA570, 0x3A04, 0x2141, 0x2141, 0x5B27, 0xA5B0,
  0x84CC, 0x950E, 0xA591, 0x63AA, 0x10A0, 0x10A1, 0x1901, 0x6B89, 0x9D6F, 0x844C, 0x31A4, 0x1060,
  0x1080, 0x31A3, 0x848C, 0x952E, 0x84AC, 0x848C, 0x84AC, 0x954F, 0x52C6, 0x29A2, 0x7C0B, 0xA54F,
  0x8CAC, 0x846B, 0x7C4B, 0x73CA, 0x2121, 0x2102, 0x1081, 0x0841, 0x0020, 0x0020, 0x0021, 0x0861,
  0x10A1, 0x1060, 0x1081, 0x10A1, 0x0840, 0x0020, 0x0040, 0x0860, 0x10A1, 0x10A0, 0x0880, 0x08A1,
  0x0860, 0x0020, 0x0020, 0x0021, 0x0020, 0x0020, 0x0020, 0x0020, 0x0020, 0x0020, 0x0020, 0x0020,
  0x0020, 0x0020, 0x0020, 0x0020, 0x0020, 0x0020, 0x0020, 0x0020, 0x0020, 0x0020, 0x0020, 0x0020,
  0x0020, 0x0020, 0x0020, 0x0020, 0x0020, 0x0020, 0x0020, 0x0020, 0x0020, 0x0020, 0x0020, 0x0020,
  0x0020, 0x0020, 0x0020, 0x0020, 0x0020, 0x0020, 0x0020, 0x0020, 0x0020, 0x0020, 0x0020, 0x0020,
  0x0020, 0x0020, 0x0020, 0x0020, 0x0020, 0x0020, 0x0020, 0x0020, 0x0020, 0x0020, 0x0020, 0x0020,
  0x0020, 0x0020, 0x0020, 0x0020, 0x0020, 0x0020, 0x0020, 0x0020, 0x0020, 0x0020, 0x0020, 0x0020,
  0x0020, 0x0020, 0x0020, 0x0020, 0x0020, 0x0020, 0x0020, 0x0020, 0x0020, 0x0020, 0x0020, 0x0020,
  0x0020, 0x0020, 0x0020, 0x0020, 0x0020, 0x0020, 0x0020, 0x0020, 0x0020, 0x0020, 0x0020, 0x0020,
  0x0020, 0x0020, 0x0020, 0x0020, 0x0020, 0x0020, 0x0020, 0x0020, 0x0020, 0x0020, 0x0020, 0x0020,
  0x0020, 0x0020, 0x0020, 0x0020, 0x0020, 0x0020, 0x0020, 0x0020, 0x0020, 0x0020, 0x0020, 0x0020,
  0x0020, 0x0020, 0x0020, 0x0021, 0x0020, 0x0040, 0x0840, 0x0880, 0x0860, 0x0840, 0x0020, 0x0020,
  0x0020, 0x0020, 0x0840, 0x0861, 0x0841, 0x0840, 0x0020, 0x0020, 0x0020, 0x0020, 0x0040, 0x0881,
  0x18C1, 0x1901, 0x2982, 0x39E4, 0x2983, 0x1921, 0x18E1, 0x18C1, 0x18A1, 0x10C0, 0x2162, 0x31A3,
  0x2122, 0x18C1, 0x10A1, 0x10A1, 0x10A1, 0x2101, 0x1901, 0x18E1, 0x1081, 0x10A1, 0x1080, 0x18E0,
  0x10C0, 0x18C2, 0x18C1, 0x2122, 0x1901, 0x2122, 0x0861, 0x10A1, 0x1080, 0x18E1, 0x18E0, 0x10A1,
  0x18E2, 0x2962, 0x2121, 0x31A3, 0x2962, 0x2962, 0x1901, 0x18C1, 0x18C2, 0x10C1, 0x1900, 0x2121,
  0x39E4, 0x31A3, 0x2101, 0x18E2, 0x10A1, 0x0860, 0x10C1, 0x2122, 0x1901, 0x2142, 0x18C1, 0x0820,
  0x1081, 0x18C1, 0x2142, 0x2962, 0x2962, 0x2962, 0x2141, 0x1901, 0x18E1, 0x1901, 0x2963, 0x2142,
  0x2142, 0x2982, 0x1901, 0x18C0, 0x10A1, 0x1061, 0x0821, 0x0020, 0x0020, 0x0020, 0x0020, 0x0840,
  0x0840, 0x0861, 0x0861, 0x0820, 0x0020, 0x0821, 0x0021, 0x0020, 0x0840, 0x0860, 0x0860, 0x0040,
  0x0040, 0x0020, 0x0020, 0x0020, 0x0020, 0x0020, 0x0020, 0x0020, 0x0020, 0x0020, 0x0020, 0x0020,
  0x0020, 0x0020, 0x0020, 0x0020, 0x0020, 0x0020, 0x0020, 0x0020, 0x0020, 0x0020, 0x0020, 0x0020,
  0x0020, 0x0020, 0x0020, 0x0020, 0x0020, 0x0020, 0x0020, 0x0020, 0x0020, 0x0020, 0x0020, 0x0020,
  0x0020, 0x0020, 0x0020, 0x0020, 0x0020, 0x0020, 0x0020, 0x0020, 0x0020, 0x0020, 0x0020, 0x0020,
  0x0020, 0x0020, 0x0020, 0x0020, 0x0020, 0x0020, 0x0020, 0x0020, 0x0020, 0x0020, 0x0020, 0x0020,
  0x1082, 0x1082, 0x1082, 0x1082, 0x1082, 0x1082, 0x1082, 0x1082, 0x1082, 0x1082, 0x1082, 0x1082,
  0x1082, 0x1082, 0x1082, 0x1082, 0x1082, 0x1082, 0x1082, 0x1082, 0x1082, 0x1082, 0x1082, 0x1082,
  0x1082, 0x1082, 0x1082, 0x1082, 0x1082, 0x1082, 0x1082, 0x1082, 0x1082, 0x1082, 0x1082, 0x1082,
  0x1082, 0x1082, 0x1082, 0x1082, 0x1082, 0x1082, 0x1082, 0x1082, 0x1082, 0x1082, 0x1082, 0x1082,
  0x1082, 0x1082, 0x1082, 0x1082, 0x1082, 0x1082, 0x1082, 0x1082, 0x1082, 0x1082, 0x1082, 0x1082,
  0x1082, 0x1082, 0x1082, 0x1082, 0x1082, 0x1082, 0x1082, 0x10A1, 0x1082, 0x1082, 0x10A2, 0x10A2,
  0x10A2, 0x1082, 0x1082, 0x1082, 0x1082, 0x1082, 0x1082, 0x1082, 0x10A2, 0x10A2, 0x1081, 0x10A2,
  0x18A3, 0x20E3, 0x2102, 0x20E2, 0x20E3, 0x18C2, 0x18E3, 0x10A2, 0x18A2, 0x2103, 0x2103, 0x18C2,
  0x18E3, 0x18C3, 0x1082, 0x10A2, 0x10A2, 0x18C2, 0x2102, 0x10A1, 0x1081, 0x1082, 0x18C2, 0x18E2,
  0x18C2, 0x10A2, 0x10A1, 0x18C2, 0x18E2, 0x1081, 0x10A2, 0x1082, 0x18C3, 0x18C2, 0x18C2, 0x10A2,
  0x18A2, 0x20E2, 0x2103, 0x20E3, 0x2923, 0x20E2, 0x18E3, 0x18E3, 0x1081, 0x18C3, 0x18E2, 0x2103,
  0x20C2, 0x2102, 0x2944, 0x20C3, 0x10A2, 0x18C2, 0x10A2, 0x18A2, 0x2103, 0x18A2, 0x18C2, 0x18A2,
  0x1061, 0x18A2, 0x2103, 0x2103, 0x2103, 0x18C2, 0x2103, 0x20E3, 0x18E3, 0x18E3, 0x18C2, 0x18E2,
  0x2103, 0x18E2, 0x2103, 0x18C2, 0x18C3, 0x1082, 0x1082, 0x1082, 0x10A2, 0x10A2, 0x1082, 0x1082,
  0x1082, 0x1082, 0x1082, 0x1082, 0x1082, 0x1082, 0x1082, 0x1082, 0x1082, 0x1082, 0x10A2, 0x10A2,
  0x10A2, 0x10A2, 0x1082, 0x1082, 0x1082, 0x1082, 0x1082, 0x1082, 0x1082, 0x1082, 0x1082, 0x1082,
  0x1082, 0x1082, 0x1082, 0x1082, 0x1082, 0x1082, 0x1082, 0x1082, 0x1082, 0x1082, 0x1082, 0x1082,
  0x1082, 0x1082, 0x1082, 0x1082, 0x1082, 0x1082, 0x1082, 0x1082, 0x1082, 0x1082, 0x1082, 0x1082,
  0x1082, 0x1082, 0x1082, 0x1082, 0x1082, 0x1082, 0x1082, 0x1082, 0x1082, 0x1082, 0x1082, 0x1082,
  0x1082, 0x1082, 0x1082, 0x1082, 0x1082, 0x1082, 0x1082, 0x1082, 0x1082, 0x1082, 0x1082, 0x1082,
  0x0000, 0x0000, 0x0000, 0x0000, 0x0000, 0x0000, 0x0000, 0x0000, 0x0000, 0x0000, 0x0000, 0x0000,
  0x0000, 0x0000, 0x0000, 0x0000, 0x0000, 0x0000, 0x0000, 0x0000, 0x0000, 0x0000, 0x0000, 0x0000,
  0x0000, 0x0000, 0x0000, 0x0000, 0x0000, 0x0000, 0x0000, 0x0000, 0x0000, 0x0000, 0x0000, 0x0000,
  0x0000, 0x0000, 0x0000, 0x0000, 0x0000, 0x0000, 0x0000, 0x0000, 0x0000, 0x0000, 0x0000, 0x0000,
  0x0000, 0x0000, 0x0000, 0x0000, 0x0000, 0x0000, 0x0000, 0x0000, 0x0000, 0x0000, 0x0000, 0x0000,
  0x0000, 0x0000, 0x0000, 0x0000, 0x0000, 0x0000, 0x0000, 0x0000, 0x0000, 0x0000, 0x0000, 0x0000,
  0x0000, 0x0000, 0x0000, 0x0000, 0x0000, 0x0000, 0x0000, 0x0000, 0x0000, 0x0000, 0x0000, 0x0000,
  0x0000, 0x0000, 0x0020, 0x0000, 0x0841, 0x0000, 0x0000, 0x0000, 0x0020, 0x0000, 0x0000, 0x0020,
  0x0000, 0x0020, 0x0020, 0x0000, 0x0020, 0x0020, 0x0000, 0x0020, 0x0020, 0x0000, 0x0000, 0x0000,
  0x0000, 0x0000, 0x0000, 0x0020, 0x0000, 0x0020, 0x0000, 0x0000, 0x0000, 0x0000, 0x0020, 0x0000,
  0x0000, 0x0000, 0x0000, 0x0000, 0x0000, 0x0000, 0x0020, 0x0020, 0x0000, 0x0020, 0x0000, 0x0021,
  0x0020, 0x0000, 0x0020, 0x0000, 0x0020, 0x0000, 0x0000, 0x0000, 0x0000, 0x0020, 0x0000, 0x0000,
  0x0000, 0x0020, 0x0000, 0x0000, 0x0000, 0x0000, 0x0000, 0x0000, 0x0000, 0x0020, 0x0000, 0x0000,
  0x0020, 0x0000, 0x0000, 0x0000, 0x0020, 0x0000, 0x0000, 0x0000, 0x0000, 0x0000, 0x0000, 0x0000,
  0x0000, 0x0000, 0x0000, 0x0000, 0x0000, 0x0000, 0x0000, 0x0000, 0x0000, 0x0000, 0x0000, 0x0000,
  0x0000, 0x0000, 0x0000, 0x0000, 0x0000, 0x0000, 0x0000, 0x0000, 0x0000, 0x0000, 0x0000, 0x0000,
  0x0000, 0x0000, 0x0000, 0x0000, 0x0000, 0x0000, 0x0000, 0x0000, 0x0000, 0x0000, 0x0000, 0x0000,
  0x0000, 0x0000, 0x0000, 0x0000, 0x0000, 0x0000, 0x0000, 0x0000, 0x0000, 0x0000, 0x0000, 0x0000,
  0x0000, 0x0000, 0x0000, 0x0000, 0x0000, 0x0000, 0x0000, 0x0000, 0x0000, 0x0000, 0x0000, 0x0000,
  0x0000, 0x0000, 0x0000, 0x0000, 0x0000, 0x0000, 0x0000, 0x0000, 0x0000, 0x0000, 0x0000, 0x0000,
  0x0861, 0x0861, 0x0861, 0x0861, 0x0861, 0x0861, 0x0861, 0x0861, 0x0861, 0x0861, 0x0861, 0x0861,
  0x0861, 0x0861, 0x0861, 0x0861, 0x0861, 0x0861, 0x0861, 0x0861, 0x0861, 0x0861, 0x0861, 0x0861,
  0x0861, 0x0861, 0x0861, 0x0861, 0x0861, 0x0861, 0x0861, 0x0861, 0x0861, 0x0861, 0x0861, 0x0861,
  0x0861, 0x0861, 0x0861, 0x0861, 0x0861, 0x0861, 0x0861, 0x0861, 0x0861, 0x0861, 0x0861, 0x0861,
  0x0861, 0x0861, 0x0861, 0x0861, 0x0861, 0x0861, 0x0861, 0x0861, 0x0861, 0x0861, 0x0861, 0x0861,
  0x0861, 0x0861, 0x0861, 0x0861, 0x0861, 0x0861, 0x0861, 0x0862, 0x0862, 0x0861, 0x0861, 0x0861,
  0x0861, 0x0881, 0x0861, 0x0861, 0x0861, 0x0861, 0x0861, 0x0861, 0x0861, 0x0861, 0x0861, 0x0841,
  0x0882, 0x0861, 0x0881, 0x0861, 0x0882, 0x1062, 0x0881, 0x0881, 0x0881, 0x1061, 0x1081, 0x0861,
  0x0861, 0x1082, 0x1081, 0x0881, 0x0841, 0x1062, 0x1082, 0x0861, 0x0861, 0x0861, 0x1062, 0x0841,
  0x0862, 0x0861, 0x1082, 0x1062, 0x0841, 0x0861, 0x0861, 0x1081, 0x0861, 0x1082, 0x0861, 0x0861,
  0x1081, 0x0861, 0x0882, 0x0861, 0x0882, 0x0861, 0x0861, 0x0861, 0x0881, 0x0861, 0x1081, 0x0862,
  0x0861, 0x0861, 0x0881, 0x0882, 0x0841, 0x1061, 0x1062, 0x1061, 0x1061, 0x1082, 0x0861, 0x1081,
  0x0861, 0x0861, 0x0862, 0x0861, 0x0861, 0x0861, 0x0861, 0x0881, 0x0861, 0x0881, 0x1082, 0x0861,
  0x0861, 0x0861, 0x0861, 0x1082, 0x0861, 0x0881, 0x0881, 0x0861, 0x0861, 0x0861, 0x0861, 0x0861,
  0x0861, 0x0881, 0x0861, 0x0861, 0x0861, 0x0861, 0x0861, 0x0881, 0x0881, 0x0861, 0x0861, 0x0861,
  0x0861, 0x0861, 0x0861, 0x0861, 0x0861, 0x0861, 0x0861, 0x0861, 0x0861, 0x0861, 0x0861, 0x0861,
  0x0861, 0x0861, 0x0861, 0x0861, 0x0861, 0x0861, 0x0861, 0x0861, 0x0861, 0x0861, 0x0861, 0x0861,
  0x0861, 0x0861, 0x0861, 0x0861, 0x0861, 0x0861, 0x0861, 0x0861, 0x0861, 0x0861, 0x0861, 0x0861,
  0x0861, 0x0861, 0x0861, 0x0861, 0x0861, 0x0861, 0x0861, 0x0861, 0x0861, 0x0861, 0x0861, 0x0861,
  0x0861, 0x0861, 0x0861, 0x0861, 0x0861, 0x0861, 0x0861, 0x0861, 0x0861, 0x0861, 0x0861, 0x0861,
  0x0841, 0x0841, 0x0841, 0x0841, 0x0841, 0x0841, 0x0841, 0x0841, 0x0841, 0x0841, 0x0841, 0x0841,
  0x0841, 0x0841, 0x0841, 0x0841, 0x0841, 0x0841, 0x0841, 0x0841, 0x0841, 0x0841, 0x0841, 0x0841,
  0x0841, 0x0841, 0x0841, 0x0841, 0x0841, 0x0841, 0x0841, 0x0841, 0x0841, 0x0841, 0x0841, 0x0841,
  0x0841, 0x0841, 0x0841, 0x0841, 0x0841, 0x0841, 0x0841, 0x0841, 0x0841, 0x0841, 0x0841, 0x0841,
  0x0841, 0x0841, 0x0841, 0x0841, 0x0841, 0x0841, 0x0841, 0x0841, 0x0841, 0x0841, 0x0841, 0x0841,
  0x0841, 0x0841, 0x0841, 0x0841, 0x0841, 0x0841, 0x0841, 0x0841, 0x0841, 0x0861, 0x0841, 0x0841,
  0x0841, 0x0841, 0x0861, 0x0841, 0x0841, 0x0841, 0x0841, 0x0841, 0x0841, 0x0841, 0x0841, 0x0841,
  0x0841, 0x0861, 0x0841, 0x0841, 0x0861, 0x0861, 0x0861, 0x0841, 0x0841, 0x0841, 0x0841, 0x0861,
  0x0861, 0x0861, 0x0861, 0x0841, 0x0861, 0x0861, 0x0841, 0x0861, 0x0841, 0x0841, 0x0861, 0x0841,
  0x0861, 0x0841, 0x0861, 0x0861, 0x0841, 0x0861, 0x0841, 0x0861, 0x0841, 0x0861, 0x0841, 0x0841,
  0x0861, 0x0841, 0x0841, 0x0841, 0x0861, 0x0841, 0x0841, 0x0841, 0x0841, 0x0841, 0x0861, 0x0861,
  0x0861, 0x0841, 0x0841, 0x0861, 0x0841, 0x0841, 0x0861, 0x0841, 0x0841, 0x0841, 0x0841, 0x0861,
  0x0841, 0x0841, 0x0861, 0x0861, 0x0861, 0x0861, 0x0841, 0x0841, 0x0841, 0x0861, 0x0861, 0x0841,
  0x0861, 0x0861, 0x0841, 0x0861, 0x0861, 0x0841, 0x0841, 0x0861, 0x0841, 0x0841, 0x0841, 0x0861,
  0x0861, 0x0861, 0x0841, 0x0861, 0x0841, 0x0861, 0x0841, 0x0841, 0x0841, 0x0841, 0x0841, 0x0841,
  0x0841, 0x0841, 0x0841, 0x0861, 0x0841, 0x0841, 0x0841, 0x0841, 0x0841, 0x0841, 0x0841, 0x0841,
  0x0841, 0x0841, 0x0841, 0x0841, 0x0841, 0x0841, 0x0841, 0x0841, 0x0841, 0x0841, 0x0841, 0x0841,
  0x0841, 0x0841, 0x0841, 0x0841, 0x0841, 0x0841, 0x0841, 0x0841, 0x0841, 0x0841, 0x0841, 0x0841,
  0x0841, 0x0841, 0x0841, 0x0841, 0x0841, 0x0841, 0x0841, 0x0841, 0x0841, 0x0841, 0x0841, 0x0841,
  0x0841, 0x0841, 0x0841, 0x0841, 0x0841, 0x0841, 0x0841, 0x0841, 0x0841, 0x0841, 0x0841, 0x0841,
  0x0000, 0x0000, 0x0000, 0x0000, 0x0000, 0x0000, 0x0000, 0x0000, 0x0000, 0x0000, 0x0000, 0x0000,
  0x0000, 0x0000, 0x0000, 0x0000, 0x0000, 0x0000, 0x0000, 0x0000, 0x0000, 0x0000, 0x0000, 0x0000,
  0x0000, 0x0000, 0x0000, 0x0000, 0x0000, 0x0000, 0x0000, 0x0000, 0x0000, 0x0000, 0x0000, 0x0000,
  0x0000, 0x0000, 0x0000, 0x0000, 0x0000, 0x0000, 0x0000, 0x0000, 0x0000, 0x0000, 0x0000, 0x0000,
  0x0000, 0x0000, 0x0000, 0x0000, 0x0000, 0x0000, 0x0000, 0x0000, 0x0000, 0x0000, 0x0000, 0x0000,
  0x0000, 0x0000, 0x0000, 0x0000, 0x0000, 0x0000, 0x0000, 0x0000, 0x0000, 0x0000, 0x0000, 0x0000,
  0x0000, 0x0000, 0x0000, 0x0000, 0x0000, 0x0000, 0x0000, 0x0000, 0x0000, 0x0000, 0x0000, 0x0000,
  0x0000, 0x0000, 0x0000, 0x0000, 0x0000, 0x0000, 0x0000, 0x0000, 0x0000, 0x0000, 0x0000, 0x0000,
  0x0000, 0x0000, 0x0000, 0x0000, 0x0000, 0x0000, 0x0000, 0x0000, 0x0000, 0x0000, 0x0000, 0x0000,
  0x0000, 0x0000, 0x0000, 0x0000, 0x0000, 0x0000, 0x0000, 0x0000, 0x0000, 0x0000, 0x0000, 0x0000,
  0x0000, 0x0000, 0x0000, 0x0000, 0x0000, 0x0000, 0x0000, 0x0000, 0x0000, 0x0000, 0x0000, 0x0000,
  0x0000, 0x0000, 0x0000, 0x0000, 0x0000, 0x0000, 0x0000, 0x0000, 0x0000, 0x0000, 0x0000, 0x0000,
  0x0000, 0x0000, 0x0000, 0x0000, 0x0000, 0x0000, 0x0000, 0x0000, 0x0000, 0x0000, 0x0000, 0x0000,
  0x0000, 0x0000, 0x0000, 0x0000, 0x0000, 0x0000, 0x0000, 0x0000, 0x0000, 0x0000, 0x0000, 0x0000,
  0x0000, 0x0000, 0x0000, 0x0000, 0x0000, 0x0000, 0x0000, 0x0000, 0x0000, 0x0000, 0x0000, 0x0000,
  0x0000, 0x0000, 0x0000, 0x0000, 0x0000, 0x0000, 0x0000, 0x0000, 0x0000, 0x0000, 0x0000, 0x0000,
  0x0000, 0x0000, 0x0000, 0x0000, 0x0000, 0x0000, 0x0000, 0x0000, 0x0000, 0x0000, 0x0000, 0x0000,
  0x0000, 0x0000, 0x0000, 0x0000, 0x0000, 0x0000, 0x0000, 0x0000, 0x0000, 0x0000, 0x0000, 0x0000,
  0x0000, 0x0000, 0x0000, 0x0000, 0x0000, 0x0000, 0x0000, 0x0000, 0x0000, 0x0000, 0x0000, 0x0000,
  0x0000, 0x0000, 0x0000, 0x0000, 0x0000, 0x0000, 0x0000, 0x0000, 0x0000, 0x0000, 0x0000, 0x0000,
  0x1082, 0x1082, 0x1082, 0x1082, 0x1082, 0x1082, 0x1082, 0x1082, 0x1082, 0x1082, 0x1082, 0x1082,
  0x1082, 0x1082, 0x1082, 0x1082, 0x1082, 0x1082, 0x1082, 0x1082, 0x1082, 0x1082, 0x1082, 0x1082,
  0x1082, 0x1082, 0x1082, 0x1082, 0x1082, 0x1082, 0x1082, 0x1082, 0x1082, 0x1082, 0x1082, 0x1082,
  0x1082, 0x1082, 0x1082, 0x1082, 0x1082, 0x1082, 0x1082, 0x1082, 0x1082, 0x1082, 0x1082, 0x1082,
  0x1082, 0x1082, 0x1082, 0x1082, 0x1082, 0x1082, 0x1082, 0x1082, 0x1082, 0x1082, 0x1082, 0x1082,
  0x1082, 0x1082, 0x1082, 0x1082, 0x1082, 0x1082, 0x1082, 0x1082, 0x1082, 0x1082, 0x1082, 0x1082,
  0x1082, 0x1082, 0x1082, 0x1082, 0x1082, 0x1082, 0x1082, 0x1082, 0x1082, 0x1082, 0x1082, 0x1082,
  0x1082, 0x1082, 0x1082, 0x1082, 0x1082, 0x1082, 0x1082, 0x1082, 0x1082, 0x1082, 0x1082, 0x1082,
  0x1082, 0x1082, 0x1082, 0x1082, 0x1082, 0x1082, 0x1082, 0x1082, 0x1082, 0x1082, 0x1082, 0x1082,
  0x1082, 0x1082, 0x1082, 0x1082, 0x1082, 0x1082, 0x1082, 0x1082, 0x1082, 0x1082, 0x1082, 0x1082,
  0x1082, 0x1082, 0x1082, 0x1082, 0x1082, 0x1082, 0x1082, 0x1082, 0x1082, 0x1082, 0x1082, 0x1082,
  0x1082, 0x1082, 0x1082, 0x1082, 0x1082, 0x1082, 0x1082, 0x1082, 0x1082, 0x1082, 0x1082, 0x1082,
  0x1082, 0x1082, 0x1082, 0x1082, 0x1082, 0x1082, 0x1082, 0x1082, 0x1082, 0x1082, 0x1082, 0x1082,
  0x1082, 0x1082, 0x1082, 0x1082, 0x1082, 0x1082, 0x1082, 0x1082, 0x1082, 0x1082, 0x1082, 0x1082,
  0x1082, 0x1082, 0x1082, 0x1082, 0x1082, 0x1082, 0x1082, 0x1082, 0x1082, 0x1082, 0x1082, 0x1082,
  0x1082, 0x1082, 0x1082, 0x1082, 0x1082, 0x1082, 0x1082, 0x1082, 0x1082, 0x1082, 0x1082, 0x1082,
  0x1082, 0x1082, 0x1082, 0x1082, 0x1082, 0x1082, 0x1082, 0x1082, 0x1082, 0x1082, 0x1082, 0x1082,
  0x1082, 0x1082, 0x1082, 0x1082, 0x1082, 0x1082, 0x1082, 0x1082, 0x1082, 0x1082, 0x1082, 0x1082,
  0x1082, 0x1082, 0x1082, 0x1082, 0x1082, 0x1082, 0x1082, 0x1082, 0x1082, 0x1082, 0x1082, 0x1082,
  0x1082, 0x1082, 0x1082, 0x1082, 0x1082, 0x1082, 0x1082, 0x1082, 0x1082, 0x1082, 0x1082, 0x1082,
  0x0000, 0x0000, 0x0000, 0x0000, 0x0000, 0x0000, 0x0000, 0x0000, 0x0000, 0x0000, 0x0000, 0x0000,
  0x0000, 0x0000, 0x0000, 0x0000, 0x0000, 0x0000, 0x0000, 0x0000, 0x0000, 0x0000, 0x0000, 0x0000,
  0x0000, 0x0000, 0x0000, 0x0000, 0x0000, 0x0000, 0x0000, 0x0000, 0x0000, 0x0000, 0x0000, 0x0000,
  0x0000, 0x0000, 0x0000, 0x0000, 0x0000, 0x0000, 0x0000, 0x0000, 0x0000, 0x0000, 0x0000, 0x0000,
  0x0000, 0x0000, 0x0000, 0x0000, 0x0000, 0x0000, 0x0000, 0x0000, 0x0000, 0x0000, 0x0000, 0x0000,
  0x0000, 0x0000, 0x0000, 0x0000, 0x0000, 0x0000, 0x0000, 0x0000, 0x0000, 0x0000, 0x0000, 0x0000,
  0x0000, 0x0000, 0x0000, 0x0000, 0x0000, 0x0000, 0x0000, 0x0000, 0x0000, 0x0000, 0x0000, 0x0000,
  0x0000, 0x0000, 0x0000, 0x0000, 0x0000, 0x0000, 0x0000, 0x0000, 0x0000, 0x0000, 0x0000, 0x0000,
  0x0000, 0x0000, 0x0000, 0x0000, 0x0000, 0x0000, 0x0000, 0x0000, 0x0000, 0x0000, 0x0000, 0x0000,
  0x0000, 0x0000, 0x0000, 0x0000, 0x0000, 0x0000, 0x0000, 0x0000, 0x0000, 0x0000, 0x0000, 0x0000,
  0x0000, 0x0000, 0x0000, 0x0000, 0x0000, 0x0000, 0x0000, 0x0000, 0x0000, 0x0000, 0x0000, 0x0000,
  0x0000, 0x0000, 0x0000, 0x0000, 0x0000, 0x0000, 0x0000, 0x0000, 0x0000, 0x0000, 0x0000, 0x0000,
  0x0000, 0x0000, 0x0000, 0x0000, 0x0000, 0x0000, 0x0000, 0x0000, 0x0000, 0x0000, 0x0000, 0x0000,
  0x0000, 0x0000, 0x0000, 0x0000, 0x0000, 0x0000, 0x0000, 0x0000, 0x0000, 0x0000, 0x0000, 0x0000,
  0x0000, 0x0000, 0x0000, 0x0000, 0x0000, 0x0000, 0x0000, 0x0000, 0x0000, 0x0000, 0x0000, 0x0000,
  0x0000, 0x0000, 0x0000, 0x0000, 0x0000, 0x0000, 0x0000, 0x0000, 0x0000, 0x0000, 0x0000, 0x0000,
  0x0000, 0x0000, 0x0000, 0x0000, 0x0000, 0x0000, 0x0000, 0x0000, 0x0000, 0x0000, 0x0000, 0x0000,
  0x0000, 0x0000, 0x0000, 0x0000, 0x0000, 0x0000, 0x0000, 0x0000, 0x0000, 0x0000, 0x0000, 0x0000,
  0x0000, 0x0000, 0x0000, 0x0000, 0x0000, 0x0000, 0x0000, 0x0000, 0x0000, 0x0000, 0x0000, 0x0000,
  0x0000, 0x0000, 0x0000, 0x0000, 0x0000, 0x0000, 0x0000, 0x0000, 0x0000, 0x0000, 0x0000, 0x0000,
  0x0841, 0x0841, 0x0841, 0x0841, 0x0841, 0x0841, 0x0841, 0x0841, 0x0841, 0x0841, 0x0841, 0x0841,
  0x0841, 0x0841, 0x0841, 0x0841, 0x0841, 0x0841, 0x0841, 0x0841, 0x0841, 0x0841, 0x0841, 0x0841,
  0x0841, 0x0841, 0x0841, 0x0841, 0x0841, 0x0841, 0x0841, 0x0841, 0x0841, 0x0841, 0x0841, 0x0841,
  0x0841, 0x0841, 0x0841, 0x0841, 0x0841, 0x0841, 0x0841, 0x0841, 0x0841, 0x0841, 0x0841, 0x0841,
  0x0841, 0x0841, 0x0841, 0x0841, 0x0841, 0x0841, 0x0841, 0x0841, 0x0841, 0x0841, 0x0841, 0x0841,
  0x0841, 0x0841, 0x0841, 0x0841, 0x0841, 0x0841, 0x0841, 0x0841, 0x0841, 0x0841, 0x0841, 0x0841,
  0x0841, 0x0841, 0x0841, 0x0841, 0x0841, 0x0841, 0x0841, 0x0841, 0x0841, 0x0841, 0x0841, 0x0841,
  0x0841, 0x0841, 0x0841, 0x0841, 0x0841, 0x0841, 0x0841, 0x0841, 0x0841, 0x0841, 0x0841, 0x0841,
  0x0841, 0x0841, 0x0841, 0x0841, 0x0841, 0x0841, 0x0841, 0x0841, 0x0841, 0x0841, 0x0841, 0x0841,
  0x0841, 0x0841, 0x0841, 0x0841, 0x0841, 0x0841, 0x0841, 0x0841, 0x0841, 0x0841, 0x0841, 0x0841,
  0x0841, 0x0841, 0x0841, 0x0841, 0x0841, 0x0841, 0x0841, 0x0841, 0x0841, 0x0841, 0x0841, 0x0841,
  0x0841, 0x0841, 0x0841, 0x0841, 0x0841, 0x0841, 0x0841, 0x0841, 0x0841, 0x0841, 0x0841, 0x0841,
  0x0841, 0x0841, 0x0841, 0x0841, 0x0841, 0x0841, 0x0841, 0x0841, 0x0841, 0x0841, 0x0841, 0x0841,
  0x0841, 0x0841, 0x0841, 0x0841, 0x0841, 0x0841, 0x0841, 0x0841, 0x0841, 0x0841, 0x0841, 0x0841,
  0x0841, 0x0841, 0x0841, 0x0841, 0x0841, 0x0841, 0x0841, 0x0841, 0x0841, 0x0841, 0x0841, 0x0841,
  0x0841, 0x0841, 0x0841, 0x0841, 0x0841, 0x0841, 0x0841, 0x0841, 0x0841, 0x0841, 0x0841, 0x0841,
  0x0841, 0x0841, 0x0841, 0x0841, 0x0841, 0x0841, 0x0841, 0x0841, 0x0841, 0x0841, 0x0841, 0x0841,
  0x0841, 0x0841, 0x0841, 0x0841, 0x0841, 0x0841, 0x0841, 0x0841, 0x0841, 0x0841, 0x0841, 0x0841,
  0x0841, 0x0841, 0x0841, 0x0841, 0x0841, 0x0841, 0x0841, 0x0841, 0x0841, 0x0841, 0x0841, 0x0841,
  0x0841, 0x0841, 0x0841, 0x0841, 0x0841, 0x0841, 0x0841, 0x0841, 0x0841, 0x0841, 0x0841, 0x0841,
  0x1082, 0x1082, 0x1082, 0x1082, 0x1082, 0x1082, 0x1082, 0x1082, 0x1082, 0x1082, 0x1082, 0x1082,
  0x1082, 0x1082, 0x1082, 0x1082, 0x1082, 0x1082, 0x1082, 0x1082, 0x1082, 0x1082, 0x1082, 0x1082,
  0x1082, 0x1082, 0x1082, 0x1082, 0x1082, 0x1082, 0x1082, 0x1082, 0x1082, 0x1082, 0x1082, 0x1082,
  0x1082, 0x1082, 0x1082, 0x1082, 0x1082, 0x1082, 0x1082, 0x1082, 0x1082, 0x1082, 0x1082, 0x1082,
  0x1082, 0x1082, 0x1082, 0x1082, 0x1082, 0x1082, 0x1082, 0x1082, 0x1082, 0x1082, 0x1082, 0x1082,
  0x1082, 0x1082, 0x1082, 0x1082, 0x1082, 0x1082, 0x1082, 0x1082, 0x1082, 0x1082, 0x1082, 0x1082,
  0x1082, 0x1082, 0x1082, 0x1082, 0x1082, 0x1082, 0x1082, 0x1082, 0x1082, 0x1082, 0x1082, 0x1082,
  0x1082, 0x1082, 0x1082, 0x1082, 0x1082, 0x1082, 0x1082, 0x1082, 0x1082, 0x1082, 0x1082, 0x1082,
  0x1082, 0x1082, 0x1082, 0x1082, 0x1082, 0x1082, 0x1082, 0x1082, 0x1082, 0x1082, 0x1082, 0x1082,
  0x1082, 0x1082, 0x1082, 0x1082, 0x1082, 0x1082, 0x1082, 0x1082, 0x1082, 0x1082, 0x1082, 0x1082,
  0x1082, 0x1082, 0x1082, 0x1082, 0x1082, 0x1082, 0x1082, 0x1082, 0x1082, 0x1082, 0x1082, 0x1082,
  0x1082, 0x1082, 0x1082, 0x1082, 0x1082, 0x1082, 0x1082, 0x1082, 0x1082, 0x1082, 0x1082, 0x1082,
  0x1082, 0x1082, 0x1082, 0x1082, 0x1082, 0x1082, 0x1082, 0x1082, 0x1082, 0x1082, 0x1082, 0x1082,
  0x1082, 0x1082, 0x1082, 0x1082, 0x1082, 0x1082, 0x1082, 0x1082, 0x1082, 0x1082, 0x1082, 0x1082,
  0x1082, 0x1082, 0x1082, 0x1082, 0x1082, 0x1082, 0x1082, 0x1082, 0x1082, 0x1082, 0x1082, 0x1082,
  0x1082, 0x1082, 0x1082, 0x1082, 0x1082, 0x1082, 0x1082, 0x1082, 0x1082, 0x1082, 0x1082, 0x1082,
  0x1082, 0x1082, 0x1082, 0x1082, 0x1082, 0x1082, 0x1082, 0x1082, 0x1082, 0x1082, 0x1082, 0x1082,
  0x1082, 0x1082, 0x1082, 0x1082, 0x1082, 0x1082, 0x1082, 0x1082, 0x1082, 0x1082, 0x1082, 0x1082,
  0x1082, 0x1082, 0x1082, 0x1082, 0x1082, 0x1082, 0x1082, 0x1082, 0x1082, 0x1082, 0x1082, 0x1082,
  0x1082, 0x1082, 0x1082, 0x1082, 0x1082, 0x1082, 0x1082, 0x1082, 0x1082, 0x1082, 0x1082, 0x1082,
  0x0000, 0x0000, 0x0000, 0x0000, 0x0000, 0x0000, 0x0000, 0x0000, 0x0000, 0x0000, 0x0000, 0x0000,
  0x0000, 0x0000, 0x0000, 0x0000, 0x0000, 0x0000, 0x0000, 0x0000, 0x0000, 0x0000, 0x0000, 0x0000,
  0x0000, 0x0000, 0x0000, 0x0000, 0x0000, 0x0000, 0x0000, 0x0000, 0x0000, 0x0000, 0x0000, 0x0000,
  0x0000, 0x0000, 0x0000, 0x0000, 0x0000, 0x0000, 0x0000, 0x0000, 0x0000, 0x0000, 0x0000, 0x0000,
  0x0000, 0x0000, 0x0000, 0x0000, 0x0000, 0x0000, 0x0000, 0x0000, 0x0000, 0x0000, 0x0000, 0x0000,
  0x0000, 0x0000, 0x0000, 0x0000, 0x0000, 0x0000, 0x0000, 0x0000, 0x0000, 0x0000, 0x0000, 0x0000,
  0x0000, 0x0000, 0x0000, 0x0000, 0x0000, 0x0000, 0x0000, 0x0000, 0x0000, 0x0000, 0x0000, 0x0000,
  0x0000, 0x0000, 0x0000, 0x0000, 0x0000, 0x0000, 0x0000, 0x0000, 0x0000, 0x0000, 0x0000, 0x0000,
  0x0000, 0x0000, 0x0000, 0x0000, 0x0000, 0x0000, 0x0000, 0x0000, 0x0000, 0x0000, 0x0000, 0x0000,
  0x0000, 0x0000, 0x0000, 0x0000, 0x0000, 0x0000, 0x0000, 0x0000, 0x0000, 0x0000, 0x0000, 0x0000,
  0x0000, 0x0000, 0x0000, 0x0000, 0x0000, 0x0000, 0x0000, 0x0000, 0x0000, 0x0000, 0x0000, 0x0000,
  0x0000, 0x0000, 0x0000, 0x0000, 0x0000, 0x0000, 0x0000, 0x0000, 0x0000, 0x0000, 0x0000, 0x0000,
  0x0000, 0x0000, 0x0000, 0x0000, 0x0000, 0x0000, 0x0000, 0x0000, 0x0000, 0x0000, 0x0000, 0x0000,
  0x0000, 0x0000, 0x0000, 0x0000, 0x0000, 0x0000, 0x0000, 0x0000, 0x0000, 0x0000, 0x0000, 0x0000,
  0x0000, 0x0000, 0x0000, 0x0000, 0x0000, 0x0000, 0x0000, 0x0000, 0x0000, 0x0000, 0x0000, 0x0000,
  0x0000, 0x0000, 0x0000, 0x0000, 0x0000, 0x0000, 0x0000, 0x0000, 0x0000, 0x0000, 0x0000, 0x0000,
  0x0000, 0x0000, 0x0000, 0x0000, 0x0000, 0x0000, 0x0000, 0x0000, 0x0000, 0x0000, 0x0000, 0x0000,
  0x0000, 0x0000, 0x0000, 0x0000, 0x0000, 0x0000, 0x0000, 0x0000, 0x0000, 0x0000, 0x0000, 0x0000,
  0x0000, 0x0000, 0x0000, 0x0000, 0x0000, 0x0000, 0x0000, 0x0000, 0x0000, 0x0000, 0x0000, 0x0000,
  0x0000, 0x0000, 0x0000, 0x0000, 0x0000, 0x0000, 0x0000, 0x0000, 0x0000, 0x0000, 0x0000, 0x0000,
  0x1082, 0x1082, 0x1082, 0x1082, 0x1082, 0x1082, 0x1082, 0x1082, 0x1082, 0x1082, 0x1082, 0x1082,
  0x1082, 0x1082, 0x1082, 0x1082, 0x1082, 0x1082, 0x1082, 0x1082, 0x1082, 0x1082, 0x1082, 0x1082,
  0x1082, 0x1082, 0x1082, 0x1082, 0x1082, 0x1082, 0x1082, 0x1082, 0x1082, 0x1082, 0x1082, 0x1082,
  0x1082, 0x1082, 0x1082, 0x1082, 0x1082, 0x1082, 0x1082, 0x1082, 0x1082, 0x1082, 0x1082, 0x1082,
  0x1082, 0x1082, 0x1082, 0x1082, 0x1082, 0x1082, 0x1082, 0x1082, 0x1082, 0x1082, 0x1082, 0x1082,
  0x1082, 0x1082, 0x1082, 0x1082, 0x1082, 0x1082, 0x1082, 0x1082, 0x1082, 0x1082, 0x1082, 0x1082,
  0x1082, 0x1082, 0x1082, 0x1082, 0x1082, 0x1082, 0x1082, 0x1082, 0x1082, 0x1082, 0x1082, 0x1082,
  0x1082, 0x1082, 0x1082, 0x1082, 0x1082, 0x1082, 0x1082, 0x1082, 0x1082, 0x1082, 0x1082, 0x1082,
  0x1082, 0x1082, 0x1082, 0x1082, 0x1082, 0x1082, 0x1082, 0x1082, 0x1082, 0x1082, 0x1082, 0x1082,
  0x1082, 0x1082, 0x1082, 0x1082, 0x1082, 0x1082, 0x1082, 0x1082, 0x1082, 0x1082, 0x1082, 0x1082,
  0x1082, 0x1082, 0x1082, 0x1082, 0x1082, 0x1082, 0x1082, 0x1082, 0x1082, 0x1082, 0x1082, 0x1082,
  0x1082, 0x1082, 0x1082, 0x1082, 0x1082, 0x1082, 0x1082, 0x1082, 0x1082, 0x1082, 0x1082, 0x1082,
  0x1082, 0x1082, 0x1082, 0x1082, 0x1082, 0x1082, 0x1082, 0x1082, 0x1082, 0x1082, 0x1082, 0x1082,
  0x1082, 0x1082, 0x1082, 0x1082, 0x1082, 0x1082, 0x1082, 0x1082, 0x1082, 0x1082, 0x1082, 0x1082,
  0x1082, 0x1082, 0x1082, 0x1082, 0x1082, 0x1082, 0x1082, 0x1082, 0x1082, 0x1082, 0x1082, 0x1082,
  0x1082, 0x1082, 0x1082, 0x1082, 0x1082, 0x1082, 0x1082, 0x1082, 0x1082, 0x1082, 0x1082, 0x1082,
  0x1082, 0x1082, 0x1082, 0x1082, 0x1082, 0x1082, 0x1082, 0x1082, 0x1082, 0x1082, 0x1082, 0x1082,
  0x1082, 0x1082, 0x1082, 0x1082, 0x1082, 0x1082, 0x1082, 0x1082, 0x1082, 0x1082, 0x1082, 0x1082,
  0x1082, 0x1082, 0x1082, 0x1082, 0x1082, 0x1082, 0x1082, 0x1082, 0x1082, 0x1082, 0x1082, 0x1082,
  0x1082, 0x1082, 0x1082, 0x1082, 0x1082, 0x1082, 0x1082, 0x1082, 0x1082, 0x1082, 0x1082, 0x1082,
  0x0841, 0x0841, 0x0841, 0x0841, 0x0841, 0x0841, 0x0841, 0x0841, 0x0841, 0x0841, 0x0841, 0x0841,
  0x0841, 0x0841, 0x0841, 0x0841, 0x0841, 0x0841, 0x0841, 0x0841, 0x0841, 0x0841, 0x0841, 0x0841,
  0x0841, 0x0841, 0x0841, 0x0841, 0x0841, 0x0841, 0x0841, 0x0841, 0x0841, 0x0841, 0x0841, 0x0841,
  0x0841, 0x0841, 0x0841, 0x0841, 0x0841, 0x0841, 0x0841, 0x0841, 0x0841, 0x0841, 0x0841, 0x0841,
  0x0841, 0x0841, 0x0841, 0x0841, 0x0841, 0x0841, 0x0841, 0x0841, 0x0841, 0x0841, 0x0841, 0x0841,
  0x0841, 0x0841, 0x0841, 0x0841, 0x0841, 0x0841, 0x0841, 0x0841, 0x0841, 0x0841, 0x0841, 0x0841,
  0x0841, 0x0841, 0x0841, 0x0841, 0x0841, 0x0841, 0x0841, 0x0841, 0x0841, 0x0841, 0x0841, 0x0841,
  0x0841, 0x0841, 0x0841, 0x0841, 0x0841, 0x0841, 0x0841, 0x0841, 0x0841, 0x0841, 0x0841, 0x0841,
  0x0841, 0x0841, 0x0841, 0x0841, 0x0841, 0x0841, 0x0841, 0x0841, 0x0841, 0x0841, 0x0841, 0x0841,
  0x0841, 0x0841, 0x0841, 0x0841, 0x0841, 0x0841, 0x0841, 0x0841, 0x0841, 0x0841, 0x0841, 0x0841,
  0x0841, 0x0841, 0x0841, 0x0841, 0x0841, 0x0841, 0x0841, 0x0841, 0x0841, 0x0841, 0x0841, 0x0841,
  0x0841, 0x0841, 0x0841, 0x0841, 0x0841, 0x0841, 0x0841, 0x0841, 0x0841, 0x0841, 0x0841, 0x0841,
  0x0841, 0x0841, 0x0841, 0x0841, 0x0841, 0x0841, 0x0841, 0x0841, 0x0841, 0x0841, 0x0841, 0x0841,
  0x0841, 0x0841, 0x0841, 0x0841, 0x0841, 0x0841, 0x0841, 0x0841, 0x0841, 0x0841, 0x0841, 0x0841,
  0x0841, 0x0841, 0x0841, 0x0841, 0x0841, 0x0841, 0x0841, 0x0841, 0x0841, 0x0841, 0x0841, 0x0841,
  0x0841, 0x0841, 0x0841, 0x0841, 0x0841, 0x0841, 0x0841, 0x0841, 0x0841, 0x0841, 0x0841, 0x0841,
  0x0841, 0x0841, 0x0841, 0x0841, 0x0841, 0x0841, 0x0841, 0x0841, 0x0841, 0x0841, 0x0841, 0x0841,
  0x0841, 0x0841, 0x0841, 0x0841, 0x0841, 0x0841, 0x0841, 0x0841, 0x0841, 0x0841, 0x0841, 0x0841,
  0x0841, 0x0841, 0x0841, 0x0841, 0x0841, 0x0841, 0x0841, 0x0841, 0x0841, 0x0841, 0x0841, 0x0841,
  0x0841, 0x0841, 0x0841, 0x0841, 0x0841, 0x0841, 0x0841, 0x0841, 0x0841, 0x0841, 0x0841, 0x0841,
  0x0000, 0x0000, 0x0000, 0x0000, 0x0000, 0x0000, 0x0000, 0x0000, 0x0000, 0x0000, 0x0000, 0x0000,
  0x0000, 0x0000, 0x0000, 0x0000, 0x0000, 0x0000, 0x0000, 0x0000, 0x0000, 0x0000, 0x0000, 0x0000,
  0x0000, 0x0000, 0x0000, 0x0000, 0x0000, 0x0000, 0x0000, 0x0000, 0x0000, 0x0000, 0x0000, 0x0000,
  0x0000, 0x0000, 0x0000, 0x0000, 0x0000, 0x0000, 0x0000, 0x0000, 0x0000, 0x0000, 0x0000, 0x0000,
  0x0000, 0x0000, 0x0000, 0x0000, 0x0000, 0x0000, 0x0000, 0x0000, 0x0000, 0x0000, 0x0000, 0x0000,
  0x0000, 0x0000, 0x0000, 0x0000, 0x0000, 0x0000, 0x0000, 0x0000, 0x0000, 0x0000, 0x0000, 0x0000,
  0x0000, 0x0000, 0x0000, 0x0000, 0x0000, 0x0000, 0x0000, 0x0000, 0x0000, 0x0000, 0x0000, 0x0000,
  0x0000, 0x0000, 0x0000, 0x0000, 0x0000, 0x0000, 0x0000, 0x0000, 0x0000, 0x0000, 0x0000, 0x0000,
  0x0000, 0x0000, 0x0000, 0x0000, 0x0000, 0x0000, 0x0000, 0x0000, 0x0000, 0x0000, 0x0000, 0x0000,
  0x0000, 0x0000, 0x0000, 0x0000, 0x0000, 0x0000, 0x0000, 0x0000, 0x0000, 0x0000, 0x0000, 0x0000,
  0x0000, 0x0000, 0x0000, 0x0000, 0x0000, 0x0000, 0x0000, 0x0000, 0x0000, 0x0000, 0x0000, 0x0000,
  0x0000, 0x0000, 0x0000, 0x0000, 0x0000, 0x0000, 0x0000, 0x0000, 0x0000, 0x0000, 0x0000, 0x0000,
  0x0000, 0x0000, 0x0000, 0x0000, 0x0000, 0x0000, 0x0000, 0x0000, 0x0000, 0x0000, 0x0000, 0x0000,
  0x0000, 0x0000, 0x0000, 0x0000, 0x0000, 0x0000, 0x0000, 0x0000, 0x0000, 0x0000, 0x0000, 0x0000,
  0x0000, 0x0000, 0x0000, 0x0000, 0x0000, 0x0000, 0x0000, 0x0000, 0x0000, 0x0000, 0x0000, 0x0000,
  0x0000, 0x0000, 0x0000, 0x0000, 0x0000, 0x0000, 0x0000, 0x0000, 0x0000, 0x0000, 0x0000, 0x0000,
  0x0000, 0x0000, 0x0000, 0x0000, 0x0000, 0x0000, 0x0000, 0x0000, 0x0000, 0x0000, 0x0000, 0x0000,
  0x0000, 0x0000, 0x0000, 0x0000, 0x0000, 0x0000, 0x0000, 0x0000, 0x0000, 0x0000, 0x0000, 0x0000,
  0x0000, 0x0000, 0x0000, 0x0000, 0x0000, 0x0000, 0x0000, 0x0000, 0x0000, 0x0000, 0x0000, 0x0000,
  0x0000, 0x0000, 0x0000, 0x0000, 0x0000, 0x0000, 0x0000, 0x0000, 0x0000, 0x0000, 0x0000, 0x0000,
  0x1082, 0x1082, 0x1082, 0x1082, 0x1082, 0x1082, 0x1082, 0x1082, 0x1082, 0x1082, 0x1082, 0x1082,
  0x1082, 0x1082, 0x1082, 0x1082, 0x1082, 0x1082, 0x1082, 0x1082, 0x1082, 0x1082, 0x1082, 0x1082,
  0x1082, 0x1082, 0x1082, 0x1082, 0x1082, 0x1082, 0x1082, 0x1082, 0x1082, 0x1082, 0x1082, 0x1082,
  0x1082, 0x1082, 0x1082, 0x1082, 0x1082, 0x1082, 0x1082, 0x1082, 0x1082, 0x1082, 0x1082, 0x1082,
  0x1082, 0x1082, 0x1082, 0x1082, 0x1082, 0x1082, 0x1082, 0x1082, 0x1082, 0x1082, 0x1082, 0x1082,
  0x1082, 0x1082, 0x1082, 0x1082, 0x1082, 0x1082, 0x1082, 0x1082, 0x1082, 0x1082, 0x1082, 0x1082,
  0x1082, 0x1082, 0x1082, 0x1082, 0x1082, 0x1082, 0x1082, 0x1082, 0x1082, 0x1082, 0x1082, 0x1082,
  0x1082, 0x1082, 0x1082, 0x1082, 0x1082, 0x1082, 0x1082, 0x1082, 0x1082, 0x1082, 0x1082, 0x1082,
  0x1082, 0x1082, 0x1082, 0x1082, 0x1082, 0x1082, 0x1082, 0x1082, 0x1082, 0x1082, 0x1082, 0x1082,
  0x1082, 0x1082, 0x1082, 0x1082, 0x1082, 0x1082, 0x1082, 0x1082, 0x1082, 0x1082, 0x1082, 0x1082,
  0x1082, 0x1082, 0x1082, 0x1082, 0x1082, 0x1082, 0x1082, 0x1082, 0x1082, 0x1082, 0x1082, 0x1082,
  0x1082, 0x1082, 0x1082, 0x1082, 0x1082, 0x1082, 0x1082, 0x1082, 0x1082, 0x1082, 0x1082, 0x1082,
  0x1082, 0x1082, 0x1082, 0x1082, 0x1082, 0x1082, 0x1082, 0x1082, 0x1082, 0x1082, 0x1082, 0x1082,
  0x1082, 0x1082, 0x1082, 0x1082, 0x1082, 0x1082, 0x1082, 0x1082, 0x1082, 0x1082, 0x1082, 0x1082,
  0x1082, 0x1082, 0x1082, 0x1082, 0x1082, 0x1082, 0x1082, 0x1082, 0x1082, 0x1082, 0x1082, 0x1082,
  0x1082, 0x1082, 0x1082, 0x1082, 0x1082, 0x1082, 0x1082, 0x1082, 0x1082, 0x1082, 0x1082, 0x1082,
  0x1082, 0x1082, 0x1082, 0x1082, 0x1082, 0x1082, 0x1082, 0x1082, 0x1082, 0x1082, 0x1082, 0x1082,
  0x1082, 0x1082, 0x1082, 0x1082, 0x1082, 0x1082, 0x1082, 0x1082, 0x1082, 0x1082, 0x1082, 0x1082,
  0x1082, 0x1082, 0x1082, 0x1082, 0x1082, 0x1082, 0x1082, 0x1082, 0x1082, 0x1082, 0x1082, 0x1082,
  0x1082, 0x1082, 0x1082, 0x1082, 0x1082, 0x1082, 0x1082, 0x1082, 0x1082, 0x1082, 0x1082, 0x1082,
  0x0000, 0x0000, 0x0000, 0x0000, 0x0000, 0x0000, 0x0000, 0x0000, 0x0000, 0x0000, 0x0000, 0x0000,
  0x0000, 0x0000, 0x0000, 0x0000, 0x0000, 0x0000, 0x0000, 0x0000, 0x0000, 0x0000, 0x0000, 0x0000,
  0x0000, 0x0000, 0x0000, 0x0000, 0x0000, 0x0000, 0x0000, 0x0000, 0x0000, 0x0000, 0x0000, 0x0000,
  0x0000, 0x0000, 0x0000, 0x0000, 0x0000, 0x0000, 0x0000, 0x0000, 0x0000, 0x0000, 0x0000, 0x0000,
  0x0000, 0x0000, 0x0000, 0x0000, 0x0000, 0x0000, 0x0000, 0x0000, 0x0000, 0x0000, 0x0000, 0x0000,
  0x0000, 0x0000, 0x0000, 0x0000, 0x0000, 0x0000, 0x0000, 0x0000, 0x0000, 0x0000, 0x0000, 0x0000,
  0x0000, 0x0000, 0x0000, 0x0000, 0x0000, 0x0000, 0x0000, 0x0000, 0x0000, 0x0000, 0x0000, 0x0000,
  0x0000, 0x0000, 0x0000, 0x0000, 0x0000, 0x0000, 0x0000, 0x0000, 0x0000, 0x0000, 0x0000, 0x0000,
  0x0000, 0x0000, 0x0000, 0x0000, 0x0000, 0x0000, 0x0000, 0x0000, 0x0000, 0x0000, 0x0000, 0x0000,
  0x0000, 0x0000, 0x0000, 0x0000, 0x0000, 0x0000, 0x0000, 0x0000, 0x0000, 0x0000, 0x0000, 0x0000,
  0x0000, 0x0000, 0x0000, 0x0000, 0x0000, 0x0000, 0x0000, 0x0000, 0x0000, 0x0000, 0x0000, 0x0000,
  0x0000, 0x0000, 0x0000, 0x0000, 0x0000, 0x0000, 0x0000, 0x0000, 0x0000, 0x0000, 0x0000, 0x0000,
  0x0000, 0x0000, 0x0000, 0x0000, 0x0000, 0x0000, 0x0000, 0x0000, 0x0000, 0x0000, 0x0000, 0x0000,
  0x0000, 0x0000, 0x0000, 0x0000, 0x0000, 0x0000, 0x0000, 0x0000, 0x0000, 0x0000, 0x0000, 0x0000,
  0x0000, 0x0000, 0x0000, 0x0000, 0x0000, 0x0000, 0x0000, 0x0000, 0x0000, 0x0000, 0x0000, 0x0000,
  0x0000, 0x0000, 0x0000, 0x0000, 0x0000, 0x0000, 0x0000, 0x0000, 0x0000, 0x0000, 0x0000, 0x0000,
  0x0000, 0x0000, 0x0000, 0x0000, 0x0000, 0x0000, 0x0000, 0x0000, 0x0000, 0x0000, 0x0000, 0x0000,
  0x0000, 0x0000, 0x0000, 0x0000, 0x0000, 0x0000, 0x0000, 0x0000, 0x0000, 0x0000, 0x0000, 0x0000,
  0x0000, 0x0000, 0x0000, 0x0000, 0x0000, 0x0000, 0x0000, 0x0000, 0x0000, 0x0000, 0x0000, 0x0000,
  0x0000, 0x0000, 0x0000, 0x0000, 0x0000, 0x0000, 0x0000, 0x0000, 0x0000, 0x0000, 0x0000, 0x0000,
  0x0841, 0x0841, 0x0841, 0x0841, 0x0841, 0x0841, 0x0841, 0x0841, 0x0841, 0x0841, 0x0841, 0x0841,
  0x0841, 0x0841, 0x0841, 0x0841, 0x0841, 0x0841, 0x0841, 0x0841, 0x0841, 0x0841, 0x0841, 0x0841,
  0x0841, 0x0841, 0x0841, 0x0841, 0x0841, 0x0841, 0x0841, 0x0841, 0x0841, 0x0841, 0x0841, 0x0841,
  0x0841, 0x0841, 0x0841, 0x0841, 0x0841, 0x0841, 0x0841, 0x0841, 0x0841, 0x0841, 0x0841, 0x0841,
  0x0841, 0x0841, 0x0841, 0x0841, 0x0841, 0x0841, 0x0841, 0x0841, 0x0841, 0x0841, 0x0841, 0x0841,
  0x0841, 0x0841, 0x0841, 0x0841, 0x0841, 0x0841, 0x0841, 0x0841, 0x0841, 0x0841, 0x0841, 0x0841,
  0x0841, 0x0841, 0x0841, 0x0841, 0x0841, 0x0841, 0x0841, 0x0841, 0x0841, 0x0841, 0x0841, 0x0841,
  0x0841, 0x0841, 0x0841, 0x0841, 0x0841, 0x0841, 0x0841, 0x0841, 0x0841, 0x0841, 0x0841, 0x0841,
  0x0841, 0x0841, 0x0841, 0x0841, 0x0841, 0x0841, 0x0841, 0x0841, 0x0841, 0x0841, 0x0841, 0x0841,
  0x0841, 0x0841, 0x0841, 0x0841, 0x0841, 0x0841, 0x0841, 0x0841, 0x0841, 0x0841, 0x0841, 0x0841,
  0x0841, 0x0841, 0x0841, 0x0841, 0x0841, 0x0841, 0x0841, 0x0841, 0x0841, 0x0841, 0x0841, 0x0841,
  0x0841, 0x0841, 0x0841, 0x0841, 0x0841, 0x0841, 0x0841, 0x0841, 0x0841, 0x0841, 0x0841, 0x0841,
  0x0841, 0x0841, 0x0841, 0x0841, 0x0841, 0x0841, 0x0841, 0x0841, 0x0841, 0x0841, 0x0841, 0x0841,
  0x0841, 0x0841, 0x0841, 0x0841, 0x0841, 0x0841, 0x0841, 0x0841, 0x0841, 0x0841, 0x0841, 0x0841,
  0x0841, 0x0841, 0x0841, 0x0841, 0x0841, 0x0841, 0x0841, 0x0841, 0x0841, 0x0841, 0x0841, 0x0841,
  0x0841, 0x0841, 0x0841, 0x0841, 0x0841, 0x0841, 0x0841, 0x0841, 0x0841, 0x0841, 0x0841, 0x0841,
  0x0841, 0x0841, 0x0841, 0x0841, 0x0841, 0x0841, 0x0841, 0x0841, 0x0841, 0x0841, 0x0841, 0x0841,
  0x0841, 0x0841, 0x0841, 0x0841, 0x0841, 0x0841, 0x0841, 0x0841, 0x0841, 0x0841, 0x0841, 0x0841,
  0x0841, 0x0841, 0x0841, 0x0841, 0x0841, 0x0841, 0x0841, 0x0841, 0x0841, 0x0841, 0x0841, 0x0841,
  0x0841, 0x0841, 0x0841, 0x0841, 0x0841, 0x0841, 0x0841, 0x0841, 0x0841, 0x0841, 0x0841, 0x0841,
  0x0861, 0x0861, 0x0861, 0x0861, 0x0861, 0x0861, 0x0861, 0x0861, 0x0861, 0x0861, 0x0861, 0x0861,
  0x0861, 0x0861, 0x0861, 0x0861, 0x0861, 0x0861, 0x0861, 0x0861, 0x0861, 0x0861, 0x0861, 0x0861,
  0x0861, 0x0861, 0x0861, 0x0861, 0x0861, 0x0861, 0x0861, 0x0861, 0x0861, 0x0861, 0x0861, 0x0861,
  0x0861, 0x0861, 0x0861, 0x0861, 0x0861, 0x0861, 0x0861, 0x0861, 0x0861, 0x0861, 0x0861, 0x0861,
  0x0861, 0x0861, 0x0861, 0x0861, 0x0861, 0x0861, 0x0861, 0x0861, 0x0861, 0x0861, 0x0861, 0x0861,
  0x0861, 0x0861, 0x0861, 0x0861, 0x0861, 0x0861, 0x0861, 0x0861, 0x0861, 0x0861, 0x0861, 0x0861,
  0x0861, 0x0861, 0x0861, 0x0861, 0x0861, 0x0861, 0x0861, 0x0861, 0x0861, 0x0861, 0x0861, 0x0861,
  0x0861, 0x0861, 0x0861, 0x0861, 0x0861, 0x0861, 0x0861, 0x0861, 0x0861, 0x0861, 0x0861, 0x0861,
  0x0861, 0x0861, 0x0861, 0x0861, 0x0861, 0x0861, 0x0861, 0x0861, 0x0861, 0x0861, 0x0861, 0x0861,
  0x0861, 0x0861, 0x0861, 0x0861, 0x0861, 0x0861, 0x0861, 0x0861, 0x0861, 0x0861, 0x0861, 0x0861,
  0x0861, 0x0861, 0x0861, 0x0861, 0x0861, 0x0861, 0x0861, 0x0861, 0x0861, 0x0861, 0x0861, 0x0861,
  0x0861, 0x0861, 0x0861, 0x0861, 0x0861, 0x0861, 0x0861, 0x0861, 0x0861, 0x0861, 0x0861, 0x0861,
  0x0861, 0x0861, 0x0861, 0x0861, 0x0861, 0x0861, 0x0861, 0x0861, 0x0861, 0x0861, 0x0861, 0x0861,
  0x0861, 0x0861, 0x0861, 0x0861, 0x0861, 0x0861, 0x0861, 0x0861, 0x0861, 0x0861, 0x0861, 0x0861,
  0x0861, 0x0861, 0x0861, 0x0861, 0x0861, 0x0861, 0x0861, 0x0861, 0x0861, 0x0861, 0x0861, 0x0861,
  0x0861, 0x0861, 0x0861, 0x0861, 0x0861, 0x0861, 0x0861, 0x0861, 0x0861, 0x0861, 0x0861, 0x0861,
  0x0861, 0x0861, 0x0861, 0x0861, 0x0861, 0x0861, 0x0861, 0x0861, 0x0861, 0x0861, 0x0861, 0x0861,
  0x0861, 0x0861, 0x0861, 0x0861, 0x0861, 0x0861, 0x0861, 0x0861, 0x0861, 0x0861, 0x0861, 0x0861,
  0x0861, 0x0861, 0x0861, 0x0861, 0x0861, 0x0861, 0x0861, 0x0861, 0x0861, 0x0861, 0x0861, 0x0861,
  0x0861, 0x0861, 0x0861, 0x0861, 0x0861, 0x0861, 0x0861, 0x0861, 0x0861, 0x0861, 0x0861, 0x0861,
  0x0000, 0x0000, 0x0000, 0x0000, 0x0000, 0x0000, 0x0000, 0x0000, 0x0000, 0x0000, 0x0000, 0x0000,
  0x0000, 0x0000, 0x0000, 0x0000, 0x0000, 0x0000, 0x0000, 0x0000, 0x0000, 0x0000, 0x0000, 0x0000,
  0x0000, 0x0000, 0x0000, 0x0000, 0x0000, 0x0000, 0x0000, 0x0000, 0x0000, 0x0000, 0x0000, 0x0000,
  0x0000, 0x0000, 0x0000, 0x0000, 0x0000, 0x0000, 0x0000, 0x0000, 0x0000, 0x0000, 0x0000, 0x0000,
  0x0000, 0x0000, 0x0000, 0x0000, 0x0000, 0x0000, 0x0000, 0x0000, 0x0000, 0x0000, 0x0000, 0x0000,
  0x0000, 0x0000, 0x0000, 0x0000, 0x0000, 0x0000, 0x0000, 0x0000, 0x0000, 0x0000, 0x0000, 0x0000,
  0x0000, 0x0000, 0x0000, 0x0000, 0x0000, 0x0000, 0x0000, 0x0000, 0x0000, 0x0000, 0x0000, 0x0000,
  0x0000, 0x0000, 0x0000, 0x0000, 0x0000, 0x0000, 0x0000, 0x0000, 0x0000, 0x0000, 0x0000, 0x0000,
  0x0000, 0x0000, 0x0000, 0x0000, 0x0000, 0x0000, 0x0000, 0x0000, 0x0000, 0x0000, 0x0000, 0x0000,
  0x0000, 0x0000, 0x0000, 0x0000, 0x0000, 0x0000, 0x0000, 0x0000, 0x0000, 0x0000, 0x0000, 0x0000,
  0x0000, 0x0000, 0x0000, 0x0000, 0x0000, 0x0000, 0x0000, 0x0000, 0x0000, 0x0000, 0x0000, 0x0000,
  0x0000, 0x0000, 0x0000, 0x0000, 0x0000, 0x0000, 0x0000, 0x0000, 0x0000, 0x0000, 0x0000, 0x0000,
  0x0000, 0x0000, 0x0000, 0x0000, 0x0000, 0x0000, 0x0000, 0x0000, 0x0000, 0x0000, 0x0000, 0x0000,
  0x0000, 0x0000, 0x0000, 0x0000, 0x0000, 0x0000, 0x0000, 0x0000, 0x0000, 0x0000, 0x0000, 0x0000,
  0x0000, 0x0000, 0x0000, 0x0000, 0x0000, 0x0000, 0x0000, 0x0000, 0x0000, 0x0000, 0x0000, 0x0000,
  0x0000, 0x0000, 0x0000, 0x0000, 0x0000, 0x0000, 0x0000, 0x0000, 0x0000, 0x0000, 0x0000, 0x0000,
  0x0000, 0x0000, 0x0000, 0x0000, 0x0000, 0x0000, 0x0000, 0x0000, 0x0000, 0x0000, 0x0000, 0x0000,
  0x0000, 0x0000, 0x0000, 0x0000, 0x0000, 0x0000, 0x0000, 0x0000, 0x0000, 0x0000, 0x0000, 0x0000,
  0x0000, 0x0000, 0x0000, 0x0000, 0x0000, 0x0000, 0x0000, 0x0000, 0x0000, 0x0000, 0x0000, 0x0000,
  0x0000, 0x0000, 0x0000, 0x0000, 0x0000, 0x0000, 0x0000, 0x0000, 0x0000, 0x0000, 0x0000, 0x0000,
  0x1082, 0x1082, 0x1082, 0x1082, 0x1082, 0x1082, 0x1082, 0x1082, 0x1082, 0x1082, 0x1082, 0x1082,
  0x1082, 0x1082, 0x1082, 0x1082, 0x1082, 0x1082, 0x1082, 0x1082, 0x1082, 0x1082, 0x1082, 0x1082,
  0x1082, 0x1082, 0x1082, 0x1082, 0x1082, 0x1082, 0x1082, 0x1082, 0x1082, 0x1082, 0x1082, 0x1082,
  0x1082, 0x1082, 0x1082, 0x1082, 0x1082, 0x1082, 0x1082, 0x1082, 0x1082, 0x1082, 0x1082, 0x1082,
  0x1082, 0x1082, 0x1082, 0x1082, 0x1082, 0x1082, 0x1082, 0x1082, 0x1082, 0x1082, 0x1082, 0x1082,
  0x1082, 0x1082, 0x1082, 0x1082, 0x1082, 0x1082, 0x1082, 0x1082, 0x1082, 0x1082, 0x1082, 0x1082,
  0x1082, 0x1082, 0x1082, 0x1082, 0x1082, 0x1082, 0x1082, 0x1082, 0x1082, 0x1082, 0x1082, 0x1082,
  0x1082, 0x1082, 0x1082, 0x1082, 0x1082, 0x1082, 0x1082, 0x1082, 0x1082, 0x1082, 0x1082, 0x1082,
  0x1082, 0x1082, 0x1082, 0x1082, 0x1082, 0x1082, 0x1082, 0x1082, 0x1082, 0x1082, 0x1082, 0x1082,
  0x1082, 0x1082, 0x1082, 0x1082, 0x1082, 0x1082, 0x1082, 0x1082, 0x1082, 0x1082, 0x1082, 0x1082,
  0x1082, 0x1082, 0x1082, 0x1082, 0x1082, 0x1082, 0x1082, 0x1082, 0x1082, 0x1082, 0x1082, 0x1082,
  0x1082, 0x1082, 0x1082, 0x1082, 0x1082, 0x1082, 0x1082, 0x1082, 0x1082, 0x1082, 0x1082, 0x1082,
  0x1082, 0x1082, 0x1082, 0x1082, 0x1082, 0x1082, 0x1082, 0x1082, 0x1082, 0x1082, 0x1082, 0x1082,
  0x1082, 0x1082, 0x1082, 0x1082, 0x1082, 0x1082, 0x1082, 0x1082, 0x1082, 0x1082, 0x1082, 0x1082,
  0x1082, 0x1082, 0x1082, 0x1082, 0x1082, 0x1082, 0x1082, 0x1082, 0x1082, 0x1082, 0x1082, 0x1082,
  0x1082, 0x1082, 0x1082, 0x1082, 0x1082, 0x1082, 0x1082, 0x1082, 0x1082, 0x1082, 0x1082, 0x1082,
  0x1082, 0x1082, 0x1082, 0x1082, 0x1082, 0x1082, 0x1082, 0x1082, 0x1082, 0x1082, 0x1082, 0x1082,
  0x1082, 0x1082, 0x1082, 0x1082, 0x1082, 0x1082, 0x1082, 0x1082, 0x1082, 0x1082, 0x1082, 0x1082,
  0x1082, 0x1082, 0x1082, 0x1082, 0x1082, 0x1082, 0x1082, 0x1082, 0x1082, 0x1082, 0x1082, 0x1082,
  0x1082, 0x1082, 0x1082, 0x1082, 0x1082, 0x1082, 0x1082, 0x1082, 0x1082, 0x1082, 0x1082, 0x1082,
  0x0020, 0x0020, 0x0020, 0x0020, 0x0020, 0x0020, 0x0020, 0x0020, 0x0020, 0x0020, 0x0020, 0x0020,
  0x0020, 0x0020, 0x0020, 0x0020, 0x0020, 0x0020, 0x0020, 0x0020, 0x0020, 0x0020, 0x0020, 0x0020,
  0x0020, 0x0020, 0x0020, 0x0020, 0x0020, 0x0020, 0x0020, 0x0020, 0x0020, 0x0020, 0x0020, 0x0020,
  0x0020, 0x0020, 0x0020, 0x0020, 0x0020, 0x0020, 0x0020, 0x0020, 0x0020, 0x0020, 0x0020, 0x0020,
  0x0020, 0x0020, 0x0020, 0x0020, 0x0020, 0x0020, 0x0020, 0x0020, 0x0020, 0x0020, 0x0020, 0x0020,
  0x0020, 0x0020, 0x0020, 0x0020, 0x0020, 0x0020, 0x0020, 0x0020, 0x0020, 0x0020, 0x0020, 0x0020,
  0x0020, 0x0020, 0x0020, 0x0020, 0x0020, 0x0020, 0x0020, 0x0020, 0x0020, 0x0020, 0x0020, 0x0020,
  0x0020, 0x0020, 0x0020, 0x0020, 0x0020, 0x0020, 0x0020, 0x0020, 0x0020, 0x0020, 0x0020, 0x0020,
  0x0020, 0x0020, 0x0020, 0x0020, 0x0020, 0x0020, 0x0020, 0x0020, 0x0020, 0x0020, 0x0020, 0x0020,
  0x0020, 0x0020, 0x0020, 0x0020, 0x0020, 0x0020, 0x0020, 0x0020, 0x0020, 0x0020, 0x0020, 0x0020,
  0x0020, 0x0020, 0x0020, 0x0020, 0x0020, 0x0020, 0x0020, 0x0020, 0x0020, 0x0020, 0x0020, 0x0020,
  0x0020, 0x0020, 0x0020, 0x0020, 0x0020, 0x0020, 0x0020, 0x0020, 0x0020, 0x0020, 0x0020, 0x0020,
  0x0020, 0x0020, 0x0020, 0x0020, 0x0020, 0x0020, 0x0020, 0x0020, 0x0020, 0x0020, 0x0020, 0x0020,
  0x0020, 0x0020, 0x0020, 0x0020, 0x0020, 0x0020, 0x0020, 0x0020, 0x0020, 0x0020, 0x0020, 0x0020,
  0x0020, 0x0020, 0x0020, 0x0020, 0x0020, 0x0020, 0x0020, 0x0020, 0x0020, 0x0020, 0x0020, 0x0020,
  0x0020, 0x0020, 0x0020, 0x0020, 0x0020, 0x0020, 0x0020, 0x0020, 0x0020, 0x0020, 0x0020, 0x0020,
  0x0020, 0x0020, 0x0020, 0x0020, 0x0020, 0x0020, 0x0020, 0x0020, 0x0020, 0x0020, 0x0020, 0x0020,
  0x0020, 0x0020, 0x0020, 0x0020, 0x0020, 0x0020, 0x0020, 0x0020, 0x0020, 0x0020, 0x0020, 0x0020,
  0x0020, 0x0020, 0x0020, 0x0020, 0x0020, 0x0020, 0x0020, 0x0020, 0x0020, 0x0020, 0x0020, 0x0020,
  0x0020, 0x0020, 0x0020, 0x0020, 0x0020, 0x0020, 0x0020, 0x0020, 0x0020, 0x0020, 0x0020, 0x0020,
  0x0020, 0x0020, 0x0020, 0x0020, 0x0020, 0x0020, 0x0020, 0x0020, 0x0020, 0x0020, 0x0020, 0x0020,
  0x0020, 0x0020, 0x0020, 0x0020, 0x0020, 0x0020, 0x0020, 0x0020, 0x0020, 0x0020, 0x0020, 0x0020,
  0x0020, 0x0020, 0x0020, 0x0020, 0x0020, 0x0020, 0x0020, 0x0020, 0x0020, 0x0020, 0x0020, 0x0020,
  0x0020, 0x0020, 0x0020, 0x0020, 0x0020, 0x0020, 0x0020, 0x0020, 0x0020, 0x0020, 0x0020, 0x0020,
  0x0020, 0x0020, 0x0020, 0x0020, 0x0020, 0x0020, 0x0020, 0x0020, 0x0020, 0x0020, 0x0020, 0x0020,
  0x0020, 0x0020, 0x0020, 0x0020, 0x0020, 0x0020, 0x0020, 0x0020, 0x0020, 0x0020, 0x0020, 0x0020,
  0x0020, 0x0020, 0x0020, 0x0020, 0x0020, 0x0020, 0x0020, 0x0020, 0x0020, 0x0020, 0x0020, 0x0020,
  0x0020, 0x0020, 0x0020, 0x0020, 0x0020, 0x0020, 0x0020, 0x0020, 0x0020, 0x0020, 0x0020, 0x0020,
  0x0020, 0x0020, 0x0020, 0x0020, 0x0020, 0x0020, 0x0020, 0x0020, 0x0020, 0x0020, 0x0020, 0x0020,
  0x0020, 0x0020, 0x0020, 0x0020, 0x0020, 0x0020, 0x0020, 0x0020, 0x0020, 0x0020, 0x0020, 0x0020,
  0x0020, 0x0020, 0x0020, 0x0020, 0x0020, 0x0020, 0x0020, 0x0020, 0x0020, 0x0020, 0x0020, 0x0020,
  0x0020, 0x0020, 0x0020, 0x0020, 0x0020, 0x0020, 0x0020, 0x0020, 0x0020, 0x0020, 0x0020, 0x0020,
  0x0020, 0x0020, 0x0020, 0x0020, 0x0020, 0x0020, 0x0020, 0x0020, 0x0020, 0x0020, 0x0020, 0x0020,
  0x0020, 0x0020, 0x0020, 0x0020, 0x0020, 0x0020, 0x0020, 0x0020, 0x0020, 0x0020, 0x0020, 0x0020,
  0x0020, 0x0020, 0x0020, 0x0020, 0x0020, 0x0020, 0x0020, 0x0020, 0x0020, 0x0020, 0x0020, 0x0020,
  0x0020, 0x0020, 0x0020, 0x0020, 0x0020, 0x0020, 0x0020, 0x0020, 0x0020, 0x0020, 0x0020, 0x0020,
  0x0020, 0x0020, 0x0020, 0x0020, 0x0020, 0x0020, 0x0020, 0x0020, 0x0020, 0x0020, 0x0020, 0x0020,
  0x0020, 0x0020, 0x0020, 0x0020, 0x0020, 0x0020, 0x0020, 0x0020, 0x0020, 0x0020, 0x0020, 0x0020,
  0x0020, 0x0020, 0x0020, 0x0020, 0x0020, 0x0020, 0x0020, 0x0020, 0x0020, 0x0020, 0x0020, 0x0020,
  0x0020, 0x0020, 0x0020, 0x0020, 0x0020, 0x0020, 0x0020, 0x0020, 0x0020, 0x0020, 0x0020, 0x0020,
  0x1082, 0x1082, 0x1082, 0x1082, 0x1082, 0x1082, 0x1082, 0x1082, 0x1082, 0x1082, 0x1082, 0x1082,
  0x1082, 0x1082, 0x1082, 0x1082, 0x1082, 0x1082, 0x1082, 0x1082, 0x1082, 0x1082, 0x1082, 0x1082,
  0x1082, 0x1082, 0x1082, 0x1082, 0x1082, 0x1082, 0x1082, 0x1082, 0x1082, 0x1082, 0x1082, 0x1082,
  0x1082, 0x1082, 0x1082, 0x1082, 0x1082, 0x1082, 0x1082, 0x1082, 0x1082, 0x1082, 0x1082, 0x1082,
  0x1082, 0x1082, 0x1082, 0x1082, 0x1082, 0x1082, 0x1082, 0x1082, 0x1082, 0x1082, 0x1082, 0x1082,
  0x1082, 0x1082, 0x1082, 0x1082, 0x1082, 0x1082, 0x1082, 0x1082, 0x1082, 0x1082, 0x1082, 0x1082,
  0x1082, 0x1082, 0x1082, 0x1082, 0x1082, 0x1082, 0x1082, 0x1082, 0x1082, 0x1082, 0x1082, 0x1082,
  0x1082, 0x1082, 0x1082, 0x1082, 0x1082, 0x1082, 0x1082, 0x1082, 0x1082, 0x1082, 0x1082, 0x1082,
  0x1082, 0x1082, 0x1082, 0x1082, 0x1082, 0x1082, 0x1082, 0x1082, 0x1082, 0x1082, 0x1082, 0x1082,
  0x1082, 0x1082, 0x1082, 0x1082, 0x1082, 0x1082, 0x1082, 0x1082, 0x1082, 0x1082, 0x1082, 0x1082,
  0x1082, 0x1082, 0x1082, 0x1082, 0x1082, 0x1082, 0x1082, 0x1082, 0x1082, 0x1082, 0x1082, 0x1082,
  0x1082, 0x1082, 0x1082, 0x1082, 0x1082, 0x1082, 0x1082, 0x1082, 0x1082, 0x1082, 0x1082, 0x1082,
  0x1082, 0x1082, 0x1082, 0x1082, 0x1082, 0x1082, 0x1082, 0x1082, 0x1082, 0x1082, 0x1082, 0x1082,
  0x1082, 0x1082, 0x1082, 0x1082, 0x1082, 0x1082, 0x1082, 0x1082, 0x1082, 0x1082, 0x1082, 0x1082,
  0x1082, 0x1082, 0x1082, 0x1082, 0x1082, 0x1082, 0x1082, 0x1082, 0x1082, 0x1082, 0x1082, 0x1082,
  0x1082, 0x1082, 0x1082, 0x1082, 0x1082, 0x1082, 0x1082, 0x1082, 0x1082, 0x1082, 0x1082, 0x1082,
  0x1082, 0x1082, 0x1082, 0x1082, 0x1082, 0x1082, 0x1082, 0x1082, 0x1082, 0x1082, 0x1082, 0x1082,
  0x1082, 0x1082, 0x1082, 0x1082, 0x1082, 0x1082, 0x1082, 0x1082, 0x1082, 0x1082, 0x1082, 0x1082,
  0x1082, 0x1082, 0x1082, 0x1082, 0x1082, 0x1082, 0x1082, 0x1082, 0x1082, 0x1082, 0x1082, 0x1082,
  0x1082, 0x1082, 0x1082, 0x1082, 0x1082, 0x1082, 0x1082, 0x1082, 0x1082, 0x1082, 0x1082, 0x1082,
  0x0000, 0x0000, 0x0000, 0x0000, 0x0000, 0x0000, 0x0000, 0x0000, 0x0000, 0x0000, 0x0000, 0x0000,
  0x0000, 0x0000, 0x0000, 0x0000, 0x0000, 0x0000, 0x0000, 0x0000, 0x0000, 0x0000, 0x0000, 0x0000,
  0x0000, 0x0000, 0x0000, 0x0000, 0x0000, 0x0000, 0x0000, 0x0000, 0x0000, 0x0000, 0x0000, 0x0000,
  0x0000, 0x0000, 0x0000, 0x0000, 0x0000, 0x0000, 0x0000, 0x0000, 0x0000, 0x0000, 0x0000, 0x0000,
  0x0000, 0x0000, 0x0000, 0x0000, 0x0000, 0x0000, 0x0000, 0x0000, 0x0000, 0x0000, 0x0000, 0x0000,
  0x0000, 0x0000, 0x0000, 0x0000, 0x0000, 0x0000, 0x0000, 0x0000, 0x0000, 0x0000, 0x0000, 0x0000,
  0x0000, 0x0000, 0x0000, 0x0000, 0x0000, 0x0000, 0x0000, 0x0000, 0x0000, 0x0000, 0x0000, 0x0000,
  0x0000, 0x0000, 0x0000, 0x0000, 0x0000, 0x0000, 0x0000, 0x0000, 0x0000, 0x0000, 0x0000, 0x0000,
  0x0000, 0x0000, 0x0000, 0x0000, 0x0000, 0x0000, 0x0000, 0x0000, 0x0000, 0x0000, 0x0000, 0x0000,
  0x0000, 0x0000, 0x0000, 0x0000, 0x0000, 0x0000, 0x0000, 0x0000, 0x0000, 0x0000, 0x0000, 0x0000,
  0x0000, 0x0000, 0x0000, 0x0000, 0x0000, 0x0000, 0x0000, 0x0000, 0x0000, 0x0000, 0x0000, 0x0000,
  0x0000, 0x0000, 0x0000, 0x0000, 0x0000, 0x0000, 0x0000, 0x0000, 0x0000, 0x0000, 0x0000, 0x0000,
  0x0000, 0x0000, 0x0000, 0x0000, 0x0000, 0x0000, 0x0000, 0x0000, 0x0000, 0x0000, 0x0000, 0x0000,
  0x0000, 0x0000, 0x0000, 0x0000, 0x0000, 0x0000, 0x0000, 0x0000, 0x0000, 0x0000, 0x0000, 0x0000,
  0x0000, 0x0000, 0x0000, 0x0000, 0x0000, 0x0000, 0x0000, 0x0000, 0x0000, 0x0000, 0x0000, 0x0000,
  0x0000, 0x0000, 0x0000, 0x0000, 0x0000, 0x0000, 0x0000, 0x0000, 0x0000, 0x0000, 0x0000, 0x0000,
  0x0000, 0x0000, 0x0000, 0x0000, 0x0000, 0x0000, 0x0000, 0x0000, 0x0000, 0x0000, 0x0000, 0x0000,
  0x0000, 0x0000, 0x0000, 0x0000, 0x0000, 0x0000, 0x0000, 0x0000, 0x0000, 0x0000, 0x0000, 0x0000,
  0x0000, 0x0000, 0x0000, 0x0000, 0x0000, 0x0000, 0x0000, 0x0000, 0x0000, 0x0000, 0x0000, 0x0000,
  0x0000, 0x0000, 0x0000, 0x0000, 0x0000, 0x0000, 0x0000, 0x0000, 0x0000, 0x0000, 0x0000, 0x0000,
  0x0861, 0x0861, 0x0861, 0x0861, 0x0861, 0x0861, 0x0861, 0x0861, 0x0861, 0x0861, 0x0861, 0x0861,
  0x0861, 0x0861, 0x0861, 0x0861, 0x0861, 0x0861, 0x0861, 0x0861, 0x0861, 0x0861, 0x0861, 0x0861,
  0x0861, 0x0861, 0x0861, 0x0861, 0x0861, 0x0861, 0x0861, 0x0861, 0x0861, 0x0861, 0x0861, 0x0861,
  0x0861, 0x0861, 0x0861, 0x0861, 0x0861, 0x0861, 0x0861, 0x0861, 0x0861, 0x0861, 0x0861, 0x0861,
  0x0861, 0x0861, 0x0861, 0x0861, 0x0861, 0x0861, 0x0861, 0x0861, 0x0861, 0x0861, 0x0861, 0x0861,
  0x0861, 0x0861, 0x0861, 0x0861, 0x0861, 0x0861, 0x0861, 0x0861, 0x0861, 0x0861, 0x0861, 0x0861,
  0x0861, 0x0861, 0x0861, 0x0861, 0x0861, 0x0861, 0x0861, 0x0861, 0x0861, 0x0861, 0x0861, 0x0861,
  0x0861, 0x0861, 0x0861, 0x0861, 0x0861, 0x0861, 0x0861, 0x0861, 0x0861, 0x0861, 0x0861, 0x0861,
  0x0861, 0x0861, 0x0861, 0x0861, 0x0861, 0x0861, 0x0861, 0x0861, 0x0861, 0x0861, 0x0861, 0x0861,
  0x0861, 0x0861, 0x0861, 0x0861, 0x0861, 0x0861, 0x0861, 0x0861, 0x0861, 0x0861, 0x0861, 0x0861,
  0x0861, 0x0861, 0x0861, 0x0861, 0x0861, 0x0861, 0x0861, 0x0861, 0x0861, 0x0861, 0x0861, 0x0861,
  0x0861, 0x0861, 0x0861, 0x0861, 0x0861, 0x0861, 0x0861, 0x0861, 0x0861, 0x0861, 0x0861, 0x0861,
  0x0861, 0x0861, 0x0861, 0x0861, 0x0861, 0x0861, 0x0861, 0x0861, 0x0861, 0x0861, 0x0861, 0x0861,
  0x0861, 0x0861, 0x0861, 0x0861, 0x0861, 0x0861, 0x0861, 0x0861, 0x0861, 0x0861, 0x0861, 0x0861,
  0x0861, 0x0861, 0x0861, 0x0861, 0x0861, 0x0861, 0x0861, 0x0861, 0x0861, 0x0861, 0x0861, 0x0861,
  0x0861, 0x0861, 0x0861, 0x0861, 0x0861, 0x0861, 0x0861, 0x0861, 0x0861, 0x0861, 0x0861, 0x0861,
  0x0861, 0x0861, 0x0861, 0x0861, 0x0861, 0x0861, 0x0861, 0x0861, 0x0861, 0x0861, 0x0861, 0x0861,
  0x0861, 0x0861, 0x0861, 0x0861, 0x0861, 0x0861, 0x0861, 0x0861, 0x0861, 0x0861, 0x0861, 0x0861,
  0x0861, 0x0861, 0x0861, 0x0861, 0x0861, 0x0861, 0x0861, 0x0861, 0x0861, 0x0861, 0x0861, 0x0861,
  0x0861, 0x0861, 0x0861, 0x0861, 0x0861, 0x0861, 0x0861, 0x0861, 0x0861, 0x0861, 0x0861, 0x0861,
  0x0841, 0x0841, 0x0841, 0x0841, 0x0841, 0x0841, 0x0841, 0x0841, 0x0841, 0x0841, 0x0841, 0x0841,
  0x0841, 0x0841, 0x0841, 0x0841, 0x0841, 0x0841, 0x0841, 0x0841, 0x0841, 0x0841, 0x0841, 0x0841,
  0x0841, 0x0841, 0x0841, 0x0841, 0x0841, 0x0841, 0x0841, 0x0841, 0x0841, 0x0841, 0x0841, 0x0841,
  0x0841, 0x0841, 0x0841, 0x0841, 0x0841, 0x0841, 0x0841, 0x0841, 0x0841, 0x0841, 0x0841, 0x0841,
  0x0841, 0x0841, 0x0841, 0x0841, 0x0841, 0x0841, 0x0841, 0x0841, 0x0841, 0x0841, 0x0841, 0x0841,
  0x0841, 0x0841, 0x0841, 0x0841, 0x0841, 0x0841, 0x0841, 0x0841, 0x0841, 0x0841, 0x0841, 0x0841,
  0x0841, 0x0841, 0x0841, 0x0841, 0x0841, 0x0841, 0x0841, 0x0841, 0x0841, 0x0841, 0x0841, 0x0841,
  0x0841, 0x0841, 0x0841, 0x0841, 0x0841, 0x0841, 0x0841, 0x0841, 0x0841, 0x0841, 0x0841, 0x0841,
  0x0841, 0x0841, 0x0841, 0x0841, 0x0841, 0x0841, 0x0841, 0x0841, 0x0841, 0x0841, 0x0841, 0x0841,
  0x0841, 0x0841, 0x0841, 0x0841, 0x0841, 0x0841, 0x0841, 0x0841, 0x0841, 0x0841, 0x0841, 0x0841,
  0x0841, 0x0841, 0x0841, 0x0841, 0x0841, 0x0841, 0x0841, 0x0841, 0x0841, 0x0841, 0x0841, 0x0841,
  0x0841, 0x0841, 0x0841, 0x0841, 0x0841, 0x0841, 0x0841, 0x0841, 0x0841, 0x0841, 0x0841, 0x0841,
  0x0841, 0x0841, 0x0841, 0x0841, 0x0841, 0x0841, 0x0841, 0x0841, 0x0841, 0x0841, 0x0841, 0x0841,
  0x0841, 0x0841, 0x0841, 0x0841, 0x0841, 0x0841, 0x0841, 0x0841, 0x0841, 0x0841, 0x0841, 0x0841,
  0x0841, 0x0841, 0x0841, 0x0841, 0x0841, 0x0841, 0x0841, 0x0841, 0x0841, 0x0841, 0x0841, 0x0841,
  0x0841, 0x0841, 0x0841, 0x0841, 0x0841, 0x0841, 0x0841, 0x0841, 0x0841, 0x0841, 0x0841, 0x0841,
  0x0841, 0x0841, 0x0841, 0x0841, 0x0841, 0x0841, 0x0841, 0x0841, 0x0841, 0x0841, 0x0841, 0x0841,
  0x0841, 0x0841, 0x0841, 0x0841, 0x0841, 0x0841, 0x0841, 0x0841, 0x0841, 0x0841, 0x0841, 0x0841,
  0x0841, 0x0841, 0x0841, 0x0841, 0x0841, 0x0841, 0x0841, 0x0841, 0x0841, 0x0841, 0x0841, 0x0841,
  0x0841, 0x0841, 0x0841, 0x0841, 0x0841, 0x0841, 0x0841, 0x0841, 0x0841, 0x0841, 0x0841, 0x0841,
  0x0000, 0x0000, 0x0000, 0x0000, 0x0000, 0x0000, 0x0000, 0x0000, 0x0000, 0x0000, 0x0000, 0x0000,
  0x0000, 0x0000, 0x0000, 0x0000, 0x0000, 0x0000, 0x0000, 0x0000, 0x0000, 0x0000, 0x0000, 0x0000,
  0x0000, 0x0000, 0x0000, 0x0000, 0x0000, 0x0000, 0x0000, 0x0000, 0x0000, 0x0000, 0x0000, 0x0000,
  0x0000, 0x0000, 0x0000, 0x0000, 0x0000, 0x0000, 0x0000, 0x0000, 0x0000, 0x0000, 0x0000, 0x0000,
  0x0000, 0x0000, 0x0000, 0x0000, 0x0000, 0x0000, 0x0000, 0x0000, 0x0000, 0x0000, 0x0000, 0x0000,
  0x0000, 0x0000, 0x0000, 0x0000, 0x0000, 0x0000, 0x0000, 0x0000, 0x0000, 0x0000, 0x0000, 0x0000,
  0x0000, 0x0000, 0x0000, 0x0000, 0x0000, 0x0000, 0x0000, 0x0000, 0x0000, 0x0000, 0x0000, 0x0000,
  0x0000, 0x0000, 0x0000, 0x0000, 0x0000, 0x0000, 0x0000, 0x0000, 0x0000, 0x0000, 0x0000, 0x0000,
  0x0000, 0x0000, 0x0000, 0x0000, 0x0000, 0x0000, 0x0000, 0x0000, 0x0000, 0x0000, 0x0000, 0x0000,
  0x0000, 0x0000, 0x0000, 0x0000, 0x0000, 0x0000, 0x0000, 0x0000, 0x0000, 0x0000, 0x0000, 0x0000,
  0x0000, 0x0000, 0x0000, 0x0000, 0x0000, 0x0000, 0x0000, 0x0000, 0x0000, 0x0000, 0x0000, 0x0000,
  0x0000, 0x0000, 0x0000, 0x0000, 0x0000, 0x0000, 0x0000, 0x0000, 0x0000, 0x0000, 0x0000, 0x0000,
  0x0000, 0x0000, 0x0000, 0x0000, 0x0000, 0x0000, 0x0000, 0x0000, 0x0000, 0x0000, 0x0000, 0x0000,
  0x0000, 0x0000, 0x0000, 0x0000, 0x0000, 0x0000, 0x0000, 0x0000, 0x0000, 0x0000, 0x0000, 0x0000,
  0x0000, 0x0000, 0x0000, 0x0000, 0x0000, 0x0000, 0x0000, 0x0000, 0x0000, 0x0000, 0x0000, 0x0000,
  0x0000, 0x0000, 0x0000, 0x0000, 0x0000, 0x0000, 0x0000, 0x0000, 0x0000, 0x0000, 0x0000, 0x0000,
  0x0000, 0x0000, 0x0000, 0x0000, 0x0000, 0x0000, 0x0000, 0x0000, 0x0000, 0x0000, 0x0000, 0x0000,
  0x0000, 0x0000, 0x0000, 0x0000, 0x0000, 0x0000, 0x0000, 0x0000, 0x0000, 0x0000, 0x0000, 0x0000,
  0x0000, 0x0000, 0x0000, 0x0000, 0x0000, 0x0000, 0x0000, 0x0000, 0x0000, 0x0000, 0x0000, 0x0000,
  0x0000, 0x0000, 0x0000, 0x0000, 0x0000, 0x0000, 0x0000, 0x0000, 0x0000, 0x0000, 0x0000, 0x0000,
  0x1082, 0x1082, 0x1082, 0x1082, 0x1082, 0x1082, 0x1082, 0x1082, 0x1082, 0x1082, 0x1082, 0x1082,
  0x1082, 0x1082, 0x1082, 0x1082, 0x1082, 0x1082, 0x1082, 0x1082, 0x1082, 0x1082, 0x1082, 0x1082,
  0x1082, 0x1082, 0x1082, 0x1082, 0x1082, 0x1082, 0x1082, 0x1082, 0x1082, 0x1082, 0x1082, 0x1082,
  0x1082, 0x1082, 0x1082, 0x1082, 0x1082, 0x1082, 0x1082, 0x1082, 0x1082, 0x1082, 0x1082, 0x1082,
  0x1082, 0x1082, 0x1082, 0x1082, 0x1082, 0x1082, 0x1082, 0x1082, 0x1082, 0x1082, 0x1082, 0x1082,
  0x1082, 0x1082, 0x1082, 0x1082, 0x1082, 0x1082, 0x1082, 0x1082, 0x1082, 0x1082, 0x1082, 0x1082,
  0x1082, 0x1082, 0x1082, 0x1082, 0x1082, 0x1082, 0x1082, 0x1082, 0x1082, 0x1082, 0x1082, 0x1082,
  0x1082, 0x1082, 0x1082, 0x1082, 0x1082, 0x1082, 0x1082, 0x1082, 0x1082, 0x1082, 0x1082, 0x1082,
  0x1082, 0x1082, 0x1082, 0x1082, 0x1082, 0x1082, 0x1082, 0x1082, 0x1082, 0x1082, 0x1082, 0x1082,
  0x1082, 0x1082, 0x1082, 0x1082, 0x1082, 0x1082, 0x1082, 0x1082, 0x1082, 0x1082, 0x1082, 0x1082,
  0x1082, 0x1082, 0x1082, 0x1082, 0x1082, 0x1082, 0x1082, 0x1082, 0x1082, 0x1082, 0x1082, 0x1082,
  0x1082, 0x1082, 0x1082, 0x1082, 0x1082, 0x1082, 0x1082, 0x1082, 0x1082, 0x1082, 0x1082, 0x1082,
  0x1082, 0x1082, 0x1082, 0x1082, 0x1082, 0x1082, 0x1082, 0x1082, 0x1082, 0x1082, 0x1082, 0x1082,
  0x1082, 0x1082, 0x1082, 0x1082, 0x1082, 0x1082, 0x1082, 0x1082, 0x1082, 0x1082, 0x1082, 0x1082,
  0x1082, 0x1082, 0x1082, 0x1082, 0x1082, 0x1082, 0x1082, 0x1082, 0x1082, 0x1082, 0x1082, 0x1082,
  0x1082, 0x1082, 0x1082, 0x1082, 0x1082, 0x1082, 0x1082, 0x1082, 0x1082, 0x1082, 0x1082, 0x1082,
  0x1082, 0x1082, 0x1082, 0x1082, 0x1082, 0x1082, 0x1082, 0x1082, 0x1082, 0x1082, 0x1082, 0x1082,
  0x1082, 0x1082, 0x1082, 0x1082, 0x1082, 0x1082, 0x1082, 0x1082, 0x1082, 0x1082, 0x1082, 0x1082,
  0x1082, 0x1082, 0x1082, 0x1082, 0x1082, 0x1082, 0x1082, 0x1082, 0x1082, 0x1082, 0x1082, 0x1082,
  0x1082, 0x1082, 0x1082, 0x1082, 0x1082, 0x1082, 0x1082, 0x1082, 0x1082, 0x1082, 0x1082, 0x1082,
  0x0000, 0x0000, 0x0000, 0x0000, 0x0000, 0x0000, 0x0000, 0x0000, 0x0000, 0x0000, 0x0000, 0x0000,
  0x0000, 0x0000, 0x0000, 0x0000, 0x0000, 0x0000, 0x0000, 0x0000, 0x0000, 0x0000, 0x0000, 0x0000,
  0x0000, 0x0000, 0x0000, 0x0000, 0x0000, 0x0000, 0x0000, 0x0000, 0x0000, 0x0000, 0x0000, 0x0000,
  0x0000, 0x0000, 0x0000, 0x0000, 0x0000, 0x0000, 0x0000, 0x0000, 0x0000, 0x0000, 0x0000, 0x0000,
  0x0000, 0x0000, 0x0000, 0x0000, 0x0000, 0x0000, 0x0000, 0x0000, 0x0000, 0x0000, 0x0000, 0x0000,
  0x0000, 0x0000, 0x0000, 0x0000, 0x0000, 0x0000, 0x0000, 0x0000, 0x0000, 0x0000, 0x0000, 0x0000,
  0x0000, 0x0000, 0x0000, 0x0000, 0x0000, 0x0000, 0x0000, 0x0000, 0x0000, 0x0000, 0x0000, 0x0000,
  0x0000, 0x0000, 0x0000, 0x0000, 0x0000, 0x0000, 0x0000, 0x0000, 0x0000, 0x0000, 0x0000, 0x0000,
  0x0000, 0x0000, 0x0000, 0x0000, 0x0000, 0x0000, 0x0000, 0x0000, 0x0000, 0x0000, 0x0000, 0x0000,
  0x0000, 0x0000, 0x0000, 0x0000, 0x0000, 0x0000, 0x0000, 0x0000, 0x0000, 0x0000, 0x0000, 0x0000,
  0x0000, 0x0000, 0x0000, 0x0000, 0x0000, 0x0000, 0x0000, 0x0000, 0x0000, 0x0000, 0x0000, 0x0000,
  0x0000, 0x0000, 0x0000, 0x0000, 0x0000, 0x0000, 0x0000, 0x0000, 0x0000, 0x0000, 0x0000, 0x0000,
  0x0000, 0x0000, 0x0000, 0x0000, 0x0000, 0x0000, 0x0000, 0x0000, 0x0000, 0x0000, 0x0000, 0x0000,
  0x0000, 0x0000, 0x0000, 0x0000, 0x0000, 0x0000, 0x0000, 0x0000, 0x0000, 0x0000, 0x0000, 0x0000,
  0x0000, 0x0000, 0x0000, 0x0000, 0x0000, 0x0000, 0x0000, 0x0000, 0x0000, 0x0000, 0x0000, 0x0000,
  0x0000, 0x0000, 0x0000, 0x0000, 0x0000, 0x0000, 0x0000, 0x0000, 0x0000, 0x0000, 0x0000, 0x0000,
  0x0000, 0x0000, 0x0000, 0x0000, 0x0000, 0x0000, 0x0000, 0x0000, 0x0000, 0x0000, 0x0000, 0x0000,
  0x0000, 0x0000, 0x0000, 0x0000, 0x0000, 0x0000, 0x0000, 0x0000, 0x0000, 0x0000, 0x0000, 0x0000,
  0x0000, 0x0000, 0x0000, 0x0000, 0x0000, 0x0000, 0x0000, 0x0000, 0x0000, 0x0000, 0x0000, 0x0000,
  0x0000, 0x0000, 0x0000, 0x0000, 0x0000, 0x0000, 0x0000, 0x0000, 0x0000, 0x0000, 0x0000, 0x0000,
  0x0841, 0x0841, 0x0841, 0x0841, 0x0841, 0x0841, 0x0841, 0x0841, 0x0841, 0x0841, 0x0841, 0x0841,
  0x0841, 0x0841, 0x0841, 0x0841, 0x0841, 0x0841, 0x0841, 0x0841, 0x0841, 0x0841, 0x0841, 0x0841,
  0x0841, 0x0841, 0x0841, 0x0841, 0x0841, 0x0841, 0x0841, 0x0841, 0x0841, 0x0841, 0x0841, 0x0841,
  0x0841, 0x0841, 0x0841, 0x0841, 0x0841, 0x0841, 0x0841, 0x0841, 0x0841, 0x0841, 0x0841, 0x0841,
  0x0841, 0x0841, 0x0841, 0x0841, 0x0841, 0x0841, 0x0841, 0x0841, 0x0841, 0x0841, 0x0841, 0x0841,
  0x0841, 0x0841, 0x0841, 0x0841, 0x0841, 0x0841, 0x0841, 0x0841, 0x0841, 0x0841, 0x0841, 0x0841,
  0x0841, 0x0841, 0x0841, 0x0841, 0x0841, 0x0841, 0x0841, 0x0841, 0x0841, 0x0841, 0x0841, 0x0841,
  0x0841, 0x0841, 0x0841, 0x0841, 0x0841, 0x0841, 0x0841, 0x0841, 0x0841, 0x0841, 0x0841, 0x0841,
  0x0841, 0x0841, 0x0841, 0x0841, 0x0841, 0x0841, 0x0841, 0x0841, 0x0841, 0x0841, 0x0841, 0x0841,
  0x0841, 0x0841, 0x0841, 0x0841, 0x0841, 0x0841, 0x0841, 0x0841, 0x0841, 0x0841, 0x0841, 0x0841,
  0x0841, 0x0841, 0x0841, 0x0841, 0x0841, 0x0841, 0x0841, 0x0841, 0x0841, 0x0841, 0x0841, 0x0841,
  0x0841, 0x0841, 0x0841, 0x0841, 0x0841, 0x0841, 0x0841, 0x0841, 0x0841, 0x0841, 0x0841, 0x0841,
  0x0841, 0x0841, 0x0841, 0x0841, 0x0841, 0x0841, 0x0841, 0x0841, 0x0841, 0x0841, 0x0841, 0x0841,
  0x0841, 0x0841, 0x0841, 0x0841, 0x0841, 0x0841, 0x0841, 0x0841, 0x0841, 0x0841, 0x0841, 0x0841,
  0x0841, 0x0841, 0x0841, 0x0841, 0x0841, 0x0841, 0x0841, 0x0841, 0x0841, 0x0841, 0x0841, 0x0841,
  0x0841, 0x0841, 0x0841, 0x0841, 0x0841, 0x0841, 0x0841, 0x0841, 0x0841, 0x0841, 0x0841, 0x0841,
  0x0841, 0x0841, 0x0841, 0x0841, 0x0841, 0x0841, 0x0841, 0x0841, 0x0841, 0x0841, 0x0841, 0x0841,
  0x0841, 0x0841, 0x0841, 0x0841, 0x0841, 0x0841, 0x0841, 0x0841, 0x0841, 0x0841, 0x0841, 0x0841,
  0x0841, 0x0841, 0x0841, 0x0841, 0x0841, 0x0841, 0x0841, 0x0841, 0x0841, 0x0841, 0x0841, 0x0841,
  0x0841, 0x0841, 0x0841, 0x0841, 0x0841, 0x0841, 0x0841, 0x0841, 0x0841, 0x0841, 0x0841, 0x0841,
  0x1082, 0x1082, 0x1082, 0x1082, 0x1082, 0x1082, 0x1082, 0x1082, 0x1082, 0x1082, 0x1082, 0x1082,
  0x1082, 0x1082, 0x1082, 0x1082, 0x1082, 0x1082, 0x1082, 0x1082, 0x1082, 0x1082, 0x1082, 0x1082,
  0x1082, 0x1082, 0x1082, 0x1082, 0x1082, 0x1082, 0x1082, 0x1082, 0x1082, 0x1082, 0x1082, 0x1082,
  0x1082, 0x1082, 0x1082, 0x1082, 0x1082, 0x1082, 0x1082, 0x1082, 0x1082, 0x1082, 0x1082, 0x1082,
  0x1082, 0x1082, 0x1082, 0x1082, 0x1082, 0x1082, 0x1082, 0x1082, 0x1082, 0x1082, 0x1082, 0x1082,
  0x1082, 0x1082, 0x1082, 0x1082, 0x1082, 0x1082, 0x1082, 0x1082, 0x1082, 0x1082, 0x1082, 0x1082,
  0x1082, 0x1082, 0x1082, 0x1082, 0x1082, 0x1082, 0x1082, 0x1082, 0x1082, 0x1082, 0x1082, 0x1082,
  0x1082, 0x1082, 0x1082, 0x1082, 0x1082, 0x1082, 0x1082, 0x1082, 0x1082, 0x1082, 0x1082, 0x1082,
  0x1082, 0x1082, 0x1082, 0x1082, 0x1082, 0x1082, 0x1082, 0x1082, 0x1082, 0x1082, 0x1082, 0x1082,
  0x1082, 0x1082, 0x1082, 0x1082, 0x1082, 0x1082, 0x1082, 0x1082, 0x1082, 0x1082, 0x1082, 0x1082,
  0x1082, 0x1082, 0x1082, 0x1082, 0x1082, 0x1082, 0x1082, 0x1082, 0x1082, 0x1082, 0x1082, 0x1082,
  0x1082, 0x1082, 0x1082, 0x1082, 0x1082, 0x1082, 0x1082, 0x1082, 0x1082, 0x1082, 0x1082, 0x1082,
  0x1082, 0x1082, 0x1082, 0x1082, 0x1082, 0x1082, 0x1082, 0x1082, 0x1082, 0x1082, 0x1082, 0x1082,
  0x1082, 0x1082, 0x1082, 0x1082, 0x1082, 0x1082, 0x1082, 0x1082, 0x1082, 0x1082, 0x1082, 0x1082,
  0x1082, 0x1082, 0x1082, 0x1082, 0x1082, 0x1082, 0x1082, 0x1082, 0x1082, 0x1082, 0x1082, 0x1082,
  0x1082, 0x1082, 0x1082, 0x1082, 0x1082, 0x1082, 0x1082, 0x1082, 0x1082, 0x1082, 0x1082, 0x1082,
  0x1082, 0x1082, 0x1082, 0x1082, 0x1082, 0x1082, 0x1082, 0x1082, 0x1082, 0x1082, 0x1082, 0x1082,
  0x1082, 0x1082, 0x1082, 0x1082, 0x1082, 0x1082, 0x1082, 0x1082, 0x1082, 0x1082, 0x1082, 0x1082,
  0x1082, 0x1082, 0x1082, 0x1082, 0x1082, 0x1082, 0x1082, 0x1082, 0x1082, 0x1082, 0x1082, 0x1082,
  0x1082, 0x1082, 0x1082, 0x1082, 0x1082, 0x1082, 0x1082, 0x1082, 0x1082, 0x1082, 0x1082, 0x1082,
  0x0000, 0x0000, 0x0000, 0x0000, 0x0000, 0x0000, 0x0000, 0x0000, 0x0000, 0x0000, 0x0000, 0x0000,
  0x0000, 0x0000, 0x0000, 0x0000, 0x0000, 0x0000, 0x0000, 0x0000, 0x0000, 0x0000, 0x0000, 0x0000,
  0x0000, 0x0000, 0x0000, 0x0000, 0x0000, 0x0000, 0x0000, 0x0000, 0x0000, 0x0000, 0x0000, 0x0000,
  0x0000, 0x0000, 0x0000, 0x0000, 0x0000, 0x0000, 0x0000, 0x0000, 0x0000, 0x0000, 0x0000, 0x0000,
  0x0000, 0x0000, 0x0000, 0x0000, 0x0000, 0x0000, 0x0000, 0x0000, 0x0000, 0x0000, 0x0000, 0x0000,
  0x0000, 0x0000, 0x0000, 0x0000, 0x0000, 0x0000, 0x0000, 0x0000, 0x0000, 0x0000, 0x0000, 0x0000,
  0x0000, 0x0000, 0x0000, 0x0000, 0x0000, 0x0000, 0x0000, 0x0000, 0x0000, 0x0000, 0x0000, 0x0000,
  0x0000, 0x0000, 0x0000, 0x0000, 0x0000, 0x0000, 0x0000, 0x0000, 0x0000, 0x0000, 0x0000, 0x0000,
  0x0000, 0x0000, 0x0000, 0x0000, 0x0000, 0x0000, 0x0000, 0x0000, 0x0000, 0x0000, 0x0000, 0x0000,
  0x0000, 0x0000, 0x0000, 0x0000, 0x0000, 0x0000, 0x0000, 0x0000, 0x0000, 0x0000, 0x0000, 0x0000,
  0x0000, 0x0000, 0x0000, 0x0000, 0x0000, 0x0000, 0x0000, 0x0000, 0x0000, 0x0000, 0x0000, 0x0000,
  0x0000, 0x0000, 0x0000, 0x0000, 0x0000, 0x0000, 0x0000, 0x0000, 0x0000, 0x0000, 0x0000, 0x0000,
  0x0000, 0x0000, 0x0000, 0x0000, 0x0000, 0x0000, 0x0000, 0x0000, 0x0000, 0x0000, 0x0000, 0x0000,
  0x0000, 0x0000, 0x0000, 0x0000, 0x0000, 0x0000, 0x0000, 0x0000, 0x0000, 0x0000, 0x0000, 0x0000,
  0x0000, 0x0000, 0x0000, 0x0000, 0x0000, 0x0000, 0x0000, 0x0000, 0x0000, 0x0000, 0x0000, 0x0000,
  0x0000, 0x0000, 0x0000, 0x0000, 0x0000, 0x0000, 0x0000, 0x0000, 0x0000, 0x0000, 0x0000, 0x0000,
  0x0000, 0x0000, 0x0000, 0x0000, 0x0000, 0x0000, 0x0000, 0x0000, 0x0000, 0x0000, 0x0000, 0x0000,
  0x0000, 0x0000, 0x0000, 0x0000, 0x0000, 0x0000, 0x0000, 0x0000, 0x0000, 0x0000, 0x0000, 0x0000,
  0x0000, 0x0000, 0x0000, 0x0000, 0x0000, 0x0000, 0x0000, 0x0000, 0x0000, 0x0000, 0x0000, 0x0000,
  0x0000, 0x0000, 0x0000, 0x0000, 0x0000, 0x0000, 0x0000, 0x0000, 0x0000, 0x0000, 0x0000, 0x0000,
  0x1082, 0x1082, 0x1082, 0x1082, 0x1082, 0x1082, 0x1082, 0x1082, 0x1082, 0x1082, 0x1082, 0x1082,
  0x1082, 0x1082, 0x1082, 0x1082, 0x1082, 0x1082, 0x1082, 0x1082, 0x1082, 0x1082, 0x1082, 0x1082,
  0x1082, 0x1082, 0x1082, 0x1082, 0x1082, 0x1082, 0x1082, 0x1082, 0x1082, 0x1082, 0x1082, 0x1082,
  0x1082, 0x1082, 0x1082, 0x1082, 0x1082, 0x1082, 0x1082, 0x1082, 0x1082, 0x1082, 0x1082, 0x1082,
  0x1082, 0x1082, 0x1082, 0x1082, 0x1082, 0x1082, 0x1082, 0x1082, 0x1082, 0x1082, 0x1082, 0x1082,
  0x1082, 0x1082, 0x1082, 0x1082, 0x1082, 0x1082, 0x1082, 0x1082, 0x1082, 0x1082, 0x1082, 0x1082,
  0x1082, 0x1082, 0x1082, 0x1082, 0x1082, 0x1082, 0x1082, 0x1082, 0x1082, 0x1082, 0x1082, 0x1082,
  0x1082, 0x1082, 0x1082, 0x1082, 0x1082, 0x1082, 0x1082, 0x1082, 0x1082, 0x1082, 0x1082, 0x1082,
  0x1082, 0x1082, 0x1082, 0x1082, 0x1082, 0x1082, 0x1082, 0x1082, 0x1082, 0x1082, 0x1082, 0x1082,
  0x1082, 0x1082, 0x1082, 0x1082, 0x1082, 0x1082, 0x1082, 0x1082, 0x1082, 0x1082, 0x1082, 0x1082,
  0x1082, 0x1082, 0x1082, 0x1082, 0x1082, 0x1082, 0x1082, 0x1082, 0x1082, 0x1082, 0x1082, 0x1082,
  0x1082, 0x1082, 0x1082, 0x1082, 0x1082, 0x1082, 0x1082, 0x1082, 0x1082, 0x1082, 0x1082, 0x1082,
  0x1082, 0x1082, 0x1082, 0x1082, 0x1082, 0x1082, 0x1082, 0x1082, 0x1082, 0x1082, 0x1082, 0x1082,
  0x1082, 0x1082, 0x1082, 0x1082, 0x1082, 0x1082, 0x1082, 0x1082, 0x1082, 0x1082, 0x1082, 0x1082,
  0x1082, 0x1082, 0x1082, 0x1082, 0x1082, 0x1082, 0x1082, 0x1082, 0x1082, 0x1082, 0x1082, 0x1082,
  0x1082, 0x1082, 0x1082, 0x1082, 0x1082, 0x1082, 0x1082, 0x1082, 0x1082, 0x1082, 0x1082, 0x1082,
  0x1082, 0x1082, 0x1082, 0x1082, 0x1082, 0x1082, 0x1082, 0x1082, 0x1082, 0x1082, 0x1082, 0x1082,
  0x1082, 0x1082, 0x1082, 0x1082, 0x1082, 0x1082, 0x1082, 0x1082, 0x1082, 0x1082, 0x1082, 0x1082,
  0x1082, 0x1082, 0x1082, 0x1082, 0x1082, 0x1082, 0x1082, 0x1082, 0x1082, 0x1082, 0x1082, 0x1082,
  0x1082, 0x1082, 0x1082, 0x1082, 0x1082, 0x1082, 0x1082, 0x1082, 0x1082, 0x1082, 0x1082, 0x1082,
  0x0841, 0x0841, 0x0841, 0x0841, 0x0841, 0x0841, 0x0841, 0x0841, 0x0841, 0x0841, 0x0841, 0x0841,
  0x0841, 0x0841, 0x0841, 0x0841, 0x0841, 0x0841, 0x0841, 0x0841, 0x0841, 0x0841, 0x0841, 0x0841,
  0x0841, 0x0841, 0x0841, 0x0841, 0x0841, 0x0841, 0x0841, 0x0841, 0x0841, 0x0841, 0x0841, 0x0841,
  0x0841, 0x0841, 0x0841, 0x0841, 0x0841, 0x0841, 0x0841, 0x0841, 0x0841, 0x0841, 0x0841, 0x0841,
  0x0841, 0x0841, 0x0841, 0x0841, 0x0841, 0x0841, 0x0841, 0x0841, 0x0841, 0x0841, 0x0841, 0x0841,
  0x0841, 0x0841, 0x0841, 0x0841, 0x0841, 0x0841, 0x0841, 0x0841, 0x0841, 0x0841, 0x0841, 0x0841,
  0x0841, 0x0841, 0x0841, 0x0841, 0x0841, 0x0841, 0x0841, 0x0841, 0x0841, 0x0841, 0x0841, 0x0841,
  0x0841, 0x0841, 0x0841, 0x0841, 0x0841, 0x0841, 0x0841, 0x0841, 0x0841, 0x0841, 0x0841, 0x0841,
  0x0841, 0x0841, 0x0841, 0x0841, 0x0841, 0x0841, 0x0841, 0x0841, 0x0841, 0x0841, 0x0841, 0x0841,
  0x0841, 0x0841, 0x0841, 0x0841, 0x0841, 0x0841, 0x0841, 0x0841, 0x0841, 0x0841, 0x0841, 0x0841,
  0x0841, 0x0841, 0x0841, 0x0841, 0x0841, 0x0841, 0x0841, 0x0841, 0x0841, 0x0841, 0x0841, 0x0841,
  0x0841, 0x0841, 0x0841, 0x0841, 0x0841, 0x0841, 0x0841, 0x0841, 0x0841, 0x0841, 0x0841, 0x0841,
  0x0841, 0x0841, 0x0841, 0x0841, 0x0841, 0x0841, 0x0841, 0x0841, 0x0841, 0x0841, 0x0841, 0x0841,
  0x0841, 0x0841, 0x0841, 0x0841, 0x0841, 0x0841, 0x0841, 0x0841, 0x0841, 0x0841, 0x0841, 0x0841,
  0x0841, 0x0841, 0x0841, 0x0841, 0x0841, 0x0841, 0x0841, 0x0841, 0x0841, 0x0841, 0x0841, 0x0841,
  0x0841, 0x0841, 0x0841, 0x0841, 0x0841, 0x0841, 0x0841, 0x0841, 0x0841, 0x0841, 0x0841, 0x0841,
  0x0841, 0x0841, 0x0841, 0x0841, 0x0841, 0x0841, 0x0841, 0x0841, 0x0841, 0x0841, 0x0841, 0x0841,
  0x0841, 0x0841, 0x0841, 0x0841, 0x0841, 0x0841, 0x0841, 0x0841, 0x0841, 0x0841, 0x0841, 0x0841,
  0x0841, 0x0841, 0x0841, 0x0841, 0x0841, 0x0841, 0x0841, 0x0841, 0x0841, 0x0841, 0x0841, 0x0841,
  0x0841, 0x0841, 0x0841, 0x0841, 0x0841, 0x0841, 0x0841, 0x0841, 0x0841, 0x0841, 0x0841, 0x0841,
  0x0000, 0x0000, 0x0000, 0x0000, 0x0000, 0x0000, 0x0000, 0x0000, 0x0000, 0x0000, 0x0000, 0x0000,
  0x0000, 0x0000, 0x0000, 0x0000, 0x0000, 0x0000, 0x0000, 0x0000, 0x0000, 0x0000, 0x0000, 0x0000,
  0x0000, 0x0000, 0x0000, 0x0000, 0x0000, 0x0000, 0x0000, 0x0000, 0x0000, 0x0000, 0x0000, 0x0000,
  0x0000, 0x0000, 0x0000, 0x0000, 0x0000, 0x0000, 0x0000, 0x0000, 0x0000, 0x0000, 0x0000, 0x0000,
  0x0000, 0x0000, 0x0000, 0x0000, 0x0000, 0x0000, 0x0000, 0x0000, 0x0000, 0x0000, 0x0000, 0x0000,
  0x0000, 0x0000, 0x0000, 0x0000, 0x0000, 0x0000, 0x0000, 0x0000, 0x0000, 0x0000, 0x0000, 0x0000,
  0x0000, 0x0000, 0x0000, 0x0000, 0x0000, 0x0000, 0x0000, 0x0000, 0x0000, 0x0000, 0x0000, 0x0000,
  0x0000, 0x0000, 0x0000, 0x0000, 0x0000, 0x0000, 0x0000, 0x0000, 0x0000, 0x0000, 0x0000, 0x0000,
  0x0000, 0x0000, 0x0000, 0x0000, 0x0000, 0x0000, 0x0000, 0x0000, 0x0000, 0x0000, 0x0000, 0x0000,
  0x0000, 0x0000, 0x0000, 0x0000, 0x0000, 0x0000, 0x0000, 0x0000, 0x0000, 0x0000, 0x0000, 0x0000,
  0x0000, 0x0000, 0x0000, 0x0000, 0x0000, 0x0000, 0x0000, 0x0000, 0x0000, 0x0000, 0x0000, 0x0000,
  0x0000, 0x0000, 0x0000, 0x0000, 0x0000, 0x0000, 0x0000, 0x0000, 0x0000, 0x0000, 0x0000, 0x0000,
  0x0000, 0x0000, 0x0000, 0x0000, 0x0000, 0x0000, 0x0000, 0x0000, 0x0000, 0x0000, 0x0000, 0x0000,
  0x0000, 0x0000, 0x0000, 0x0000, 0x0000, 0x0000, 0x0000, 0x0000, 0x0000, 0x0000, 0x0000, 0x0000,
  0x0000, 0x0000, 0x0000, 0x0000, 0x0000, 0x0000, 0x0000, 0x0000, 0x0000, 0x0000, 0x0000, 0x0000,
  0x0000, 0x0000, 0x0000, 0x0000, 0x0000, 0x0000, 0x0000, 0x0000, 0x0000, 0x0000, 0x0000, 0x0000,
  0x0000, 0x0000, 0x0000, 0x0000, 0x0000, 0x0000, 0x0000, 0x0000, 0x0000, 0x0000, 0x0000, 0x0000,
  0x0000, 0x0000, 0x0000, 0x0000, 0x0000, 0x0000, 0x0000, 0x0000, 0x0000, 0x0000, 0x0000, 0x0000,
  0x0000, 0x0000, 0x0000, 0x0000, 0x0000, 0x0000, 0x0000, 0x0000, 0x0000, 0x0000, 0x0000, 0x0000,
  0x0000, 0x0000, 0x0000, 0x0000, 0x0000, 0x0000, 0x0000, 0x0000, 0x0000, 0x0000, 0x0000, 0x0000,
  0x1082, 0x1082, 0x1082, 0x1082, 0x1082, 0x1082, 0x1082, 0x1082, 0x1082, 0x1082, 0x1082, 0x1082,
  0x1082, 0x1082, 0x1082, 0x1082, 0x1082, 0x1082, 0x1082, 0x1082, 0x1082, 0x1082, 0x1082, 0x1082,
  0x1082, 0x1082, 0x1082, 0x1082, 0x1082, 0x1082, 0x1082, 0x1082, 0x1082, 0x1082, 0x1082, 0x1082,
  0x1082, 0x1082, 0x1082, 0x1082, 0x1082, 0x1082, 0x1082, 0x1082, 0x1082, 0x1082, 0x1082, 0x1082,
  0x1082, 0x1082, 0x1082, 0x1082, 0x1082, 0x1082, 0x1082, 0x1082, 0x1082, 0x1082, 0x1082, 0x1082,
  0x1082, 0x1082, 0x1082, 0x1082, 0x1082, 0x1082, 0x1082, 0x1082, 0x1082, 0x1082, 0x1082, 0x1082,
  0x1082, 0x1082, 0x1082, 0x1082, 0x1082, 0x1082, 0x1082, 0x1082, 0x1082, 0x1082, 0x1082, 0x1082,
  0x1082, 0x1082, 0x1082, 0x1082, 0x1082, 0x1082, 0x1082, 0x1082, 0x1082, 0x1082, 0x1082, 0x1082,
  0x1082, 0x1082, 0x1082, 0x1082, 0x1082, 0x1082, 0x1082, 0x1082, 0x1082, 0x1082, 0x1082, 0x1082,
  0x1082, 0x1082, 0x1082, 0x1082, 0x1082, 0x1082, 0x1082, 0x1082, 0x1082, 0x1082, 0x1082, 0x1082,
  0x1082, 0x1082, 0x1082, 0x1082, 0x1082, 0x1082, 0x1082, 0x1082, 0x1082, 0x1082, 0x1082, 0x1082,
  0x1082, 0x1082, 0x1082, 0x1082, 0x1082, 0x1082, 0x1082, 0x1082, 0x1082, 0x1082, 0x1082, 0x1082,
  0x1082, 0x1082, 0x1082, 0x1082, 0x1082, 0x1082, 0x1082, 0x1082, 0x1082, 0x1082, 0x1082, 0x1082,
  0x1082, 0x1082, 0x1082, 0x1082, 0x1082, 0x1082, 0x1082, 0x1082, 0x1082, 0x1082, 0x1082, 0x1082,
  0x1082, 0x1082, 0x1082, 0x1082, 0x1082, 0x1082, 0x1082, 0x1082, 0x1082, 0x1082, 0x1082, 0x1082,
  0x1082, 0x1082, 0x1082, 0x1082, 0x1082, 0x1082, 0x1082, 0x1082, 0x1082, 0x1082, 0x1082, 0x1082,
  0x1082, 0x1082, 0x1082, 0x1082, 0x1082, 0x1082, 0x1082, 0x1082, 0x1082, 0x1082, 0x1082, 0x1082,
  0x1082, 0x1082, 0x1082, 0x1082, 0x1082, 0x1082, 0x1082, 0x1082, 0x1082, 0x1082, 0x1082, 0x1082,
  0x1082, 0x1082, 0x1082, 0x1082, 0x1082, 0x1082, 0x1082, 0x1082, 0x1082, 0x1082, 0x1082, 0x1082,
  0x1082, 0x1082, 0x1082, 0x1082, 0x1082, 0x1082, 0x1082, 0x1082, 0x1082, 0x1082, 0x1082, 0x1082,
  0x0000, 0x0000, 0x0000, 0x0000, 0x0000, 0x0000, 0x0000, 0x0000, 0x0000, 0x0000, 0x0000, 0x0000,
  0x0000, 0x0000, 0x0000, 0x0000, 0x0000, 0x0000, 0x0000, 0x0000, 0x0000, 0x0000, 0x0000, 0x0000,
  0x0000, 0x0000, 0x0000, 0x0000, 0x0000, 0x0000, 0x0000, 0x0000, 0x0000, 0x0000, 0x0000, 0x0000,
  0x0000, 0x0000, 0x0000, 0x0000, 0x0000, 0x0000, 0x0000, 0x0000, 0x0000, 0x0000, 0x0000, 0x0000,
  0x0000, 0x0000, 0x0000, 0x0000, 0x0000, 0x0000, 0x0000, 0x0000, 0x0000, 0x0000, 0x0000, 0x0000,
  0x0000, 0x0000, 0x0000, 0x0000, 0x0000, 0x0000, 0x0000, 0x0000, 0x0000, 0x0000, 0x0000, 0x0000,
  0x0000, 0x0000, 0x0000, 0x0000, 0x0000, 0x0000, 0x0000, 0x0000, 0x0000, 0x0000, 0x0000, 0x0000,
  0x0000, 0x0000, 0x0000, 0x0000, 0x0000, 0x0000, 0x0000, 0x0000, 0x0000, 0x0000, 0x0000, 0x0000,
  0x0000, 0x0000, 0x0000, 0x0000, 0x0000, 0x0000, 0x0000, 0x0000, 0x0000, 0x0000, 0x0000, 0x0000,
  0x0000, 0x0000, 0x0000, 0x0000, 0x0000, 0x0000, 0x0000, 0x0000, 0x0000, 0x0000, 0x0000, 0x0000,
  0x0000, 0x0000, 0x0000, 0x0000, 0x0000, 0x0000, 0x0000, 0x0000, 0x0000, 0x0000, 0x0000, 0x0000,
  0x0000, 0x0000, 0x0000, 0x0000, 0x0000, 0x0000, 0x0000, 0x0000, 0x0000, 0x0000, 0x0000, 0x0000,
  0x0000, 0x0000, 0x0000, 0x0000, 0x0000, 0x0000, 0x0000, 0x0000, 0x0000, 0x0000, 0x0000, 0x0000,
  0x0000, 0x0000, 0x0000, 0x0000, 0x0000, 0x0000, 0x0000, 0x0000, 0x0000, 0x0000, 0x0000, 0x0000,
  0x0000, 0x0000, 0x0000, 0x0000, 0x0000, 0x0000, 0x0000, 0x0000, 0x0000, 0x0000, 0x0000, 0x0000,
  0x0000, 0x0000, 0x0000, 0x0000, 0x0000, 0x0000, 0x0000, 0x0000, 0x0000, 0x0000, 0x0000, 0x0000,
  0x0000, 0x0000, 0x0000, 0x0000, 0x0000, 0x0000, 0x0000, 0x0000, 0x0000, 0x0000, 0x0000, 0x0000,
  0x0000, 0x0000, 0x0000, 0x0000, 0x0000, 0x0000, 0x0000, 0x0000, 0x0000, 0x0000, 0x0000, 0x0000,
  0x0000, 0x0000, 0x0000, 0x0000, 0x0000, 0x0000, 0x0000, 0x0000, 0x0000, 0x0000, 0x0000, 0x0000,
  0x0000, 0x0000, 0x0000, 0x0000, 0x0000, 0x0000, 0x0000, 0x0000, 0x0000, 0x0000, 0x0000, 0x0000,
  0x0861, 0x0861, 0x0861, 0x0861, 0x0861, 0x0861, 0x0861, 0x0861, 0x0861, 0x0861, 0x0861, 0x0861,
  0x0861, 0x0861, 0x0861, 0x0861, 0x0861, 0x0861, 0x0861, 0x0861, 0x0861, 0x0861, 0x0861, 0x0861,
  0x0861, 0x0861, 0x0861, 0x0861, 0x0861, 0x0861, 0x0861, 0x0861, 0x0861, 0x0861, 0x0861, 0x0861,
  0x0861, 0x0861, 0x0861, 0x0861, 0x0861, 0x0861, 0x0861, 0x0861, 0x0861, 0x0861, 0x0861, 0x0861,
  0x0861, 0x0861, 0x0861, 0x0861, 0x0861, 0x0861, 0x0861, 0x0861, 0x0861, 0x0861, 0x0861, 0x0861,
  0x0861, 0x0861, 0x0861, 0x0861, 0x0861, 0x0861, 0x0861, 0x0861, 0x0861, 0x0861, 0x0861, 0x0861,
  0x0861, 0x0861, 0x0861, 0x0861, 0x0861, 0x0861, 0x0861, 0x0861, 0x0861, 0x0861, 0x0861, 0x0861,
  0x0861, 0x0861, 0x0861, 0x0861, 0x0861, 0x0861, 0x0861, 0x0861, 0x0861, 0x0861, 0x0861, 0x0861,
  0x0861, 0x0861, 0x0861, 0x0861, 0x0861, 0x0861, 0x0861, 0x0861, 0x0861, 0x0861, 0x0861, 0x0861,
  0x0861, 0x0861, 0x0861, 0x0861, 0x0861, 0x0861, 0x0861, 0x0861, 0x0861, 0x0861, 0x0861, 0x0861,
  0x0861, 0x0861, 0x0861, 0x0861, 0x0861, 0x0861, 0x0861, 0x0861, 0x0861, 0x0861, 0x0861, 0x0861,
  0x0861, 0x0861, 0x0861, 0x0861, 0x0861, 0x0861, 0x0861, 0x0861, 0x0861, 0x0861, 0x0861, 0x0861,
  0x0861, 0x0861, 0x0861, 0x0861, 0x0861, 0x0861, 0x0861, 0x0861, 0x0861, 0x0861, 0x0861, 0x0861,
  0x0861, 0x0861, 0x0861, 0x0861, 0x0861, 0x0861, 0x0861, 0x0861, 0x0861, 0x0861, 0x0861, 0x0861,
  0x0861, 0x0861, 0x0861, 0x0861, 0x0861, 0x0861, 0x0861, 0x0861, 0x0861, 0x0861, 0x0861, 0x0861,
  0x0861, 0x0861, 0x0861, 0x0861, 0x0861, 0x0861, 0x0861, 0x0861, 0x0861, 0x0861, 0x0861, 0x0861,
  0x0861, 0x0861, 0x0861, 0x0861, 0x0861, 0x0861, 0x0861, 0x0861, 0x0861, 0x0861, 0x0861, 0x0861,
  0x0861, 0x0861, 0x0861, 0x0861, 0x0861, 0x0861, 0x0861, 0x0861, 0x0861, 0x0861, 0x0861, 0x0861,
  0x0861, 0x0861, 0x0861, 0x0861, 0x0861, 0x0861, 0x0861, 0x0861, 0x0861, 0x0861, 0x0861, 0x0861,
  0x0861, 0x0861, 0x0861, 0x0861, 0x0861, 0x0861, 0x0861, 0x0861, 0x0861, 0x0861, 0x0861, 0x0861,
  0x0861, 0x0861, 0x0861, 0x0861, 0x0861, 0x0861, 0x0861, 0x0861, 0x0861, 0x0861, 0x0861, 0x0861,
  0x0861, 0x0861, 0x0861, 0x0861, 0x0861, 0x0861, 0x0861, 0x0861, 0x0861, 0x0861, 0x0861, 0x0861,
  0x0861, 0x0861, 0x0861, 0x0861, 0x0861, 0x0861, 0x0861, 0x0861, 0x0861, 0x0861, 0x0861, 0x0861,
  0x0861, 0x0861, 0x0861, 0x0861, 0x0861, 0x0861, 0x0861, 0x0861, 0x0861, 0x0861, 0x0861, 0x0861,
  0x0861, 0x0861, 0x0861, 0x0861, 0x0861, 0x0861, 0x0861, 0x0861, 0x0861, 0x0861, 0x0861, 0x0861,
  0x0861, 0x0861, 0x0861, 0x0861, 0x0861, 0x0861, 0x0861, 0x0861, 0x0861, 0x0861, 0x0861, 0x0861,
  0x0861, 0x0861, 0x0861, 0x0861, 0x0861, 0x0861, 0x0861, 0x0861, 0x0861, 0x0861, 0x0861, 0x0861,
  0x0861, 0x0861, 0x0861, 0x0861, 0x0861, 0x0861, 0x0861, 0x0861, 0x0861, 0x0861, 0x0861, 0x0861,
  0x0861, 0x0861, 0x0861, 0x0861, 0x0861, 0x0861, 0x0861, 0x0861, 0x0861, 0x0861, 0x0861, 0x0861,
  0x0861, 0x0861, 0x0861, 0x0861, 0x0861, 0x0861, 0x0861, 0x0861, 0x0861, 0x0861, 0x0861, 0x0861,
  0x0861, 0x0861, 0x0861, 0x0861, 0x0861, 0x0861, 0x0861, 0x0861, 0x0861, 0x0861, 0x0861, 0x0861,
  0x0861, 0x0861, 0x0861, 0x0861, 0x0861, 0x0861, 0x0861, 0x0861, 0x0861, 0x0861, 0x0861, 0x0861,
  0x0861, 0x0861, 0x0861, 0x0861, 0x0861, 0x0861, 0x0861, 0x0861, 0x0861, 0x0861, 0x0861, 0x0861,
  0x0861, 0x0861, 0x0861, 0x0861, 0x0861, 0x0861, 0x0861, 0x0861, 0x0861, 0x0861, 0x0861, 0x0861,
  0x0861, 0x0861, 0x0861, 0x0861, 0x0861, 0x0861, 0x0861, 0x0861, 0x0861, 0x0861, 0x0861, 0x0861,
  0x0861, 0x0861, 0x0861, 0x0861, 0x0861, 0x0861, 0x0861, 0x0861, 0x0861, 0x0861, 0x0861, 0x0861,
  0x0861, 0x0861, 0x0861, 0x0861, 0x0861, 0x0861, 0x0861, 0x0861, 0x0861, 0x0861, 0x0861, 0x0861,
  0x0861, 0x0861, 0x0861, 0x0861, 0x0861, 0x0861, 0x0861, 0x0861, 0x0861, 0x0861, 0x0861, 0x0861,
  0x0861, 0x0861, 0x0861, 0x0861, 0x0861, 0x0861, 0x0861, 0x0861, 0x0861, 0x0861, 0x0861, 0x0861,
  0x0861, 0x0861, 0x0861, 0x0861, 0x0861, 0x0861, 0x0861, 0x0861, 0x0861, 0x0861, 0x0861, 0x0861,
  0x0000, 0x0000, 0x0000, 0x0000, 0x0000, 0x0000, 0x0000, 0x0000, 0x0000, 0x0000, 0x0000, 0x0000,
  0x0000, 0x0000, 0x0000, 0x0000, 0x0000, 0x0000, 0x0000, 0x0000, 0x0000, 0x0000, 0x0000, 0x0000,
  0x0000, 0x0000, 0x0000, 0x0000, 0x0000, 0x0000, 0x0000, 0x0000, 0x0000, 0x0000, 0x0000, 0x0000,
  0x0000, 0x0000, 0x0000, 0x0000, 0x0000, 0x0000, 0x0000, 0x0000, 0x0000, 0x0000, 0x0000, 0x0000,
  0x0000, 0x0000, 0x0000, 0x0000, 0x0000, 0x0000, 0x0000, 0x0000, 0x0000, 0x0000, 0x0000, 0x0000,
  0x0000, 0x0000, 0x0000, 0x0000, 0x0000, 0x0000, 0x0000, 0x0000, 0x0000, 0x0000, 0x0000, 0x0000,
  0x0000, 0x0000, 0x0000, 0x0000, 0x0000, 0x0000, 0x0000, 0x0000, 0x0000, 0x0000, 0x0000, 0x0000,
  0x0000, 0x0000, 0x0000, 0x0000, 0x0000, 0x0000, 0x0000, 0x0000, 0x0000, 0x0000, 0x0000, 0x0000,
  0x0000, 0x0000, 0x0000, 0x0000, 0x0000, 0x0000, 0x0000, 0x0000, 0x0000, 0x0000, 0x0000, 0x0000,
  0x0000, 0x0000, 0x0000, 0x0000, 0x0000, 0x0000, 0x0000, 0x0000, 0x0000, 0x0000, 0x0000, 0x0000,
  0x0000, 0x0000, 0x0000, 0x0000, 0x0000, 0x0000, 0x0000, 0x0000, 0x0000, 0x0000, 0x0000, 0x0000,
  0x0000, 0x0000, 0x0000, 0x0000, 0x0000, 0x0000, 0x0000, 0x0000, 0x0000, 0x0000, 0x0000, 0x0000,
  0x0000, 0x0000, 0x0000, 0x0000, 0x0000, 0x0000, 0x0000, 0x0000, 0x0000, 0x0000, 0x0000, 0x0000,
  0x0000, 0x0000, 0x0000, 0x0000, 0x0000, 0x0000, 0x0000, 0x0000, 0x0000, 0x0000, 0x0000, 0x0000,
  0x0000, 0x0000, 0x0000, 0x0000, 0x0000, 0x0000, 0x0000, 0x0000, 0x0000, 0x0000, 0x0000, 0x0000,
  0x0000, 0x0000, 0x0000, 0x0000, 0x0000, 0x0000, 0x0000, 0x0000, 0x0000, 0x0000, 0x0000, 0x0000,
  0x0000, 0x0000, 0x0000, 0x0000, 0x0000, 0x0000, 0x0000, 0x0000, 0x0000, 0x0000, 0x0000, 0x0000,
  0x0000, 0x0000, 0x0000, 0x0000, 0x0000, 0x0000, 0x0000, 0x0000, 0x0000, 0x0000, 0x0000, 0x0000,
  0x0000, 0x0000, 0x0000, 0x0000, 0x0000, 0x0000, 0x0000, 0x0000, 0x0000, 0x0000, 0x0000, 0x0000,
  0x0000, 0x0000, 0x0000, 0x0000, 0x0000, 0x0000, 0x0000, 0x0000, 0x0000, 0x0000, 0x0000, 0x0000,
  0x0000, 0x0000, 0x0000, 0x0000, 0x0000, 0x0000, 0x0000, 0x0000, 0x0000, 0x0000, 0x0000, 0x0000,
  0x0000, 0x0000, 0x0000, 0x0000, 0x0000, 0x0000, 0x0000, 0x0000, 0x0000, 0x0000, 0x0000, 0x0000,
  0x0000, 0x0000, 0x0000, 0x0000, 0x0000, 0x0000, 0x0000, 0x0000, 0x0000, 0x0000, 0x0000, 0x0000,
  0x0000, 0x0000, 0x0000, 0x0000, 0x0000, 0x0000, 0x0000, 0x0000, 0x0000, 0x0000, 0x0000, 0x0000,
  0x0000, 0x0000, 0x0000, 0x0000, 0x0000, 0x0000, 0x0000, 0x0000, 0x0000, 0x0000, 0x0000, 0x0000,
  0x0000, 0x0000, 0x0000, 0x0000, 0x0000, 0x0000, 0x0000, 0x0000, 0x0000, 0x0000, 0x0000, 0x0000,
  0x0000, 0x0000, 0x0000, 0x0000, 0x0000, 0x0000, 0x0000, 0x0000, 0x0000, 0x0000, 0x0000, 0x0000,
  0x0000, 0x0000, 0x0000, 0x0000, 0x0000, 0x0000, 0x0000, 0x0000, 0x0000, 0x0000, 0x0000, 0x0000,
  0x0000, 0x0000, 0x0000, 0x0000, 0x0000, 0x0000, 0x0000, 0x0000, 0x0000, 0x0000, 0x0000, 0x0000,
  0x0000, 0x0000, 0x0000, 0x0000, 0x0000, 0x0000, 0x0000, 0x0000, 0x0000, 0x0000, 0x0000, 0x0000,
  0x0000, 0x0000, 0x0000, 0x0000, 0x0000, 0x0000, 0x0000, 0x0000, 0x0000, 0x0000, 0x0000, 0x0000,
  0x0000, 0x0000, 0x0000, 0x0000, 0x0000, 0x0000, 0x0000, 0x0000, 0x0000, 0x0000, 0x0000, 0x0000,
  0x0000, 0x0000, 0x0000, 0x0000, 0x0000, 0x0000, 0x0000, 0x0000, 0x0000, 0x0000, 0x0000, 0x0000,
  0x0000, 0x0000, 0x0000, 0x0000, 0x0000, 0x0000, 0x0000, 0x0000, 0x0000, 0x0000, 0x0000, 0x0000,
  0x0000, 0x0000, 0x0000, 0x0000, 0x0000, 0x0000, 0x0000, 0x0000, 0x0000, 0x0000, 0x0000, 0x0000,
  0x0000, 0x0000, 0x0000, 0x0000, 0x0000, 0x0000, 0x0000, 0x0000, 0x0000, 0x0000, 0x0000, 0x0000,
  0x0000, 0x0000, 0x0000, 0x0000, 0x0000, 0x0000, 0x0000, 0x0000, 0x0000, 0x0000, 0x0000, 0x0000,
  0x0000, 0x0000, 0x0000, 0x0000, 0x0000, 0x0000, 0x0000, 0x0000, 0x0000, 0x0000, 0x0000, 0x0000,
  0x0000, 0x0000, 0x0000, 0x0000, 0x0000, 0x0000, 0x0000, 0x0000, 0x0000, 0x0000, 0x0000, 0x0000,
  0x0000, 0x0000, 0x0000, 0x0000, 0x0000, 0x0000, 0x0000, 0x0000, 0x0000, 0x0000, 0x0000, 0x0000,
  0x0000, 0x0000, 0x0000, 0x0000, 0x0000, 0x0000, 0x0000, 0x0000, 0x0000, 0x0000, 0x0000, 0x0000,
  0x0000, 0x0000, 0x0000, 0x0000, 0x0000, 0x0000, 0x0000, 0x0000, 0x0000, 0x0000, 0x0000, 0x0000,
  0x0000, 0x0000, 0x0000, 0x0000, 0x0000, 0x0000, 0x0000, 0x0000, 0x0000, 0x0000, 0x0000, 0x0000,
  0x0000, 0x0000, 0x0000, 0x0000, 0x0000, 0x0000, 0x0000, 0x0000, 0x0000, 0x0000, 0x0000, 0x0000,
  0x0000, 0x0000, 0x0000, 0x0000, 0x0000, 0x0000, 0x0000, 0x0000, 0x0000, 0x0000, 0x0000, 0x0000,
  0x0000, 0x0000, 0x0000, 0x0000, 0x0000, 0x0000, 0x0000, 0x0000, 0x0000, 0x0000, 0x0000, 0x0000,
  0x0000, 0x0000, 0x0000, 0x0000, 0x0000, 0x0000, 0x0000, 0x0000, 0x0000, 0x0000, 0x0000, 0x0000,
  0x0000, 0x0000, 0x0000, 0x0000, 0x0000, 0x0000, 0x0000, 0x0000, 0x0000, 0x0000, 0x0000, 0x0000,
  0x0000, 0x0000, 0x0000, 0x0000, 0x0000, 0x0000, 0x0000, 0x0000, 0x0000, 0x0000, 0x0000, 0x0000,
  0x0000, 0x0000, 0x0000, 0x0000, 0x0000, 0x0000, 0x0000, 0x0000, 0x0000, 0x0000, 0x0000, 0x0000,
  0x0000, 0x0000, 0x0000, 0x0000, 0x0000, 0x0000, 0x0000, 0x0000, 0x0000, 0x0000, 0x0000, 0x0000,
  0x0000, 0x0000, 0x0000, 0x0000, 0x0000, 0x0000, 0x0000, 0x0000, 0x0000, 0x0000, 0x0000, 0x0000,
  0x0000, 0x0000, 0x0000, 0x0000, 0x0000, 0x0000, 0x0000, 0x0000, 0x0000, 0x0000, 0x0000, 0x0000,
  0x0000, 0x0000, 0x0000, 0x0000, 0x0000, 0x0000, 0x0000, 0x0000, 0x0000, 0x0000, 0x0000, 0x0000,
  0x0000, 0x0000, 0x0000, 0x0000, 0x0000, 0x0000, 0x0000, 0x0000, 0x0000, 0x0000, 0x0000, 0x0000,
  0x0000, 0x0000, 0x0000, 0x0000, 0x0000, 0x0000, 0x0000, 0x0000, 0x0000, 0x0000, 0x0000, 0x0000,
  0x0000, 0x0000, 0x0000, 0x0000, 0x0000, 0x0000, 0x0000, 0x0000, 0x0000, 0x0000, 0x0000, 0x0000,
  0x0000, 0x0000, 0x0000, 0x0000, 0x0000, 0x0000, 0x0000, 0x0000, 0x0000, 0x0000, 0x0000, 0x0000,
  0x0000, 0x0000, 0x0000, 0x0000, 0x0000, 0x0000, 0x0000, 0x0000, 0x0000, 0x0000, 0x0000, 0x0000,
  0x0000, 0x0000, 0x0000, 0x0000, 0x0000, 0x0000, 0x0000, 0x0000, 0x0000, 0x0000, 0x0000, 0x0000,
  0x0000, 0x0000, 0x0000, 0x0000, 0x0000, 0x0000, 0x0000, 0x0000, 0x0000, 0x0000, 0x0000, 0x0000,
  0x0000, 0x0000, 0x0000, 0x0000, 0x0000, 0x0000, 0x0000, 0x0000, 0x0000, 0x0000, 0x0000, 0x0000,
  0x0000, 0x0000, 0x0000, 0x0000, 0x0000, 0x0000, 0x0000, 0x0000, 0x0000, 0x0000, 0x0000, 0x0000,
  0x0000, 0x0000, 0x0000, 0x0000, 0x0000, 0x0000, 0x0000, 0x0000, 0x0000, 0x0000, 0x0000, 0x0000,
  0x0000, 0x0000, 0x0000, 0x0000, 0x0000, 0x0000, 0x0000, 0x0000, 0x0000, 0x0000, 0x0000, 0x0000,
  0x0000, 0x0000, 0x0000, 0x0000, 0x0000, 0x0000, 0x0000, 0x0000, 0x0000, 0x0000, 0x0000, 0x0000,
  0x0000, 0x0000, 0x0000, 0x0000, 0x0000, 0x0000, 0x0000, 0x0000, 0x0000, 0x0000, 0x0000, 0x0000,
  0x0000, 0x0000, 0x0000, 0x0000, 0x0000, 0x0000, 0x0000, 0x0000, 0x0000, 0x0000, 0x0000, 0x0000,
  0x0000, 0x0000, 0x0000, 0x0000, 0x0000, 0x0000, 0x0000, 0x0000, 0x0000, 0x0000, 0x0000, 0x0000,
  0x0000, 0x0000, 0x0000, 0x0000, 0x0000, 0x0000, 0x0000, 0x0000, 0x0000, 0x0000, 0x0000, 0x0000,
  0x0000, 0x0000, 0x0000, 0x0000, 0x0000, 0x0000, 0x0000, 0x0000, 0x0000, 0x0000, 0x0000, 0x0000,
  0x0000, 0x0000, 0x0000, 0x0000, 0x0000, 0x0000, 0x0000, 0x0000, 0x0000, 0x0000, 0x0000, 0x0000,
  0x0000, 0x0000, 0x0000, 0x0000, 0x0000, 0x0000, 0x0000, 0x0000, 0x0000, 0x0000, 0x0000, 0x0000,
  0x0000, 0x0000, 0x0000, 0x0000, 0x0000, 0x0000, 0x0000, 0x0000, 0x0000, 0x0000, 0x0000, 0x0000,
  0x0000, 0x0000, 0x0000, 0x0000, 0x0000, 0x0000, 0x0000, 0x0000, 0x0000, 0x0000, 0x0000, 0x0000,
  0x0000, 0x0000, 0x0000, 0x0000, 0x0000, 0x0000, 0x0000, 0x0000, 0x0000, 0x0000, 0x0000, 0x0000,
  0x0000, 0x0000, 0x0000, 0x0000, 0x0000, 0x0000, 0x0000, 0x0000, 0x0000, 0x0000, 0x0000, 0x0000,
  0x0000, 0x0000, 0x0000, 0x0000, 0x0000, 0x0000, 0x0000, 0x0000, 0x0000, 0x0000, 0x0000, 0x0000,
  0x0000, 0x0000, 0x0000, 0x0000, 0x0000, 0x0000, 0x0000, 0x0000, 0x0000, 0x0000, 0x0000, 0x0000,
  0x0000, 0x0000, 0x0000, 0x0000, 0x0000, 0x0000, 0x0000, 0x0000, 0x0000, 0x0000, 0x0000, 0x0000,
  0x0000, 0x0000, 0x0000, 0x0000, 0x0000, 0x0000, 0x0000, 0x0000, 0x0000, 0x0000, 0x0000, 0x0000,
  0x0000, 0x0000, 0x0000, 0x0000, 0x0000, 0x0000, 0x0000, 0x0000, 0x0000, 0x0000, 0x0000, 0x0000,
  0x0000, 0x0000, 0x0000, 0x0000, 0x0000, 0x0000, 0x0000, 0x0000, 0x0000, 0x0000, 0x0000, 0x0000,
  0x0000, 0x0000, 0x0000, 0x0000, 0x0000, 0x0000, 0x0000, 0x0000, 0x0000, 0x0000, 0x0000, 0x0000,
  0x0000, 0x0000, 0x0000, 0x0000, 0x0000, 0x0000, 0x0000, 0x0000, 0x0000, 0x0000, 0x0000, 0x0000,
  0x0000, 0x0000, 0x0000, 0x0000, 0x0000, 0x0000, 0x0000, 0x0000, 0x0000, 0x0000, 0x0000, 0x0000,
  0x0000, 0x0000, 0x0000, 0x0000, 0x0000, 0x0000, 0x0000, 0x0000, 0x0000, 0x0000, 0x0000, 0x0000,
  0x0000, 0x0000, 0x0000, 0x0000, 0x0000, 0x0000, 0x0000, 0x0000, 0x0000, 0x0000, 0x0000, 0x0000,
  0x0000, 0x0000, 0x0000, 0x0000, 0x0000, 0x0000, 0x0000, 0x0000, 0x0000, 0x0000, 0x0000, 0x0000,
  0x0000, 0x0000, 0x0000, 0x0000, 0x0000, 0x0000, 0x0000, 0x0000, 0x0000, 0x0000, 0x0000, 0x0000,
  0x0000, 0x0000, 0x0000, 0x0000, 0x0000, 0x0000, 0x0000, 0x0000, 0x0000, 0x0000, 0x0000, 0x0000,
  0x0000, 0x0000, 0x0000, 0x0000, 0x0000, 0x0000, 0x0000, 0x0000, 0x0000, 0x0000, 0x0000, 0x0000,
  0x0000, 0x0000, 0x0000, 0x0000, 0x0000, 0x0000, 0x0000, 0x0000, 0x0000, 0x0000, 0x0000, 0x0000,
  0x0000, 0x0000, 0x0000, 0x0000, 0x0000, 0x0000, 0x0000, 0x0000, 0x0000, 0x0000, 0x0000, 0x0000,
  0x0000, 0x0000, 0x0000, 0x0000, 0x0000, 0x0000, 0x0000, 0x0000, 0x0000, 0x0000, 0x0000, 0x0000,
  0x0000, 0x0000, 0x0000, 0x0000, 0x0000, 0x0000, 0x0000, 0x0000, 0x0000, 0x0000, 0x0000, 0x0000,
  0x0000, 0x0000, 0x0000, 0x0000, 0x0000, 0x0000, 0x0000, 0x0000, 0x0000, 0x0000, 0x0000, 0x0000,
  0x0000, 0x0000, 0x0000, 0x0000, 0x0000, 0x0000, 0x0000, 0x0000, 0x0000, 0x0000, 0x0000, 0x0000,
  0x0000, 0x0000, 0x0000, 0x0000, 0x0000, 0x0000, 0x0000, 0x0000, 0x0000, 0x0000, 0x0000, 0x0000,
  0x0000, 0x0000, 0x0000, 0x0000, 0x0000, 0x0000, 0x0000, 0x0000, 0x0000, 0x0000, 0x0000, 0x0000,
  0x0000, 0x0000, 0x0000, 0x0000, 0x0000, 0x0000, 0x0000, 0x0000, 0x0000, 0x0000, 0x0000, 0x0000,
  0x0000, 0x0000, 0x0000, 0x0000, 0x0000, 0x0000, 0x0000, 0x0000, 0x0000, 0x0000, 0x0000, 0x0000,
  0x0000, 0x0000, 0x0000, 0x0000, 0x0000, 0x0000, 0x0000, 0x0000, 0x0000, 0x0000, 0x0000, 0x0000,
  0x0000, 0x0000, 0x0000, 0x0000, 0x0000, 0x0000, 0x0000, 0x0000, 0x0000, 0x0000, 0x0000, 0x0000,
  0x0000, 0x0000, 0x0000, 0x0000, 0x0000, 0x0000, 0x0000, 0x0000, 0x0000, 0x0000, 0x0000, 0x0000,
  0x0000, 0x0000, 0x0000, 0x0000, 0x0000, 0x0000, 0x0000, 0x0000, 0x0000, 0x0000, 0x0000, 0x0000,
  0x0000, 0x0000, 0x0000, 0x0000, 0x0000, 0x0000, 0x0000, 0x0000, 0x0000, 0x0000, 0x0000, 0x0000,
  0x0000, 0x0000, 0x0000, 0x0000, 0x0000, 0x0000, 0x0000, 0x0000, 0x0000, 0x0000, 0x0000, 0x0000,
  0x0000, 0x0000, 0x0000, 0x0000, 0x0000, 0x0000, 0x0000, 0x0000, 0x0000, 0x0000, 0x0000, 0x0000,
  0x0000, 0x0000, 0x0000, 0x0000, 0x0000, 0x0000, 0x0000, 0x0000, 0x0000, 0x0000, 0x0000, 0x0000,
  0x0000, 0x0000, 0x0000, 0x0000, 0x0000, 0x0000, 0x0000, 0x0000, 0x0000, 0x0000, 0x0000, 0x0000,
  0x0000, 0x0000, 0x0000, 0x0000, 0x0000, 0x0000, 0x0000, 0x0000, 0x0000, 0x0000, 0x0000, 0x0000,
  0x0000, 0x0000, 0x0000, 0x0000, 0x0000, 0x0000, 0x0000, 0x0000, 0x0000, 0x0000, 0x0000, 0x0000,
  0x0000, 0x0000, 0x0000, 0x0000, 0x0000, 0x0000, 0x0000, 0x0000, 0x0000, 0x0000, 0x0000, 0x0000,
  0x0000, 0x0000, 0x0000, 0x0000, 0x0000, 0x0000, 0x0000, 0x0000, 0x0000, 0x0000, 0x0000, 0x0000,
  0x0000, 0x0000, 0x0000, 0x0000, 0x0000, 0x0000, 0x0000, 0x0000, 0x0000, 0x0000, 0x0000, 0x0000,
  0x0000, 0x0000, 0x0000, 0x0000, 0x0000, 0x0000, 0x0000, 0x0000, 0x0000, 0x0000, 0x0000, 0x0000,
  0x0000, 0x0000, 0x0000, 0x0000, 0x0000, 0x0000, 0x0000, 0x0000, 0x0000, 0x0000, 0x0000, 0x0000,
  0x0000, 0x0000, 0x0000, 0x0000, 0x0000, 0x0000, 0x0000, 0x0000, 0x0000, 0x0000, 0x0000, 0x0000,
  0x0000, 0x0000, 0x0000, 0x0000, 0x0000, 0x0000, 0x0000, 0x0000, 0x0000, 0x0000, 0x0000, 0x0000,
  0x0000, 0x0000, 0x0000, 0x0000, 0x0000, 0x0000, 0x0000, 0x0000, 0x0000, 0x0000, 0x0000, 0x0000,
  0x0000, 0x0000, 0x0000, 0x0000, 0x0000, 0x0000, 0x0000, 0x0000, 0x0000, 0x0000, 0x0000, 0x0000,
  0x0000, 0x0000, 0x0000, 0x0000, 0x0000, 0x0000, 0x0000, 0x0000, 0x0000, 0x0000, 0x0000, 0x0000,
  0x0000, 0x0000, 0x0000, 0x0000, 0x0000, 0x0000, 0x0000, 0x0000, 0x0000, 0x0000, 0x0000, 0x0000,
  0x0000, 0x0000, 0x0000, 0x0000, 0x0000, 0x0000, 0x0000, 0x0000, 0x0000, 0x0000, 0x0000, 0x0000,
  0x0000, 0x0000, 0x0000, 0x0000, 0x0000, 0x0000, 0x0000, 0x0000, 0x0000, 0x0000, 0x0000, 0x0000,
  0x0000, 0x0000, 0x0000, 0x0000, 0x0000, 0x0000, 0x0000, 0x0000, 0x0000, 0x0000, 0x0000, 0x0000,
  0x0000, 0x0000, 0x0000, 0x0000, 0x0000, 0x0000, 0x0000, 0x0000, 0x0000, 0x0000, 0x0000, 0x0000,
  0x0000, 0x0000, 0x0000, 0x0000, 0x0000, 0x0000, 0x0000, 0x0000, 0x0000, 0x0000, 0x0000, 0x0000,
  0x0000, 0x0000, 0x0000, 0x0000, 0x0000, 0x0000, 0x0000, 0x0000, 0x0000, 0x0000, 0x0000, 0x0000,
  0x0000, 0x0000, 0x0000, 0x0000, 0x0000, 0x0000, 0x0000, 0x0000, 0x0000, 0x0000, 0x0000, 0x0000,
  0x0000, 0x0000, 0x0000, 0x0000, 0x0000, 0x0000, 0x0000, 0x0000, 0x0000, 0x0000, 0x0000, 0x0000,
  0x0000, 0x0000, 0x0000, 0x0000, 0x0000, 0x0000, 0x0000, 0x0000, 0x0000, 0x0000, 0x0000, 0x0000,
  0x0000, 0x0000, 0x0000, 0x0000, 0x0000, 0x0000, 0x0000, 0x0000, 0x0000, 0x0000, 0x0000, 0x0000,
  0x0000, 0x0000, 0x0000, 0x0000, 0x0000, 0x0000, 0x0000, 0x0000, 0x0000, 0x0000, 0x0000, 0x0000,
  0x0000, 0x0000, 0x0000, 0x0000, 0x0000, 0x0000, 0x0000, 0x0000, 0x0000, 0x0000, 0x0000, 0x0000,
  0x0000, 0x0000, 0x0000, 0x0000, 0x0000, 0x0000, 0x0000, 0x0000, 0x0000, 0x0000, 0x0000, 0x0000,
  0x0000, 0x0000, 0x0000, 0x0000, 0x0000, 0x0000, 0x0000, 0x0000, 0x0000, 0x0000, 0x0000, 0x0000,
  0x0000, 0x0000, 0x0000, 0x0000, 0x0000, 0x0000, 0x0000, 0x0000, 0x0000, 0x0000, 0x0000, 0x0000,
  0x0000, 0x0000, 0x0000, 0x0000, 0x0000, 0x0000, 0x0000, 0x0000, 0x0000, 0x0000, 0x0000, 0x0000,
  0x0000, 0x0000, 0x0000, 0x0000, 0x0000, 0x0000, 0x0000, 0x0000, 0x0000, 0x0000, 0x0000, 0x0000,
  0x0000, 0x0000, 0x0000, 0x0000, 0x0000, 0x0000, 0x0000, 0x0000, 0x0000, 0x0000, 0x0000, 0x0000,
  0x0000, 0x0000, 0x0000, 0x0000, 0x0000, 0x0000, 0x0000, 0x0000, 0x0000, 0x0000, 0x0000, 0x0000,
  0x0000, 0x0000, 0x0000, 0x0000, 0x0000, 0x0000, 0x0000, 0x0000, 0x0000, 0x0000, 0x0000, 0x0000,
  0x0000, 0x0000, 0x0000, 0x0000, 0x0000, 0x0000, 0x0000, 0x0000, 0x0000, 0x0000, 0x0000, 0x0000,
  0x0000, 0x0000, 0x0000, 0x0000, 0x0000, 0x0000, 0x0000, 0x0000, 0x0000, 0x0000, 0x0000, 0x0000,
  0x0000, 0x0000, 0x0000, 0x0000, 0x0000, 0x0000, 0x0000, 0x0000, 0x0000, 0x0000, 0x0000, 0x0000,
  0x0000, 0x0000, 0x0000, 0x0000, 0x0000, 0x0000, 0x0000, 0x0000, 0x0000, 0x0000, 0x0000, 0x0000,
  0x0000, 0x0000, 0x0000, 0x0000, 0x0000, 0x0000, 0x0000, 0x0000, 0x0000, 0x0000, 0x0000, 0x0000,
  0x0000, 0x0000, 0x0000, 0x0000, 0x0000, 0x0000, 0x0000, 0x0000, 0x0000, 0x0000, 0x0000, 0x0000,
  0x0000, 0x0000, 0x0000, 0x0000, 0x0000, 0x0000, 0x0000, 0x0000, 0x0000, 0x0000, 0x0000, 0x0000,
  0x0000, 0x0000, 0x0000, 0x0000, 0x0000, 0x0000, 0x0000, 0x0000, 0x0000, 0x0000, 0x0000, 0x0000,
  0x0000, 0x0000, 0x0000, 0x0000, 0x0000, 0x0000, 0x0000, 0x0000, 0x0000, 0x0000, 0x0000, 0x0000,
  0x0000, 0x0000, 0x0000, 0x0000, 0x0000, 0x0000, 0x0000, 0x0000, 0x0000, 0x0000, 0x0000, 0x0000,
  0x0000, 0x0000, 0x0000, 0x0000, 0x0000, 0x0000, 0x0000, 0x0000, 0x0000, 0x0000, 0x0000, 0x0000,
  0x0000, 0x0000, 0x0000, 0x0000, 0x0000, 0x0000, 0x0000, 0x0000, 0x0000, 0x0000, 0x0000, 0x0000,
  0x0000, 0x0000, 0x0000, 0x0000, 0x0000, 0x0000, 0x0000, 0x0000, 0x0000, 0x0000, 0x0000, 0x0000,
  0x0000, 0x0000, 0x0000, 0x0000, 0x0000, 0x0000, 0x0000, 0x0000, 0x0000, 0x0000, 0x0000, 0x0000,
  0x0000, 0x0000, 0x0000, 0x0000, 0x0000, 0x0000, 0x0000, 0x0000, 0x0000, 0x0000, 0x0000, 0x0000,
  0x0000, 0x0000, 0x0000, 0x0000, 0x0000, 0x0000, 0x0000, 0x0000, 0x0000, 0x0000, 0x0000, 0x0000,
  0x0000, 0x0000, 0x0000, 0x0000, 0x0000, 0x0000, 0x0000, 0x0000, 0x0000, 0x0000, 0x0000, 0x0000,
  0x0000, 0x0000, 0x0000, 0x0000, 0x0000, 0x0000, 0x0000, 0x0000, 0x0000, 0x0000, 0x0000, 0x0000,
  0x0000, 0x0000, 0x0000, 0x0000, 0x0000, 0x0000, 0x0000, 0x0000, 0x0000, 0x0000, 0x0000, 0x0000,
  0x0000, 0x0000, 0x0000, 0x0000, 0x0000, 0x0000, 0x0000, 0x0000, 0x0000, 0x0000, 0x0000, 0x0000,
  0x0000, 0x0000, 0x0000, 0x0000, 0x0000, 0x0000, 0x0000, 0x0000, 0x0000, 0x0000, 0x0000, 0x0000,
  0x0000, 0x0000, 0x0000, 0x0000, 0x0000, 0x0000, 0x0000, 0x0000, 0x0000, 0x0000, 0x0000, 0x0000,
  0x0000, 0x0000, 0x0000, 0x0000, 0x0000, 0x0000, 0x0000, 0x0000, 0x0000, 0x0000, 0x0000, 0x0000,
  0x0000, 0x0000, 0x0000, 0x0000, 0x0000, 0x0000, 0x0000, 0x0000, 0x0000, 0x0000, 0x0000, 0x0000,
  0x0000, 0x0000, 0x0000, 0x0000, 0x0000, 0x0000, 0x0000, 0x0000, 0x0000, 0x0000, 0x0000, 0x0000,
  0x0000, 0x0000, 0x0000, 0x0000, 0x0000, 0x0000, 0x0000, 0x0000, 0x0000, 0x0000, 0x0000, 0x0000,
  0x0000, 0x0000, 0x0000, 0x0000, 0x0000, 0x0000, 0x0000, 0x0000, 0x0000, 0x0000, 0x0000, 0x0000,
  0x0000, 0x0000, 0x0000, 0x0000, 0x0000, 0x0000, 0x0000, 0x0000, 0x0000, 0x0000, 0x0000, 0x0000,
  0x0000, 0x0000, 0x0000, 0x0000, 0x0000, 0x0000, 0x0000, 0x0000, 0x0000, 0x0000, 0x0000, 0x0000,
  0x0000, 0x0000, 0x0000, 0x0000, 0x0000, 0x0000, 0x0000, 0x0000, 0x0000, 0x0000, 0x0000, 0x0000,
  0x0000, 0x0000, 0x0000, 0x0000, 0x0000, 0x0000, 0x0000, 0x0000, 0x0000, 0x0000, 0x0000, 0x0000,
  0x0000, 0x0000, 0x0000, 0x0000, 0x0000, 0x0000, 0x0000, 0x0000, 0x0000, 0x0000, 0x0000, 0x0000,
  0x0000, 0x0000, 0x0000, 0x0000, 0x0000, 0x0000, 0x0000, 0x0000, 0x0000, 0x0000, 0x0000, 0x0000,
  0x0000, 0x0000, 0x0000, 0x0000, 0x0000, 0x0000, 0x0000, 0x0000, 0x0000, 0x0000, 0x0000, 0x0000,
  0x0000, 0x0000, 0x0000, 0x0000, 0x0000, 0x0000, 0x0000, 0x0000, 0x0000, 0x0000, 0x0000, 0x0000,
  0x0000, 0x0000, 0x0000, 0x0000, 0x0000, 0x0000, 0x0000, 0x0000, 0x0000, 0x0000, 0x0000, 0x0000,
  0x0000, 0x0000, 0x0000, 0x0000, 0x0000, 0x0000, 0x0000, 0x0000, 0x0000, 0x0000, 0x0000, 0x0000,
  0x0000, 0x0000, 0x0000, 0x0000, 0x0000, 0x0000, 0x0000, 0x0000, 0x0000, 0x0000, 0x0000, 0x0000,
  0x0000, 0x0000, 0x0000, 0x0000, 0x0000, 0x0000, 0x0000, 0x0000, 0x0000, 0x0000, 0x0000, 0x0000,
  0x0000, 0x0000, 0x0000, 0x0000, 0x0000, 0x0000, 0x0000, 0x0000, 0x0000, 0x0000, 0x0000, 0x0000,
  0x0000, 0x0000, 0x0000, 0x0000, 0x0000, 0x0000, 0x0000, 0x0000, 0x0000, 0x0000, 0x0000, 0x0000,
  0x0000, 0x0000, 0x0000, 0x0000, 0x0000, 0x0000, 0x0000, 0x0000, 0x0000, 0x0000, 0x0000, 0x0000,
  0x0000, 0x0000, 0x0000, 0x0000, 0x0000, 0x0000, 0x0000, 0x0000, 0x0000, 0x0000, 0x0000, 0x0000,
  0x0000, 0x0000, 0x0000, 0x0000, 0x0000, 0x0000, 0x0000, 0x0000, 0x0000, 0x0000, 0x0000, 0x0000,
  0x0000, 0x0000, 0x0000, 0x0000, 0x0000, 0x0000, 0x0000, 0x0000, 0x0000, 0x0000, 0x0000, 0x0000,
  0x0000, 0x0000, 0x0000, 0x0000, 0x0000, 0x0000, 0x0000, 0x0000, 0x0000, 0x0000, 0x0000, 0x0000,
  0x0000, 0x0000, 0x0000, 0x0000, 0x0000, 0x0000, 0x0000, 0x0000, 0x0000, 0x0000, 0x0000, 0x0000,
  0x0000, 0x0000, 0x0000, 0x0000, 0x0000, 0x0000, 0x0000, 0x0000, 0x0000, 0x0000, 0x0000, 0x0000,
  0x0000, 0x0000, 0x0000, 0x0000, 0x0000, 0x0000, 0x0000, 0x0000, 0x0000, 0x0000, 0x0000, 0x0000,
  0x0000, 0x0000, 0x0000, 0x0000, 0x0000, 0x0000, 0x0000, 0x0000, 0x0000, 0x0000, 0x0000, 0x0000,
  0x0000, 0x0000, 0x0000, 0x0000, 0x0000, 0x0000, 0x0000, 0x0000, 0x0000, 0x0000, 0x0000, 0x0000,
  0x0000, 0x0000, 0x0000, 0x0000, 0x0000, 0x0000, 0x0000, 0x0000, 0x0000, 0x0000, 0x0000, 0x0000,
  0x0000, 0x0000, 0x0000, 0x0000, 0x0000, 0x0000, 0x0000, 0x0000, 0x0000, 0x0000, 0x0000, 0x0000,
  0x0000, 0x0000, 0x0000, 0x0000, 0x0000, 0x0000, 0x0000, 0x0000, 0x0000, 0x0000, 0x0000, 0x0000,
  0x0000, 0x0000, 0x0000, 0x0000, 0x0000, 0x0000, 0x0000, 0x0000, 0x0000, 0x0000, 0x0000, 0x0000,
  0x0000, 0x0000, 0x0000, 0x0000, 0x0000, 0x0000, 0x0000, 0x0000, 0x0000, 0x0000, 0x0000, 0x0000,
  0x0000, 0x0000, 0x0000, 0x0000, 0x0000, 0x0000, 0x0000, 0x0000, 0x0000, 0x0000, 0x0000, 0x0000,
  0x0000, 0x0000, 0x0000, 0x0000, 0x0000, 0x0000, 0x0000, 0x0000, 0x0000, 0x0000, 0x0000, 0x0000,
  0x0000, 0x0000, 0x0000, 0x0000, 0x0000, 0x0000, 0x0000, 0x0000, 0x0000, 0x0000, 0x0000, 0x0000,
  0x0000, 0x0000, 0x0000, 0x0000, 0x0000, 0x0000, 0x0000, 0x0000, 0x0000, 0x0000, 0x0000, 0x0000,
  0x0000, 0x0000, 0x0000, 0x0000, 0x0000, 0x0000, 0x0000, 0x0000, 0x0000, 0x0000, 0x0000, 0x0000,
  0x0000, 0x0000, 0x0000, 0x0000, 0x0000, 0x0000, 0x0000, 0x0000, 0x0000, 0x0000, 0x0000, 0x0000,
  0x0000, 0x0000, 0x0000, 0x0000, 0x0000, 0x0000, 0x0000, 0x0000, 0x0000, 0x0000, 0x0000, 0x0000,
  0x0000, 0x0000, 0x0000, 0x0000, 0x0000, 0x0000, 0x0000, 0x0000, 0x0000, 0x0000, 0x0000, 0x0000,
  0x0000, 0x0000, 0x0000, 0x0000, 0x0000, 0x0000, 0x0000, 0x0000, 0x0000, 0x0000, 0x0000, 0x0000,
  0x0000, 0x0000, 0x0000, 0x0000, 0x0000, 0x0000, 0x0000, 0x0000, 0x0000, 0x0000, 0x0000, 0x0000,
  0x0000, 0x0000, 0x0000, 0x0000, 0x0000, 0x0000, 0x0000, 0x0000, 0x0000, 0x0000, 0x0000, 0x0000,
  0x0000, 0x0000, 0x0000, 0x0000, 0x0000, 0x0000, 0x0000, 0x0000, 0x0000, 0x0000, 0x0000, 0x0000,
  0x0000, 0x0000, 0x0000, 0x0000, 0x0000, 0x0000, 0x0000, 0x0000, 0x0000, 0x0000, 0x0000, 0x0000,
  0x0000, 0x0000, 0x0000, 0x0000, 0x0000, 0x0000, 0x0000, 0x0000, 0x0000, 0x0000, 0x0000, 0x0000,
  0x0000, 0x0000, 0x0000, 0x0000, 0x0000, 0x0000, 0x0000, 0x0000, 0x0000, 0x0000, 0x0000, 0x0000,
  0x0000, 0x0000, 0x0000, 0x0000, 0x0000, 0x0000, 0x0000, 0x0000, 0x0000, 0x0000, 0x0000, 0x0000,
  0x0000, 0x0000, 0x0000, 0x0000, 0x0000, 0x0000, 0x0000, 0x0000, 0x0000, 0x0000, 0x0000, 0x0000,
  0x0000, 0x0000, 0x0000, 0x0000, 0x0000, 0x0000, 0x0000, 0x0000, 0x0000, 0x0000, 0x0000, 0x0000,
  0x0000, 0x0000, 0x0000, 0x0000, 0x0000, 0x0000, 0x0000, 0x0000, 0x0000, 0x0000, 0x0000, 0x0000,
  0x0000, 0x0000, 0x0000, 0x0000, 0x0000, 0x0000, 0x0000, 0x0000, 0x0000, 0x0000, 0x0000, 0x0000,
  0x0000, 0x0000, 0x0000, 0x0000, 0x0000, 0x0000, 0x0000, 0x0000, 0x0000, 0x0000, 0x0000, 0x0000,
  0x0000, 0x0000, 0x0000, 0x0000, 0x0000, 0x0000, 0x0000, 0x0000, 0x0000, 0x0000, 0x0000, 0x0000,
  0x0000, 0x0000, 0x0000, 0x0000, 0x0000, 0x0000, 0x0000, 0x0000, 0x0000, 0x0000, 0x0000, 0x0000,
  0x0000, 0x0000, 0x0000, 0x0000, 0x0000, 0x0000, 0x0000, 0x0000, 0x0000, 0x0000, 0x0000, 0x0000,
  0x0000, 0x0000, 0x0000, 0x0000, 0x0000, 0x0000, 0x0000, 0x0000, 0x0000, 0x0000, 0x0000, 0x0000,
  0x0000, 0x0000, 0x0000, 0x0000, 0x0000, 0x0000, 0x0000, 0x0000, 0x0000, 0x0000, 0x0000, 0x0000,
  0x0000, 0x0000, 0x0000, 0x0000, 0x0000, 0x0000, 0x0000, 0x0000, 0x0000, 0x0000, 0x0000, 0x0000,
  0x0000, 0x0000, 0x0000, 0x0000, 0x0000, 0x0000, 0x0000, 0x0000, 0x0000, 0x0000, 0x0000, 0x0000,
  0x0000, 0x0000, 0x0000, 0x0000, 0x0000, 0x0000, 0x0000, 0x0000, 0x0000, 0x0000, 0x0000, 0x0000,
  0x0000, 0x0000, 0x0000, 0x0000, 0x0000, 0x0000, 0x0000, 0x0000, 0x0000, 0x0000, 0x0000, 0x0000,
  0x0000, 0x0000, 0x0000, 0x0000, 0x0000, 0x0000, 0x0000, 0x0000, 0x0000, 0x0000, 0x0000, 0x0000,
  0x0000, 0x0000, 0x0000, 0x0000, 0x0000, 0x0000, 0x0000, 0x0000, 0x0000, 0x0000, 0x0000, 0x0000,
  0x0000, 0x0000, 0x0000, 0x0000, 0x0000, 0x0000, 0x0000, 0x0000, 0x0000, 0x0000, 0x0000, 0x0000,
  0x0000, 0x0000, 0x0000, 0x0000, 0x0000, 0x0000, 0x0000, 0x0000, 0x0000, 0x0000, 0x0000, 0x0000,
  0x0000, 0x0000, 0x0000, 0x0000, 0x0000, 0x0000, 0x0000, 0x0000, 0x0000, 0x0000, 0x0000, 0x0000,
  0x0000, 0x0000, 0x0000, 0x0000, 0x0000, 0x0000, 0x0000, 0x0000, 0x0000, 0x0000, 0x0000, 0x0000,
  0x0000, 0x0000, 0x0000, 0x0000, 0x0000, 0x0000, 0x0000, 0x0000, 0x0000, 0x0000, 0x0000, 0x0000,
  0x0000, 0x0000, 0x0000, 0x0000, 0x0000, 0x0000, 0x0000, 0x0000, 0x0000, 0x0000, 0x0000, 0x0000,
  0x0000, 0x0000, 0x0000, 0x0000, 0x0000, 0x0000, 0x0000, 0x0000, 0x0000, 0x0000, 0x0000, 0x0000,
  0x0000, 0x0000, 0x0000, 0x0000, 0x0000, 0x0000, 0x0000, 0x0000, 0x0000, 0x0000, 0x0000, 0x0000,
  0x0000, 0x0000, 0x0000, 0x0000, 0x0000, 0x0000, 0x0000, 0x0000, 0x0000, 0x0000, 0x0000, 0x0000,
  0x0000, 0x0000, 0x0000, 0x0000, 0x0000, 0x0000, 0x0000, 0x0000, 0x0000, 0x0000, 0x0000, 0x0000,
  0x0000, 0x0000, 0x0000, 0x0000, 0x0000, 0x0000, 0x0000, 0x0000, 0x0000, 0x0000, 0x0000, 0x0000,
  0x0000, 0x0000, 0x0000, 0x0000, 0x0000, 0x0000, 0x0000, 0x0000, 0x0000, 0x0000, 0x0000, 0x0000,
  0x0000, 0x0000, 0x0000, 0x0000, 0x0000, 0x0000, 0x0000, 0x0000, 0x0000, 0x0000, 0x0000, 0x0000,
  0x0000, 0x0000, 0x0000, 0x0000, 0x0000, 0x0000, 0x0000, 0x0000, 0x0000, 0x0000, 0x0000, 0x0000,
  0x0000, 0x0000, 0x0000, 0x0000, 0x0000, 0x0000, 0x0000, 0x0000, 0x0000, 0x0000, 0x0000, 0x0000,
  0x0000, 0x0000, 0x0000, 0x0000, 0x0000, 0x0000, 0x0000, 0x0000, 0x0000, 0x0000, 0x0000, 0x0000,
  0x0000, 0x0000, 0x0000, 0x0000, 0x0000, 0x0000, 0x0000, 0x0000, 0x0000, 0x0000, 0x0000, 0x0000,
  0x0000, 0x0000, 0x0000, 0x0000, 0x0000, 0x0000, 0x0000, 0x0000, 0x0000, 0x0000, 0x0000, 0x0000,
  0x0000, 0x0000, 0x0000, 0x0000, 0x0000, 0x0000, 0x0000, 0x0000, 0x0000, 0x0000, 0x0000, 0x0000,
  0x0000, 0x0000, 0x0000, 0x0000, 0x0000, 0x0000, 0x0000, 0x0000, 0x0000, 0x0000, 0x0000, 0x0000,
  0x0000, 0x0000, 0x0000, 0x0000, 0x0000, 0x0000, 0x0000, 0x0000, 0x0000, 0x0000, 0x0000, 0x0000,
  0x0000, 0x0000, 0x0000, 0x0000, 0x0000, 0x0000, 0x0000, 0x0000, 0x0000, 0x0000, 0x0000, 0x0000,
  0x0000, 0x0000, 0x0000, 0x0000, 0x0000, 0x0000, 0x0000, 0x0000, 0x0000, 0x0000, 0x0000, 0x0000,
  0x0000, 0x0000, 0x0000, 0x0000, 0x0000, 0x0000, 0x0000, 0x0000, 0x0000, 0x0000, 0x0000, 0x0000,
  0x0000, 0x0000, 0x0000, 0x0000, 0x0000, 0x0000, 0x0000, 0x0000, 0x0000, 0x0000, 0x0000, 0x0000,
  0x0000, 0x0000, 0x0000, 0x0000, 0x0000, 0x0000, 0x0000, 0x0000, 0x0000, 0x0000, 0x0000, 0x0000,
  0x0000, 0x0000, 0x0000, 0x0000, 0x0000, 0x0000, 0x0000, 0x0000, 0x0000, 0x0000, 0x0000, 0x0000,
  0x0000, 0x0000, 0x0000, 0x0000, 0x0000, 0x0000, 0x0000, 0x0000, 0x0000, 0x0000, 0x0000, 0x0000,
  0x0000, 0x0000, 0x0000, 0x0000, 0x0000, 0x0000, 0x0000, 0x0000, 0x0000, 0x0000, 0x0000, 0x0000,
  0x0000, 0x0000, 0x0000, 0x0000, 0x0000, 0x0000, 0x0000, 0x0000, 0x0000, 0x0000, 0x0000, 0x0000,
  0x0000, 0x0000, 0x0000, 0x0000, 0x0000, 0x0000, 0x0000, 0x0000, 0x0000, 0x0000, 0x0000, 0x0000,
  0x0000, 0x0000, 0x0000, 0x0000, 0x0000, 0x0000, 0x0000, 0x0000, 0x0000, 0x0000, 0x0000, 0x0000,
  0x0000, 0x0000, 0x0000, 0x0000, 0x0000, 0x0000, 0x0000, 0x0000, 0x0000, 0x0000, 0x0000, 0x0000,
  0x0000, 0x0000, 0x0000, 0x0000, 0x0000, 0x0000, 0x0000, 0x0000, 0x0000, 0x0000, 0x0000, 0x0000,
  0x0000, 0x0000, 0x0000, 0x0000, 0x0000, 0x0000, 0x0000, 0x0000, 0x0000, 0x0000, 0x0000, 0x0000,
  0x0000, 0x0000, 0x0000, 0x0000, 0x0000, 0x0000, 0x0000, 0x0000, 0x0000, 0x0000, 0x0000, 0x0000,
  0x0000, 0x0000, 0x0000, 0x0000, 0x0000, 0x0000, 0x0000, 0x0000, 0x0000, 0x0000, 0x0000, 0x0000,
  0x0000, 0x0000, 0x0000, 0x0000, 0x0000, 0x0000, 0x0000, 0x0000, 0x0000, 0x0000, 0x0000, 0x0000,
  0x0000, 0x0000, 0x0000, 0x0000, 0x0000, 0x0000, 0x0000, 0x0000, 0x0000, 0x0000, 0x0000, 0x0000,
  0x0000, 0x0000, 0x0000, 0x0000, 0x0000, 0x0000, 0x0000, 0x0000, 0x0000, 0x0000, 0x0000, 0x0000,
  0x0000, 0x0000, 0x0000, 0x0000, 0x0000, 0x0000, 0x0000, 0x0000, 0x0000, 0x0000, 0x0000, 0x0000,
  0x0000, 0x0000, 0x0000, 0x0000, 0x0000, 0x0000, 0x0000, 0x0000, 0x0000, 0x0000, 0x0000, 0x0000,
  0x0000, 0x0000, 0x0000, 0x0000, 0x0000, 0x0000, 0x0000, 0x0000, 0x0000, 0x0000, 0x0000, 0x0000,
  0x0000, 0x0000, 0x0000, 0x0000, 0x0000, 0x0000, 0x0000, 0x0000, 0x0000, 0x0000, 0x0000, 0x0000,
  0x0000, 0x0000, 0x0000, 0x0000, 0x0000, 0x0000, 0x0000, 0x0000, 0x0000, 0x0000, 0x0000, 0x0000,
  0x0000, 0x0000, 0x0000, 0x0000, 0x0000, 0x0000, 0x0000, 0x0000, 0x0000, 0x0000, 0x0000, 0x0000,
  0x0000, 0x0000, 0x0000, 0x0000, 0x0000, 0x0000, 0x0000, 0x0000, 0x0000, 0x0000, 0x0000, 0x0000,
  0x0000, 0x0000, 0x0000, 0x0000, 0x0000, 0x0000, 0x0000, 0x0000, 0x0000, 0x0000, 0x0000, 0x0000,
  0x0000, 0x0000, 0x0000, 0x0000, 0x0000, 0x0000, 0x0000, 0x0000, 0x0000, 0x0000, 0x0000, 0x0000,
  0x0000, 0x0000, 0x0000, 0x0000, 0x0000, 0x0000, 0x0000, 0x0000, 0x0000, 0x0000, 0x0000, 0x0000,
  0x0000, 0x0000, 0x0000, 0x0000, 0x0000, 0x0000, 0x0000, 0x0000, 0x0000, 0x0000, 0x0000, 0x0000,
  0x0000, 0x0000, 0x0000, 0x0000, 0x0000, 0x0000, 0x0000, 0x0000, 0x0000, 0x0000, 0x0000, 0x0000,
  0x0000, 0x0000, 0x0000, 0x0000, 0x0000, 0x0000, 0x0000, 0x0000, 0x0000, 0x0000, 0x0000, 0x0000,
  0x0000, 0x0000, 0x0000, 0x0000, 0x0000, 0x0000, 0x0000, 0x0000, 0x0000, 0x0000, 0x0000, 0x0000,
  0x0000, 0x0000, 0x0000, 0x0000, 0x0000, 0x0000, 0x0000, 0x0000, 0x0000, 0x0000, 0x0000, 0x0000,
  0x0000, 0x0000, 0x0000, 0x0000, 0x0000, 0x0000, 0x0000, 0x0000, 0x0000, 0x0000, 0x0000, 0x0000,
  0x0000, 0x0000, 0x0000, 0x0000, 0x0000, 0x0000, 0x0000, 0x0000, 0x0000, 0x0000, 0x0000, 0x0000,
  0x0000, 0x0000, 0x0000, 0x0000, 0x0000, 0x0000, 0x0000, 0x0000, 0x0000, 0x0000, 0x0000, 0x0000,
  0x0000, 0x0000, 0x0000, 0x0000, 0x0000, 0x0000, 0x0000, 0x0000, 0x0000, 0x0000, 0x0000, 0x0000,
  0x0000, 0x0000, 0x0000, 0x0000, 0x0000, 0x0000, 0x0000, 0x0000, 0x0000, 0x0000, 0x0000, 0x0000,
  0x0000, 0x0000, 0x0000, 0x0000, 0x0000, 0x0000, 0x0000, 0x0000, 0x0000, 0x0000, 0x0000, 0x0000,
  0x0000, 0x0000, 0x0000, 0x0000, 0x0000, 0x0000, 0x0000, 0x0000, 0x0000, 0x0000, 0x0000, 0x0000,
  0x0000, 0x0000, 0x0000, 0x0000, 0x0000, 0x0000, 0x0000, 0x0000, 0x0000, 0x0000, 0x0000, 0x0000,
  0x0000, 0x0000, 0x0000, 0x0000, 0x0000, 0x0000, 0x0000, 0x0000, 0x0000, 0x0000, 0x0000, 0x0000,
  0x0000, 0x0000, 0x0000, 0x0000, 0x0000, 0x0000, 0x0000, 0x0000, 0x0000, 0x0000, 0x0000, 0x0000,
  0x0000, 0x0000, 0x0000, 0x0000, 0x0000, 0x0000, 0x0000, 0x0000, 0x0000, 0x0000, 0x0000, 0x0000,
  0x0000, 0x0000, 0x0000, 0x0000, 0x0000, 0x0000, 0x0000, 0x0000, 0x0000, 0x0000, 0x0000, 0x0000,
  0x0000, 0x0000, 0x0000, 0x0000, 0x0000, 0x0000, 0x0000, 0x0000, 0x0000, 0x0000, 0x0000, 0x0000,
  0x0000, 0x0000, 0x0000, 0x0000, 0x0000, 0x0000, 0x0000, 0x0000, 0x0000, 0x0000, 0x0000, 0x0000,
  0x0000, 0x0000, 0x0000, 0x0000, 0x0000, 0x0000, 0x0000, 0x0000, 0x0000, 0x0000, 0x0000, 0x0000,
  0x0000, 0x0000, 0x0000, 0x0000, 0x0000, 0x0000, 0x0000, 0x0000, 0x0000, 0x0000, 0x0000, 0x0000,
  0x0000, 0x0000, 0x0000, 0x0000, 0x0000, 0x0000, 0x0000, 0x0000, 0x0000, 0x0000, 0x0000, 0x0000,
  0x0000, 0x0000, 0x0000, 0x0000, 0x0000, 0x0000, 0x0000, 0x0000, 0x0000, 0x0000, 0x0000, 0x0000,
  0x0000, 0x0000, 0x0000, 0x0000, 0x0000, 0x0000, 0x0000, 0x0000, 0x0000, 0x0000, 0x0000, 0x0000,
  0x0000, 0x0000, 0x0000, 0x0000, 0x0000, 0x0000, 0x0000, 0x0000, 0x0000, 0x0000, 0x0000, 0x0000,
  0x0000, 0x0000, 0x0000, 0x0000, 0x0000, 0x0000, 0x0000, 0x0000, 0x0000, 0x0000, 0x0000, 0x0000,
  0x0000, 0x0000, 0x0000, 0x0000, 0x0000, 0x0000, 0x0000, 0x0000, 0x0000, 0x0000, 0x0000, 0x0000,
  0x0000, 0x0000, 0x0000, 0x0000, 0x0000, 0x0000, 0x0000, 0x0000, 0x0000, 0x0000, 0x0000, 0x0000,
  0x0000, 0x0000, 0x0000, 0x0000, 0x0000, 0x0000, 0x0000, 0x0000, 0x0000, 0x0000, 0x0000, 0x0000,
  0x0000, 0x0000, 0x0000, 0x0000, 0x0000, 0x0000, 0x0000, 0x0000, 0x0000, 0x0000, 0x0000, 0x0000,
  0x0000, 0x0000, 0x0000, 0x0000, 0x0000, 0x0000, 0x0000, 0x0000, 0x0000, 0x0000, 0x0000, 0x0000,
  0x0000, 0x0000, 0x0000, 0x0000, 0x0000, 0x0000, 0x0000, 0x0000, 0x0000, 0x0000, 0x0000, 0x0000,
  0x0000, 0x0000, 0x0000, 0x0000, 0x0000, 0x0000, 0x0000, 0x0000, 0x0000, 0x0000, 0x0000, 0x0000,
  0x0000, 0x0000, 0x0000, 0x0000, 0x0000, 0x0000, 0x0000, 0x0000, 0x0000, 0x0000, 0x0000, 0x0000,
  0x0000, 0x0000, 0x0000, 0x0000, 0x0000, 0x0000, 0x0000, 0x0000, 0x0000, 0x0000, 0x0000, 0x0000,
  0x0000, 0x0000, 0x0000, 0x0000, 0x0000, 0x0000, 0x0000, 0x0000, 0x0000, 0x0000, 0x0000, 0x0000,
  0x0000, 0x0000, 0x0000, 0x0000, 0x0000, 0x0000, 0x0000, 0x0000, 0x0000, 0x0000, 0x0000, 0x0000,
  0x0000, 0x0000, 0x0000, 0x0000, 0x0000, 0x0000, 0x0000, 0x0000, 0x0000, 0x0000, 0x0000, 0x0000,
  0x0000, 0x0000, 0x0000, 0x0000, 0x0000, 0x0000, 0x0000, 0x0000, 0x0000, 0x0000, 0x0000, 0x0000,
  0x0000, 0x0000, 0x0000, 0x0000, 0x0000, 0x0000, 0x0000, 0x0000, 0x0000, 0x0000, 0x0000, 0x0000,
  0x0000, 0x0000, 0x0000, 0x0000, 0x0000, 0x0000, 0x0000, 0x0000, 0x0000, 0x0000, 0x0000, 0x0000,
  0x0000, 0x0000, 0x0000, 0x0000, 0x0000, 0x0000, 0x0000, 0x0000, 0x0000, 0x0000, 0x0000, 0x0000,
  0x0000, 0x0000, 0x0000, 0x0000, 0x0000, 0x0000, 0x0000, 0x0000, 0x0000, 0x0000, 0x0000, 0x0000,
  0x0000, 0x0000, 0x0000, 0x0000, 0x0000, 0x0000, 0x0000, 0x0000, 0x0000, 0x0000, 0x0000, 0x0000,
  0x0000, 0x0000, 0x0000, 0x0000, 0x0000, 0x0000, 0x0000, 0x0000, 0x0000, 0x0000, 0x0000, 0x0000,
  0x0000, 0x0000, 0x0000, 0x0000, 0x0000, 0x0000, 0x0000, 0x0000, 0x0000, 0x0000, 0x0000, 0x0000,
  0x0000, 0x0000, 0x0000, 0x0000, 0x0000, 0x0000, 0x0000, 0x0000, 0x0000, 0x0000, 0x0000, 0x0000,
  0x0000, 0x0000, 0x0000, 0x0000, 0x0000, 0x0000, 0x0000, 0x0000, 0x0000, 0x0000, 0x0000, 0x0000,
  0x0000, 0x0000, 0x0000, 0x0000, 0x0000, 0x0000, 0x0000, 0x0000, 0x0000, 0x0000, 0x0000, 0x0000,
  0x0000, 0x0000, 0x0000, 0x0000, 0x0000, 0x0000, 0x0000, 0x0000, 0x0000, 0x0000, 0x0000, 0x0000,
  0x0000, 0x0000, 0x0000, 0x0000, 0x0000, 0x0000, 0x0000, 0x0000, 0x0000, 0x0000, 0x0000, 0x0000,
  0x0000, 0x0000, 0x0000, 0x0000, 0x0000, 0x0000, 0x0000, 0x0000, 0x0000, 0x0000, 0x0000, 0x0000,
  0x0000, 0x0000, 0x0000, 0x0000, 0x0000, 0x0000, 0x0000, 0x0000, 0x0000, 0x0000, 0x0000, 0x0000,
  0x0000, 0x0000, 0x0000, 0x0000, 0x0000, 0x0000, 0x0000, 0x0000, 0x0000, 0x0000, 0x0000, 0x0000,
  0x0000, 0x0000, 0x0000, 0x0000, 0x0000, 0x0000, 0x0000, 0x0000, 0x0000, 0x0000, 0x0000, 0x0000,
  0x0000, 0x0000, 0x0000, 0x0000, 0x0000, 0x0000, 0x0000, 0x0000, 0x0000, 0x0000, 0x0000, 0x0000,
  0x0000, 0x0000, 0x0000, 0x0000, 0x0000, 0x0000, 0x0000, 0x0000, 0x0000, 0x0000, 0x0000, 0x0000,
  0x0000, 0x0000, 0x0000, 0x0000, 0x0000, 0x0000, 0x0000, 0x0000, 0x0000, 0x0000, 0x0000, 0x0000,
  0x0000, 0x0000, 0x0000, 0x0000, 0x0000, 0x0000, 0x0000, 0x0000, 0x0000, 0x0000, 0x0000, 0x0000,
  0x0000, 0x0000, 0x0000, 0x0000, 0x0000, 0x0000, 0x0000, 0x0000, 0x0000, 0x0000, 0x0000, 0x0000,
  0x0000, 0x0000, 0x0000, 0x0000, 0x0000, 0x0000, 0x0000, 0x0000, 0x0000, 0x0000, 0x0000, 0x0000,
  0x0000, 0x0000, 0x0000, 0x0000, 0x0000, 0x0000, 0x0000, 0x0000, 0x0000, 0x0000, 0x0000, 0x0000,
  0x0000, 0x0000, 0x0000, 0x0000, 0x0000, 0x0000, 0x0000, 0x0000, 0x0000, 0x0000, 0x0000, 0x0000,
  0x0000, 0x0000, 0x0000, 0x0000, 0x0000, 0x0000, 0x0000, 0x0000, 0x0000, 0x0000, 0x0000, 0x0000,
  0x0000, 0x0000, 0x0000, 0x0000, 0x0000, 0x0000, 0x0000, 0x0000, 0x0000, 0x0000, 0x0000, 0x0000,
  0x0000, 0x0000, 0x0000, 0x0000, 0x0000, 0x0000, 0x0000, 0x0000, 0x0000, 0x0000, 0x0000, 0x0000,
  0x0000, 0x0000, 0x0000, 0x0000, 0x0000, 0x0000, 0x0000, 0x0000, 0x0000, 0x0000, 0x0000, 0x0000,
  0x0000, 0x0000, 0x0000, 0x0000, 0x0000, 0x0000, 0x0000, 0x0000, 0x0000, 0x0000, 0x0000, 0x0000,
  0x0000, 0x0000, 0x0000, 0x0000, 0x0000, 0x0000, 0x0000, 0x0000, 0x0000, 0x0000, 0x0000, 0x0000,
  0x0000, 0x0000, 0x0000, 0x0000, 0x0000, 0x0000, 0x0000, 0x0000, 0x0000, 0x0000, 0x0000, 0x0000,
  0x0000, 0x0000, 0x0000, 0x0000, 0x0000, 0x0000, 0x0000, 0x0000, 0x0000, 0x0000, 0x0000, 0x0000,
  0x0000, 0x0000, 0x0000, 0x0000, 0x0000, 0x0000, 0x0000, 0x0000, 0x0000, 0x0000, 0x0000, 0x0000,
  0x0000, 0x0000, 0x0000, 0x0000, 0x0000, 0x0000, 0x0000, 0x0000, 0x0000, 0x0000, 0x0000, 0x0000,
  0x0000, 0x0000, 0x0000, 0x0000, 0x0000, 0x0000, 0x0000, 0x0000, 0x0000, 0x0000, 0x0000, 0x0000,
  0x0000, 0x0000, 0x0000, 0x0000, 0x0000, 0x0000, 0x0000, 0x0000, 0x0000, 0x0000, 0x0000, 0x0000,
  0x0000, 0x0000, 0x0000, 0x0000, 0x0000, 0x0000, 0x0000, 0x0000, 0x0000, 0x0000, 0x0000, 0x0000,
  0x0000, 0x0000, 0x0000, 0x0000, 0x0000, 0x0000, 0x0000, 0x0000, 0x0000, 0x0000, 0x0000, 0x0000,
  0x0000, 0x0000, 0x0000, 0x0000, 0x0000, 0x0000, 0x0000, 0x0000, 0x0000, 0x0000, 0x0000, 0x0000,
  0x0000, 0x0000, 0x0000, 0x0000, 0x0000, 0x0000, 0x0000, 0x0000, 0x0000, 0x0000, 0x0000, 0x0000,
  0x0000, 0x0000, 0x0000, 0x0000, 0x0000, 0x0000, 0x0000, 0x0000, 0x0000, 0x0000, 0x0000, 0x0000,
  0x0000, 0x0000, 0x0000, 0x0000, 0x0000, 0x0000, 0x0000, 0x0000, 0x0000, 0x0000, 0x0000, 0x0000,
  0x0000, 0x0000, 0x0000, 0x0000, 0x0000, 0x0000, 0x0000, 0x0000, 0x0000, 0x0000, 0x0000, 0x0000,
  0x0000, 0x0000, 0x0000, 0x0000, 0x0000, 0x0000, 0x0000, 0x0000, 0x0000, 0x0000, 0x0000, 0x0000,
  0x0000, 0x0000, 0x0000, 0x0000, 0x0000, 0x0000, 0x0000, 0x0000, 0x0000, 0x0000, 0x0000, 0x0000,
  0x0000, 0x0000, 0x0000, 0x0000, 0x0000, 0x0000, 0x0000, 0x0000, 0x0000, 0x0000, 0x0000, 0x0000,
  0x0000, 0x0000, 0x0000, 0x0000, 0x0000, 0x0000, 0x0000, 0x0000, 0x0000, 0x0000, 0x0000, 0x0000,
  0x0000, 0x0000, 0x0000, 0x0000, 0x0000, 0x0000, 0x0000, 0x0000, 0x0000, 0x0000, 0x0000, 0x0000,
  0x0000, 0x0000, 0x0000, 0x0000, 0x0000, 0x0000, 0x0000, 0x0000, 0x0000, 0x0000, 0x0000, 0x0000,
  0x0000, 0x0000, 0x0000, 0x0000, 0x0000, 0x0000, 0x0000, 0x0000, 0x0000, 0x0000, 0x0000, 0x0000,
  0x0000, 0x0000, 0x0000, 0x0000, 0x0000, 0x0000, 0x0000, 0x0000, 0x0000, 0x0000, 0x0000, 0x0000,
  0x0000, 0x0000, 0x0000, 0x0000, 0x0000, 0x0000, 0x0000, 0x0000, 0x0000, 0x0000, 0x0000, 0x0000,
  0x0000, 0x0000, 0x0000, 0x0000, 0x0000, 0x0000, 0x0000, 0x0000, 0x0000, 0x0000, 0x0000, 0x0000,
  0x0000, 0x0000, 0x0000, 0x0000, 0x0000, 0x0000, 0x0000, 0x0000, 0x0000, 0x0000, 0x0000, 0x0000,
  0x0000, 0x0000, 0x0000, 0x0000, 0x0000, 0x0000, 0x0000, 0x0000, 0x0000, 0x0000, 0x0000, 0x0000,
  0x0000, 0x0000, 0x0000, 0x0000, 0x0000, 0x0000, 0x0000, 0x0000, 0x0000, 0x0000, 0x0000, 0x0000,
  0x0000, 0x0000, 0x0000, 0x0000, 0x0000, 0x0000, 0x0000, 0x0000, 0x0000, 0x0000, 0x0000, 0x0000,
  0x0000, 0x0000, 0x0000, 0x0000, 0x0000, 0x0000, 0x0000, 0x0000, 0x0000, 0x0000, 0x0000, 0x0000,
  0x0000, 0x0000, 0x0000, 0x0000, 0x0000, 0x0000, 0x0000, 0x0000, 0x0000, 0x0000, 0x0000, 0x0000,
  0x0000, 0x0000, 0x0000, 0x0000, 0x0000, 0x0000, 0x0000, 0x0000, 0x0000, 0x0000, 0x0000, 0x0000,
  0x0000, 0x0000, 0x0000, 0x0000, 0x0000, 0x0000, 0x0000, 0x0000, 0x0000, 0x0000, 0x0000, 0x0000,
  0x0000, 0x0000, 0x0000, 0x0000, 0x0000, 0x0000, 0x0000, 0x0000, 0x0000, 0x0000, 0x0000, 0x0000,
  0x0000, 0x0000, 0x0000, 0x0000, 0x0000, 0x0000, 0x0000, 0x0000, 0x0000, 0x0000, 0x0000, 0x0000,
  0x0000, 0x0000, 0x0000, 0x0000, 0x0000, 0x0000, 0x0000, 0x0000, 0x0000, 0x0000, 0x0000, 0x0000,
  0x0000, 0x0000, 0x0000, 0x0000, 0x0000, 0x0000, 0x0000, 0x0000, 0x0000, 0x0000, 0x0000, 0x0000,
  0x0000, 0x0000, 0x0000, 0x0000, 0x0000, 0x0000, 0x0000, 0x0000, 0x0000, 0x0000, 0x0000, 0x0000,
  0x0000, 0x0000, 0x0000, 0x0000, 0x0000, 0x0000, 0x0000, 0x0000, 0x0000, 0x0000, 0x0000, 0x0000,
  0x0000, 0x0000, 0x0000, 0x0000, 0x0000, 0x0000, 0x0000, 0x0000, 0x0000, 0x0000, 0x0000, 0x0000,
  0x0000, 0x0000, 0x0000, 0x0000, 0x0000, 0x0000, 0x0000, 0x0000, 0x0000, 0x0000, 0x0000, 0x0000,
  0x0000, 0x0000, 0x0000, 0x0000, 0x0000, 0x0000, 0x0000, 0x0000, 0x0000, 0x0000, 0x0000, 0x0000,
  0x0000, 0x0000, 0x0000, 0x0000, 0x0000, 0x0000, 0x0000, 0x0000, 0x0000, 0x0000, 0x0000, 0x0000,
  0x0000, 0x0000, 0x0000, 0x0000, 0x0000, 0x0000, 0x0000, 0x0000, 0x0000, 0x0000, 0x0000, 0x0000,
  0x0000, 0x0000, 0x0000, 0x0000, 0x0000, 0x0000, 0x0000, 0x0000, 0x0000, 0x0000, 0x0000, 0x0000,
  0x0000, 0x0000, 0x0000, 0x0000, 0x0000, 0x0000, 0x0000, 0x0000, 0x0000, 0x0000, 0x0000, 0x0000,
  0x0000, 0x0000, 0x0000, 0x0000, 0x0000, 0x0000, 0x0000, 0x0000, 0x0000, 0x0000, 0x0000, 0x0000,
  0x0000, 0x0000, 0x0000, 0x0000, 0x0000, 0x0000, 0x0000, 0x0000, 0x0000, 0x0000, 0x0000, 0x0000,
  0x0000, 0x0000, 0x0000, 0x0000, 0x0000, 0x0000, 0x0000, 0x0000, 0x0000, 0x0000, 0x0000, 0x0000,
  0x0000, 0x0000, 0x0000, 0x0000, 0x0000, 0x0000, 0x0000, 0x0000, 0x0000, 0x0000, 0x0000, 0x0000,
  0x0000, 0x0000, 0x0000, 0x0000, 0x0000, 0x0000, 0x0000, 0x0000, 0x0000, 0x0000, 0x0000, 0x0000,
  0x0000, 0x0000, 0x0000, 0x0000, 0x0000, 0x0000, 0x0000, 0x0000, 0x0000, 0x0000, 0x0000, 0x0000,
  0x0000, 0x0000, 0x0000, 0x0000, 0x0000, 0x0000, 0x0000, 0x0000, 0x0000, 0x0000, 0x0000, 0x0000,
  0x0000, 0x0000, 0x0000, 0x0000, 0x0000, 0x0000, 0x0000, 0x0000, 0x0000, 0x0000, 0x0000, 0x0000,
  0x0000, 0x0000, 0x0000, 0x0000, 0x0000, 0x0000, 0x0000, 0x0000, 0x0000, 0x0000, 0x0000, 0x0000,
  0x0000, 0x0000, 0x0000, 0x0000, 0x0000, 0x0000, 0x0000, 0x0000, 0x0000, 0x0000, 0x0000, 0x0000,
  0x0000, 0x0000, 0x0000, 0x0000, 0x0000, 0x0000, 0x0000, 0x0000, 0x0000, 0x0000, 0x0000, 0x0000,
  0x0000, 0x0000, 0x0000, 0x0000, 0x0000, 0x0000, 0x0000, 0x0000, 0x0000, 0x0000, 0x0000, 0x0000,
  0x0000, 0x0000, 0x0000, 0x0000, 0x0000, 0x0000, 0x0000, 0x0000, 0x0000, 0x0000, 0x0000, 0x0000,
  0x0000, 0x0000, 0x0000, 0x0000, 0x0000, 0x0000, 0x0000, 0x0000, 0x0000, 0x0000, 0x0000, 0x0000,
  0x0000, 0x0000, 0x0000, 0x0000, 0x0000, 0x0000, 0x0000, 0x0000, 0x0000, 0x0000, 0x0000, 0x0000,
  0x0000, 0x0000, 0x0000, 0x0000, 0x0000, 0x0000, 0x0000, 0x0000, 0x0000, 0x0000, 0x0000, 0x0000,
  0x0000, 0x0000, 0x0000, 0x0000, 0x0000, 0x0000, 0x0000, 0x0000, 0x0000, 0x0000, 0x0000, 0x0000,
  0x0000, 0x0000, 0x0000, 0x0000, 0x0000, 0x0000, 0x0000, 0x0000, 0x0000, 0x0000, 0x0000, 0x0000,
  0x0000, 0x0000, 0x0000, 0x0000, 0x0000, 0x0000, 0x0000, 0x0000, 0x0000, 0x0000, 0x0000, 0x0000,
  0x0000, 0x0000, 0x0000, 0x0000, 0x0000, 0x0000, 0x0000, 0x0000, 0x0000, 0x0000, 0x0000, 0x0000,
  0x0000, 0x0000, 0x0000, 0x0000, 0x0000, 0x0000, 0x0000, 0x0000, 0x0000, 0x0000, 0x0000, 0x0000,
  0x0000, 0x0000, 0x0000, 0x0000, 0x0000, 0x0000, 0x0000, 0x0000, 0x0000, 0x0000, 0x0000, 0x0000,
  0x0000, 0x0000, 0x0000, 0x0000, 0x0000, 0x0000, 0x0000, 0x0000, 0x0000, 0x0000, 0x0000, 0x0000,
  0x0000, 0x0000, 0x0000, 0x0000, 0x0000, 0x0000, 0x0000, 0x0000, 0x0000, 0x0000, 0x0000, 0x0000,
  0x0000, 0x0000, 0x0000, 0x0000, 0x0000, 0x0000, 0x0000, 0x0000, 0x0000, 0x0000, 0x0000, 0x0000,
  0x0000, 0x0000, 0x0000, 0x0000, 0x0000, 0x0000, 0x0000, 0x0000, 0x0000, 0x0000, 0x0000, 0x0000,
  0x0000, 0x0000, 0x0000, 0x0000, 0x0000, 0x0000, 0x0000, 0x0000, 0x0000, 0x0000, 0x0000, 0x0000,
  0x0000, 0x0000, 0x0000, 0x0000, 0x0000, 0x0000, 0x0000, 0x0000, 0x0000, 0x0000, 0x0000, 0x0000,
  0x0000, 0x0000, 0x0000, 0x0000, 0x0000, 0x0000, 0x0000, 0x0000, 0x0000, 0x0000, 0x0000, 0x0000,
  0x0000, 0x0000, 0x0000, 0x0000, 0x0000, 0x0000, 0x0000, 0x0000, 0x0000, 0x0000, 0x0000, 0x0000,
  0x0000, 0x0000, 0x0000, 0x0000, 0x0000, 0x0000, 0x0000, 0x0000, 0x0000, 0x0000, 0x0000, 0x0000,
  0x0000, 0x0000, 0x0000, 0x0000, 0x0000, 0x0000, 0x0000, 0x0000, 0x0000, 0x0000, 0x0000, 0x0000,
  0x0000, 0x0000, 0x0000, 0x0000, 0x0000, 0x0000, 0x0000, 0x0000, 0x0000, 0x0000, 0x0000, 0x0000,
  0x0000, 0x0000, 0x0000, 0x0000, 0x0000, 0x0000, 0x0000, 0x0000, 0x0000, 0x0000, 0x0000, 0x0000,
  0x0000, 0x0000, 0x0000, 0x0000, 0x0000, 0x0000, 0x0000, 0x0000, 0x0000, 0x0000, 0x0000, 0x0000,
  0x0000, 0x0000, 0x0000, 0x0000, 0x0000, 0x0000, 0x0000, 0x0000, 0x0000, 0x0000, 0x0000, 0x0000,
  0x0000, 0x0000, 0x0000, 0x0000, 0x0000, 0x0000, 0x0000, 0x0000, 0x0000, 0x0000, 0x0000, 0x0000,
  0x0000, 0x0000, 0x0000, 0x0000, 0x0000, 0x0000, 0x0000, 0x0000, 0x0000, 0x0000, 0x0000, 0x0000,
  0x0000, 0x0000, 0x0000, 0x0000, 0x0000, 0x0000, 0x0000, 0x0000, 0x0000, 0x0000, 0x0000, 0x0000,
  0x0000, 0x0000, 0x0000, 0x0000, 0x0000, 0x0000, 0x0000, 0x0000, 0x0000, 0x0000, 0x0000, 0x0000,
  0x0000, 0x0000, 0x0000, 0x0000, 0x0000, 0x0000, 0x0000, 0x0000, 0x0000, 0x0000, 0x0000, 0x0000,
  0x0000, 0x0000, 0x0000, 0x0000, 0x0000, 0x0000, 0x0000, 0x0000, 0x0000, 0x0000, 0x0000, 0x0000,
  0x0000, 0x0000, 0x0000, 0x0000, 0x0000, 0x0000, 0x0000, 0x0000, 0x0000, 0x0000, 0x0000, 0x0000,
  0x0000, 0x0000, 0x0000, 0x0000, 0x0000, 0x0000, 0x0000, 0x0000, 0x0000, 0x0000, 0x0000, 0x0000,
  0x0000, 0x0000, 0x0000, 0x0000, 0x0000, 0x0000, 0x0000, 0x0000, 0x0000, 0x0000, 0x0000, 0x0000,
  0x0000, 0x0000, 0x0000, 0x0000, 0x0000, 0x0000, 0x0000, 0x0000, 0x0000, 0x0000, 0x0000, 0x0000,
  0x0000, 0x0000, 0x0000, 0x0000, 0x0000, 0x0000, 0x0000, 0x0000, 0x0000, 0x0000, 0x0000, 0x0000,
  0x0000, 0x0000, 0x0000, 0x0000, 0x0000, 0x0000, 0x0000, 0x0000, 0x0000, 0x0000, 0x0000, 0x0000,
  0x0000, 0x0000, 0x0000, 0x0000, 0x0000, 0x0000, 0x0000, 0x0000, 0x0000, 0x0000, 0x0000, 0x0000,
  0x0000, 0x0000, 0x0000, 0x0000, 0x0000, 0x0000, 0x0000, 0x0000, 0x0000, 0x0000, 0x0000, 0x0000,
  0x0000, 0x0000, 0x0000, 0x0000, 0x0000, 0x0000, 0x0000, 0x0000, 0x0000, 0x0000, 0x0000, 0x0000,
  0x0000, 0x0000, 0x0000, 0x0000, 0x0000, 0x0000, 0x0000, 0x0000, 0x0000, 0x0000, 0x0000, 0x0000,
  0x0000, 0x0000, 0x0000, 0x0000, 0x0000, 0x0000, 0x0000, 0x0000, 0x0000, 0x0000, 0x0000, 0x0000,
  0x0000, 0x0000, 0x0000, 0x0000, 0x0000, 0x0000, 0x0000, 0x0000, 0x0000, 0x0000, 0x0000, 0x0000,
  0x0000, 0x0000, 0x0000, 0x0000, 0x0000, 0x0000, 0x0000, 0x0000, 0x0000, 0x0000, 0x0000, 0x0000,
  0x0000, 0x0000, 0x0000, 0x0000, 0x0000, 0x0000, 0x0000, 0x0000, 0x0000, 0x0000, 0x0000, 0x0000,
  0x0000, 0x0000, 0x0000, 0x0000, 0x0000, 0x0000, 0x0000, 0x0000, 0x0000, 0x0000, 0x0000, 0x0000,
  0x0000, 0x0000, 0x0000, 0x0000, 0x0000, 0x0000, 0x0000, 0x0000, 0x0000, 0x0000, 0x0000, 0x0000,
  0x0000, 0x0000, 0x0000, 0x0000, 0x0000, 0x0000, 0x0000, 0x0000, 0x0000, 0x0000, 0x0000, 0x0000,
  0x0000, 0x0000, 0x0000, 0x0000, 0x0000, 0x0000, 0x0000, 0x0000, 0x0000, 0x0000, 0x0000, 0x0000,
  0x0000, 0x0000, 0x0000, 0x0000, 0x0000, 0x0000, 0x0000, 0x0000, 0x0000, 0x0000, 0x0000, 0x0000,
  0x0000, 0x0000, 0x0000, 0x0000, 0x0000, 0x0000, 0x0000, 0x0000, 0x0000, 0x0000, 0x0000, 0x0000,
  0x0000, 0x0000, 0x0000, 0x0000, 0x0000, 0x0000, 0x0000, 0x0000, 0x0000, 0x0000, 0x0000, 0x0000,
  0x0000, 0x0000, 0x0000, 0x0000, 0x0000, 0x0000, 0x0000, 0x0000, 0x0000, 0x0000, 0x0000, 0x0000,
  0x0000, 0x0000, 0x0000, 0x0000, 0x0000, 0x0000, 0x0000, 0x0000, 0x0000, 0x0000, 0x0000, 0x0000,
  0x0000, 0x0000, 0x0000, 0x0000, 0x0000, 0x0000, 0x0000, 0x0000, 0x0000, 0x0000, 0x0000, 0x0000,
  0x0000, 0x0000, 0x0000, 0x0000, 0x0000, 0x0000, 0x0000, 0x0000, 0x0000, 0x0000, 0x0000, 0x0000,
  0x0000, 0x0000, 0x0000, 0x0000, 0x0000, 0x0000, 0x0000, 0x0000, 0x0000, 0x0000, 0x0000, 0x0000,
  0x0000, 0x0000, 0x0000, 0x0000, 0x0000, 0x0000, 0x0000, 0x0000, 0x0000, 0x0000, 0x0000, 0x0000,
  0x0000, 0x0000, 0x0000, 0x0000, 0x0000, 0x0000, 0x0000, 0x0000, 0x0000, 0x0000, 0x0000, 0x0000,
  0x0000, 0x0000, 0x0000, 0x0000, 0x0000, 0x0000, 0x0000, 0x0000, 0x0000, 0x0000, 0x0000, 0x0000,
  0x0000, 0x0000, 0x0000, 0x0000, 0x0000, 0x0000, 0x0000, 0x0000, 0x0000, 0x0000, 0x0000, 0x0000,
  0x0000, 0x0000, 0x0000, 0x0000, 0x0000, 0x0000, 0x0000, 0x0000, 0x0000, 0x0000, 0x0000, 0x0000,
  0x0000, 0x0000, 0x0000, 0x0000, 0x0000, 0x0000, 0x0000, 0x0000, 0x0000, 0x0000, 0x0000, 0x0000,
  0x0000, 0x0000, 0x0000, 0x0000, 0x0000, 0x0000, 0x0000, 0x0000, 0x0000, 0x0000, 0x0000, 0x0000,
  0x0000, 0x0000, 0x0000, 0x0000, 0x0000, 0x0000, 0x0000, 0x0000, 0x0000, 0x0000, 0x0000, 0x0000,
  0x0000, 0x0000, 0x0000, 0x0000, 0x0000, 0x0000, 0x0000, 0x0000, 0x0000, 0x0000, 0x0000, 0x0000,
  0x0000, 0x0000, 0x0000, 0x0000, 0x0000, 0x0000, 0x0000, 0x0000, 0x0000, 0x0000, 0x0000, 0x0000,
  0x0000, 0x0000, 0x0000, 0x0000, 0x0000, 0x0000, 0x0000, 0x0000, 0x0000, 0x0000, 0x0000, 0x0000,
  0x0000, 0x0000, 0x0000, 0x0000, 0x0000, 0x0000, 0x0000, 0x0000, 0x0000, 0x0000, 0x0000, 0x0000,
  0x0000, 0x0000, 0x0000, 0x0000, 0x0000, 0x0000, 0x0000, 0x0000, 0x0000, 0x0000, 0x0000, 0x0000,
  0x0000, 0x0000, 0x0000, 0x0000, 0x0000, 0x0000, 0x0000, 0x0000, 0x0000, 0x0000, 0x0000, 0x0000,
  0x0000, 0x0000, 0x0000, 0x0000, 0x0000, 0x0000, 0x0000, 0x0000, 0x0000, 0x0000, 0x0000, 0x0000,
  0x0000, 0x0000, 0x0000, 0x0000, 0x0000, 0x0000, 0x0000, 0x0000, 0x0000, 0x0000, 0x0000, 0x0000,
  0x0000, 0x0000, 0x0000, 0x0000, 0x0000, 0x0000, 0x0000, 0x0000, 0x0000, 0x0000, 0x0000, 0x0000,
  0x0000, 0x0000, 0x0000, 0x0000, 0x0000, 0x0000, 0x0000, 0x0000, 0x0000, 0x0000, 0x0000, 0x0000,
  0x0000, 0x0000, 0x0000, 0x0000, 0x0000, 0x0000, 0x0000, 0x0000, 0x0000, 0x0000, 0x0000, 0x0000,
  0x0000, 0x0000, 0x0000, 0x0000, 0x0000, 0x0000, 0x0000, 0x0000, 0x0000, 0x0000, 0x0000, 0x0000,
  0x0000, 0x0000, 0x0000, 0x0000, 0x0000, 0x0000, 0x0000, 0x0000, 0x0000, 0x0000, 0x0000, 0x0000,
  0x0000, 0x0000, 0x0000, 0x0000, 0x0000, 0x0000, 0x0000, 0x0000, 0x0000, 0x0000, 0x0000, 0x0000,
  0x0000, 0x0000, 0x0000, 0x0000, 0x0000, 0x0000, 0x0000, 0x0000, 0x0000, 0x0000, 0x0000, 0x0000,
  0x0000, 0x0000, 0x0000, 0x0000, 0x0000, 0x0000, 0x0000, 0x0000, 0x0000, 0x0000, 0x0000, 0x0000,
  0x0000, 0x0000, 0x0000, 0x0000, 0x0000, 0x0000, 0x0000, 0x0000, 0x0000, 0x0000, 0x0000, 0x0000,
  0x0000, 0x0000, 0x0000, 0x0000, 0x0000, 0x0000, 0x0000, 0x0000, 0x0000, 0x0000, 0x0000, 0x0000,
  0x0000, 0x0000, 0x0000, 0x0000, 0x0000, 0x0000, 0x0000, 0x0000, 0x0000, 0x0000, 0x0000, 0x0000,
  0x0000, 0x0000, 0x0000, 0x0000, 0x0000, 0x0000, 0x0000, 0x0000, 0x0000, 0x0000, 0x0000, 0x0000,
  0x0000, 0x0000, 0x0000, 0x0000, 0x0000, 0x0000, 0x0000, 0x0000, 0x0000, 0x0000, 0x0000, 0x0000,
  0x0000, 0x0000, 0x0000, 0x0000, 0x0000, 0x0000, 0x0000, 0x0000, 0x0000, 0x0000, 0x0000, 0x0000,
  0x0000, 0x0000, 0x0000, 0x0000, 0x0000, 0x0000, 0x0000, 0x0000, 0x0000, 0x0000, 0x0000, 0x0000,
  0x0000, 0x0000, 0x0000, 0x0000, 0x0000, 0x0000, 0x0000, 0x0000, 0x0000, 0x0000, 0x0000, 0x0000,
  0x0000, 0x0000, 0x0000, 0x0000, 0x0000, 0x0000, 0x0000, 0x0000, 0x0000, 0x0000, 0x0000, 0x0000,
  0x0000, 0x0000, 0x0000, 0x0000, 0x0000, 0x0000, 0x0000, 0x0000, 0x0000, 0x0000, 0x0000, 0x0000,
  0x0000, 0x0000, 0x0000, 0x0000, 0x0000, 0x0000, 0x0000, 0x0000, 0x0000, 0x0000, 0x0000, 0x0000,
  0x0000, 0x0000, 0x0000, 0x0000, 0x0000, 0x0000, 0x0000, 0x0000, 0x0000, 0x0000, 0x0000, 0x0000,
  0x0000, 0x0000, 0x0000, 0x0000, 0x0000, 0x0000, 0x0000, 0x0000, 0x0000, 0x0000, 0x0000, 0x0000,
};
